{"val_loss":2.302794474825036,"val_acc":0.09233333333333334,"_timestamp":1.741460253490667e+09,"_runtime":90.7396148,"_step":10,"_wandb":{"runtime":90},"epoch":9}