{"_step":10,"epoch":9,"_wandb":{"runtime":71},"val_loss":2.302730140446783,"val_acc":0.09233333333333334,"_timestamp":1.7414597406200533e+09,"_runtime":71.2828748}