{"val_loss":1.0429918041999333,"biases/layer_4":{"_type":"histogram","values":[1,0,1,0,0,1,1,0,0,0,0,0,1,1,1,1,1,0,1,0,0,0,0,1,3,0,1,0,0,4,0,0,2,0,0,0,0,0,0,1,0,3,2,1,1,0,1,0,0,0,0,0,0,0,0,0,1,0,0,0,0,0,0,1],"bins":[-0.5595469368054701,-0.5412497898559538,-0.5229526429064375,-0.5046554959569213,-0.48635834900740493,-0.46806120205788865,-0.44976405510837236,-0.43146690815885613,-0.4131697612093398,-0.39487261425982356,-0.3765754673103072,-0.358278320360791,-0.3399811734112747,-0.3216840264617584,-0.30338687951224214,-0.28508973256272585,-0.26679258561320957,-0.24849543866369328,-0.230198291714177,-0.2119011447646607,-0.19360399781514442,-0.17530685086562814,-0.15700970391611185,-0.13871255696659557,-0.12041541001707934,-0.10211826306756305,-0.08382111611804677,-0.06552396916853048,-0.0472268222190142,-0.028929675269497857,-0.010632528319981627,0.007664618629534714,0.025961765579050944,0.044258912528567174,0.06255605947808351,0.08085320642759974,0.09915035337711608,0.11744750032663231,0.13574464727614866,0.15404179422566489,0.17233894117518123,0.19063608812469746,0.2089332350742138,0.22723038202373003,0.24552752897324637,0.2638246759227626,0.28212182287227894,0.30041896982179517,0.3187161167713114,0.33701326372082774,0.35531041067034397,0.3736075576198603,0.39190470456937654,0.4102018515188929,0.4284989984684091,0.44679614541792534,0.4650932923674417,0.483390439316958,0.5016875862664744,0.5199847332159905,0.5382818801655068,0.5565790271150232,0.5748761740645395,0.5931733210140556,0.611470467963572]},"_timestamp":1.7415263031900568e+09,"weights/layer_2":{"values":[2,2,4,5,4,2,11,9,10,9,7,20,28,16,22,26,25,24,26,22,23,19,15,22,31,17,20,15,15,14,9,20,16,9,6,14,12,15,13,24,35,18,19,28,31,29,18,30,24,23,26,35,24,12,4,9,13,6,3,5,11,8,3,7],"bins":[-1.651301088114375,-1.5997389374966902,-1.5481767868790053,-1.4966146362613204,-1.4450524856436355,-1.3934903350259507,-1.3419281844082658,-1.290366033790581,-1.238803883172896,-1.1872417325552111,-1.1356795819375263,-1.0841174313198416,-1.0325552807021565,-0.9809931300844718,-0.9294309794667869,-0.877868828849102,-0.8263066782314171,-0.7747445276137322,-0.7231823769960474,-0.6716202263783625,-0.6200580757606777,-0.5684959251429929,-0.516933774525308,-0.4653716239076231,-0.4138094732899382,-0.36224732267225335,-0.31068517205456847,-0.2591230214368836,-0.20756087081919872,-0.15599872020151384,-0.10443656958382896,-0.05287441896614409,-0.0013122683484592113,0.050249882269225665,0.10181203288691054,0.15337418350459542,0.2049363341222803,0.25649848473996517,0.30806063535765005,0.3596227859753349,0.4111849365930196,0.4627470872107047,0.5143092378283893,0.5658713884460744,0.6174335390637591,0.6689956896814442,0.7205578402991288,0.7721199909168139,0.8236821415344986,0.8752442921521837,0.9268064427698683,0.9783685933875534,1.029930744005238,1.0814928946229232,1.1330550452406078,1.184617195858293,1.2361793464759776,1.2877414970936627,1.3393036477113474,1.3908657983290325,1.442427948946717,1.4939900995644022,1.5455522501820869,1.597114400799772,1.6486765514174566],"_type":"histogram"},"_step":17,"weights/layer_5":{"bins":[-0.9728337809948234,-0.9458641866256015,-0.9188945922563795,-0.8919249978871575,-0.8649554035179355,-0.8379858091487136,-0.8110162147794915,-0.7840466204102696,-0.7570770260410475,-0.7301074316718257,-0.7031378373026036,-0.6761682429333817,-0.6491986485641597,-0.6222290541949377,-0.5952594598257157,-0.5682898654564937,-0.5413202710872718,-0.5143506767180498,-0.4873810823488278,-0.46041148797960585,-0.4334418936103839,-0.4064722992411619,-0.37950270487193993,-0.35253311050271796,-0.3255635161334959,-0.2985939217642739,-0.27162432739505193,-0.24465473302582996,-0.217685138656608,-0.19071554428738602,-0.16374594991816405,-0.13677635554894207,-0.1098067611797201,-0.08283716681049813,-0.05586757244127616,-0.028897978072054187,-0.0019283837028322148,0.025041210666389757,0.05201080503561173,0.07898039940483381,0.10594999377405567,0.13291958814327776,0.15988918251249962,0.1868587768817217,0.21382837125094356,0.24079796562016564,0.2677675599893875,0.2947371543586096,0.32170674872783167,0.34867634309705353,0.3756459374662756,0.4026155318354975,0.42958512620471956,0.4565547205739414,0.4835243149431635,0.5104939093123854,0.5374635036816074,0.5644330980508293,0.5914026924200514,0.6183722867892733,0.6453418811584953,0.6723114755277172,0.6992810698969393,0.7262506642661611,0.7532202586353831],"_type":"histogram","values":[1,0,0,0,0,1,0,0,0,1,0,1,0,0,1,1,1,0,1,1,1,4,3,9,11,8,9,10,7,16,9,14,13,16,4,14,16,11,13,9,5,16,18,10,11,11,11,8,5,3,3,1,4,1,0,2,1,1,2,0,0,0,0,1]},"biases/layer_1":{"bins":[-0.5174795172208811,-0.5029293589716356,-0.48837920072238994,-0.4738290424731444,-0.4592788842238988,-0.4447287259746532,-0.4301785677254076,-0.415628409476162,-0.4010782512269164,-0.3865280929776708,-0.3719779347284252,-0.35742777647917967,-0.342877618229934,-0.32832745998068846,-0.31377730173144286,-0.29922714348219726,-0.2846769852329517,-0.27012682698370605,-0.2555766687344605,-0.2410265104852149,-0.2264763522359693,-0.21192619398672374,-0.19737603573747814,-0.18282587748823254,-0.16827571923898693,-0.15372556098974133,-0.13917540274049578,-0.12462524449125018,-0.11007508624200457,-0.09552492799275897,-0.08097476974351342,-0.06642461149426782,-0.05187445324502221,-0.03732429499577661,-0.022774136746531004,-0.0082239784972854,0.006326179751960148,0.020876338001205696,0.035426496250451356,0.049976654499696904,0.06452681274894256,0.07907697099818811,0.09362712924743366,0.10817728749667932,0.12272744574592487,0.13727760399517053,0.15182776224441608,0.16637792049366162,0.18092807874290728,0.19547823699215283,0.2100283952413985,0.22457855349064404,0.2391287117398896,0.25367886998913525,0.2682290282383808,0.28277918648762634,0.297329344736872,0.31187950298611755,0.3264296612353632,0.34097981948460876,0.3555299777338543,0.37008013598309997,0.3846302942323455,0.3991804524815912,0.4137306107308367],"_type":"histogram","values":[1,0,0,0,0,0,0,1,1,0,0,0,0,0,0,0,0,1,0,0,0,1,2,1,0,0,2,2,0,2,1,1,2,1,1,1,0,1,3,1,1,1,0,0,0,0,1,0,0,0,0,1,0,0,1,0,0,0,0,0,0,0,0,1]},"biases/layer_3":{"_type":"histogram","values":[1,0,0,0,1,0,1,1,0,1,0,0,0,0,1,0,3,0,0,0,0,0,1,0,0,0,0,1,0,1,0,1,1,0,0,0,1,3,0,1,2,2,1,0,0,1,0,0,1,0,0,2,1,0,0,1,0,0,1,0,0,0,0,1],"bins":[-0.4651512682153481,-0.4503954794682172,-0.43563969072108627,-0.42088390197395537,-0.4061281132268245,-0.3913723244796936,-0.3766165357325627,-0.3618607469854318,-0.3471049582383009,-0.33234916949117,-0.3175933807440391,-0.3028375919969082,-0.2880818032497773,-0.2733260145026464,-0.2585702257555155,-0.24381443700838462,-0.22905864826125372,-0.2143028595141228,-0.1995470707669919,-0.184791282019861,-0.1700354932727301,-0.15527970452559925,-0.14052391577846834,-0.12576812703133744,-0.11101233828420654,-0.09625654953707563,-0.08150076078994473,-0.06674497204281382,-0.05198918329568297,-0.03723339454855207,-0.022477605801421163,-0.007721817054290259,0.007033971692840646,0.02178976043997155,0.036545549187102455,0.05130133793423336,0.06605712668136426,0.08081291542849517,0.09556870417562607,0.11032449292275698,0.12508028166988788,0.13983607041701868,0.15459185916414958,0.16934764791128049,0.1841034366584114,0.1988592254055423,0.2136150141526732,0.2283708028998041,0.243126591646935,0.2578823803940659,0.2726381691411968,0.2873939578883277,0.3021497466354586,0.31690553538258953,0.33166132412972044,0.34641711287685134,0.36117290162398213,0.37592869037111304,0.39068447911824394,0.40544026786537485,0.42019605661250575,0.43495184535963666,0.44970763410676756,0.46446342285389847,0.4792192116010294]},"val_acc":0.5851666666666666,"weights/layer_3":{"values":[2,1,2,1,1,4,5,10,11,17,9,13,9,12,13,16,17,16,8,18,34,12,12,9,6,11,11,62,42,39,40,29,12,27,15,49,48,50,32,13,13,7,17,15,16,20,9,14,19,15,21,14,22,21,7,16,20,9,5,3,0,1,1,1],