{"val_loss":0.6169145936030256,"val_acc":0.7776666666666666,"_timestamp":1.7414604342379348e+09,"_runtime":85.7251433,"_step":10,"_wandb":{"runtime":85},"epoch":9}