{"_wandb":{"runtime":55},"val_loss":0.7053343226725968,"val_acc":0.7388333333333333,"_timestamp":1.7414614606527777e+09,"_runtime":55.8956386,"_step":10,"epoch":9}