{"learning_rate":0.001,"train_acc":0.10183333333333333,"weights/layer_2":{"bins":[-0.034355974473481196,-0.033271806261899614,-0.03218763805031803,-0.031103469838736453,-0.03001930162715487,-0.02893513341557329,-0.02785096520399171,-0.02676679699241013,-0.025682628780828547,-0.024598460569246965,-0.023514292357665383,-0.022430124146083804,-0.021345955934502222,-0.02026178772292064,-0.01917761951133906,-0.01809345129975748,-0.017009283088175897,-0.015925114876594315,-0.014840946665012733,-0.013756778453431154,-0.012672610241849572,-0.01158844203026799,-0.010504273818686412,-0.00942010560710483,-0.008335937395523248,-0.007251769183941666,-0.006167600972360084,-0.005083432760778505,-0.003999264549196923,-0.0029150963376153444,-0.0018309281260337623,-0.0007467599144521803,0.0003374082971294018,0.0014215765087109838,0.002505744720292566,0.003589912931874148,0.00467408114345573,0.005758249355037305,0.006842417566618887,0.00792658577820047,0.009010753989782051,0.010094922201363633,0.011179090412945215,0.012263258624526797,0.013347426836108373,0.014431595047689955,0.015515763259271537,0.01659993147085312,0.0176840996824347,0.018768267894016283,0.019852436105597865,0.020936604317179447,0.02202077252876103,0.023104940740342604,0.024189108951924186,0.025273277163505768,0.02635744537508735,0.027441613586668932,0.028525781798250507,0.02960995000983209,0.03069411822141367,0.031778286432995254,0.032862454644576836,0.03394662285615842,0.03503079106774001],"_type":"histogram","values":[1,1,0,0,1,0,1,2,3,2,5,5,6,4,4,12,11,15,13,26,19,20,26,26,38,33,39,45,40,44,47,62,44,37,47,45,33,30,34,19,21,34,23,20,10,14,14,11,7,3,8,3,6,1,2,0,2,2,1,0,1,0,0,1]},"_timestamp":1.7415260219164083e+09,"epoch":5,"val_acc":0.10183333333333333,"train_loss":2.302696852069666,"weights/layer_0":{"_type":"histogram","values":[1,3,6,10,10,16,26,27,33,48,70,101,106,148,194,212,311,326,391,489,592,655,707,798,844,906,965,1085,1103,1177,1192,1184,1098,1112,1084,992,918,880,817,694,629,549,457,413,371,287,227,180,160,129,90,70,54,33,35,21,16,10,10,6,4,2,2,2],"bins":[-0.03593993324049629,-0.034780231753764206,-0.033620530267032114,-0.03246082878030003,-0.031301127293567946,-0.030141425806835858,-0.02898172432010377,-0.027822022833371686,-0.026662321346639598,-0.02550261985990751,-0.024342918373175426,-0.02318321688644334,-0.02202351539971125,-0.020863813912979166,-0.01970411242624708,-0.018544410939514994,-0.017384709452782907,-0.01622500796605082,-0.015065306479318735,-0.013905604992586647,-0.012745903505854562,-0.011586202019122475,-0.010426500532390387,-0.009266799045658303,-0.008107097558926215,-0.006947396072194127,-0.005787694585462043,-0.004627993098729959,-0.0034682916119978674,-0.002308590125265783,-0.0011488886385336988,1.08128481983924e-05,0.0011705143349304767,0.002330215821662561,0.003489917308394652,0.0046496187951267365,0.005809320281858821,0.006969021768590912,0.008128723255322996,0.00928842474205508,0.010448126228787165,0.011607827715519256,0.01276752920225134,0.013927230688983425,0.015086932175715516,0.0162466336624476,0.017406335149179684,0.018566036635911776,0.01972573812264386,0.020885439609375944,0.022045141096108035,0.02320484258284012,0.024364544069572204,0.025524245556304295,0.026683947043036373,0.02784364852976847,0.029003350016500555,0.03016305150323264,0.031322752989964724,0.03248245447669681,0.03364215596342889,0.03480185745016099,0.035961558936893075,0.03712126042362516,0.03828096191035725]},"weights/layer_1":{"bins":[-0.03181556655646703,-0.030828934036718787,-0.029842301516970548,-0.028855668997222306,-0.027869036477474067,-0.026882403957725825,-0.025895771437977583,-0.024909138918229344,-0.023922506398481105,-0.022935873878732863,-0.02194924135898462,-0.020962608839236382,-0.01997597631948814,-0.018989343799739898,-0.01800271127999166,-0.01701607876024342,-0.01602944624049518,-0.015042813720746936,-0.014056181200998698,-0.013069548681250456,-0.012082916161502217,-0.011096283641753975,-0.010109651122005736,-0.009123018602257494,-0.008136386082509252,-0.007149753562761013,-0.006163121043012771,-0.005176488523264532,-0.00418985600351629,-0.0032032234837680515,-0.0022165909640198093,-0.0012299584442715707,-0.00024332592452332852,0.0007433065952249102,0.0017299391149731558,0.0027165716347213945,0.003703204154469633,0.004689836674217872,0.005676469193966117,0.006663101713714356,0.007649734233462595,0.00863636675321084,0.009622999272959079,0.010609631792707318,0.011596264312455556,0.012582896832203802,0.01356952935195204,0.01455616187170028,0.015542794391448525,0.016529426911196764,0.017516059430945002,0.01850269195069324,0.019489324470441487,0.020475956990189725,0.021462589509937964,0.022449222029686203,0.02343585454943445,0.024422487069182687,0.025409119588930926,0.02639575210867917,0.02738238462842741,0.02836901714817565,0.029355649667923887,0.030342282187672133,0.03132891470742037],"_type":"histogram","values":[2,0,1,2,0,0,3,2,2,1,3,7,6,6,9,6,7,10,13,11,14,19,30,35,26,33,30,43,40,39,40,50,51,37,52,42,41,28,33,31,24,22,24,18,24,16,13,16,15,6,4,5,8,1,3,7,3,4,0,0,1,2,2,1]},"confusion_matrix_table":{"_type":"table-file","sha256":"092281ae5df4c4312bf26c01ad1d2041b373d2707e2425c2ce9e11621c5582cf","size":3002,"artifact_path":"wandb-client-artifact://5d5fifree2wj0p0v48yvmcouog9f9je6jrv59qsytjhtw71x19t65kbdamp86efukobl48p5vnne9fzgwye5g5x94612byo0vwkux06llnqfx8nl66htiihts98gnnfx/confusion_matrix_table.table.json","_latest_artifact_path":"wandb-client-artifact://y80ce2l6h1j0rpe36bogt6t59xm7cjgetkpj6hp7xyt9hqzfencbgjjshxq6bbpqvo5b9zu9n8mryd38ou6suat8cnxcdj3b4v1ghbte4v1ja8d2qjn4kjf9m01hik6l:latest/confusion_matrix_table.table.json","path":"media/table/confusion_matrix_table_9_092281ae5df4c4312bf2.table.json","ncols":3,"nrows":100},"sample_predictions":{"count":10,"filenames":["media/images/sample_predictions_10_606215d87f87b2f00799.png","media/images/sample_predictions_10_80c07028ea3856542be4.png","media/images/sample_predictions_10_9cf40359a3dec85636e5.png","media/images/sample_predictions_10_ce5b739914bcd72b66df.png","media/images/sample_predictions_10_07a347c11e27a0aa79ca.png","media/images/sample_predictions_10_d99b4985df3c791d3f16.png","media/images/sample_predictions_10_379b818d067226d80795.png","media/images/sample_predictions_10_1fed2768e0601d187e72.png","media/images/sample_predictions_10_736760c82067caaa8fe3.png","media/images/sample_predictions_10_26363bd2a04602ee6a04.png"],"captions":["True: 1, Pred: 8","True: 5, Pred: 8","True: 2, Pred: 8","True: 3, Pred: 8","True: 9, Pred: 8","True: 0, Pred: 8","True: 9, Pred: 8","True: 0, Pred: 8","True: 1, Pred: 8","True: 8, Pred: 8"],"_type":"images/separated","width":28,"height":28,"format":"png"},"_wandb":{"runtime":9},"_step":10,"biases/layer_3":{"values":[1,0,0,0,0,0,0,0,0,0,0,0,0,1,1,1,0,0,0,0,0,0,0,0,0,0,0,0,1,0,0,0,0,0,0,0,0,0,0,0,0,1,0,0,0,0,0,1,0,0,0,0,0,0,1,0,0,0,0,0,0,0,1,1],