{"biases/layer_2":{"values":[2,1,6,4,10,5,3,6,3,2,1,1,2,6,3,0,2,0,2,5,2,1,0,1,1,3,2,3,7,3,2,2,0,0,0,0,0,0,1,0,0,0,0,2,2,2,1,4,3,5,2,5,1,1,0,0,3,0,0,2,2,0,0,1],"bins":[-0.1826796189571555,-0.1778307904728698,-0.17298196198858404,-0.16813313350429832,-0.16328430502001257,-0.15843547653572684,-0.1535866480514411,-0.14873781956715537,-0.14388899108286962,-0.1390401625985839,-0.13419133411429818,-0.12934250563001243,-0.1244936771457267,-0.11964484866144097,-0.11479602017715523,-0.1099471916928695,-0.10509836320858376,-0.10024953472429803,-0.09540070624001229,-0.09055187775572655,-0.08570304927144082,-0.0808542207871551,-0.07600539230286936,-0.07115656381858362,-0.06630773533429789,-0.06145890685001215,-0.05661007836572643,-0.05176124988144068,-0.04691242139715496,-0.04206359291286921,-0.037214764428583486,-0.032365935944297736,-0.027517107460012014,-0.02266827897572629,-0.01781945049144054,-0.01297062200715482,-0.00812179352286907,-0.0032729650385833475,0.0015758634457024023,0.0064246919299881244,0.011273520414273874,0.016122348898559596,0.02097117738284532,0.02582000586713107,0.03066883435141679,0.03551766283570254,0.04036649131998826,0.04521531980427401,0.050064148288559734,0.054912976772845457,0.059761805257131206,0.06461063374141693,0.06945946222570265,0.0743082907099884,0.07915711919427415,0.0840059476785599,0.0888547761628456,0.09370360464713134,0.0985524331314171,0.10340126161570279,0.10825009009998854,0.11309891858427429,0.11794774706856004,0.12279657555284573,0.12764540403713148],"_type":"histogram"},"biases/layer_3":{"values":[1,0,0,0,1,0,0,0,1,1,3,0,0,1,0,3,0,1,1,1,1,0,2,1,1,3,3,1,2,0,0,3,1,2,3,3,3,4,6,3,5,5,4,5,6,1,4,3,3,3,4,1,8,2,1,3,1,3,3,1,2,2,1,1],"bins":[-0.21433890054419158,-0.2073044437379857,-0.20026998693177986,-0.19323553012557398,-0.1862010733193681,-0.17916661651316224,-0.1721321597069564,-0.16509770290075051,-0.15806324609454464,-0.1510287892883388,-0.14399433248213292,-0.13695987567592705,-0.1299254188697212,-0.12289096206351531,-0.11585650525730945,-0.10882204845110358,-0.10178759164489772,-0.09475313483869185,-0.08771867803248598,-0.0806842212262801,-0.07364976442007426,-0.06661530761386839,-0.05958085080766251,-0.05254639400145664,-0.04551193719525079,-0.038477480389044916,-0.03144302358283904,-0.024408566776633195,-0.01737410997042732,-0.010339653164221446,-0.003305196358015572,0.0037292604481902747,0.010763717254396149,0.017798174060602023,0.02483263086680787,0.031867087673013744,0.03890154447921962,0.045936001285425465,0.05297045809163137,0.060004914897837214,0.06703937170404306,0.07407382851024896,0.08110828531645481,0.08814274212266066,0.09517719892886656,0.1022116557350724,0.1092461125412783,0.11628056934748415,0.12331502615369,0.1303494829598959,0.13738393976610175,0.1444183965723076,0.1514528533785135,0.15848731018471934,0.1655217669909252,0.1725562237971311,0.17959068060333694,0.18662513740954279,0.1936595942157487,0.20069405102195453,0.20772850782816044,0.21476296463436628,0.22179742144057213,0.22883187824677803,0.23586633505298388],"_type":"histogram"},"_timestamp":1.741532808201908e+09,"biases/layer_0":{"values":[2,0,0,0,0,2,2,2,0,2,1,1,4,1,1,1,1,0,1,1,3,2,1,8,1,8,5,2,1,2,4,2,5,6,4,3,2,3,8,2,2,2,5,4,2,2,3,2,4,2,0,0,1,0,0,0,0,1,0,1,1,0,0,2],"bins":[-0.5249698804537627,-0.5083235014018744,-0.4916771223499861,-0.4750307432980978,-0.45838436424620954,-0.4417379851943212,-0.4250916061424329,-0.40844522709054465,-0.39179884803865633,-0.375152468986768,-0.35850608993487976,-0.34185971088299144,-0.3252133318311031,-0.30856695277921486,-0.29192057372732655,-0.27527419467543823,-0.25862781562355,-0.24198143657166166,-0.2253350575197734,-0.20868867846788508,-0.19204229941599682,-0.1753959203641085,-0.1587495413122202,-0.14210316226033193,-0.1254567832084436,-0.1088104041565553,-0.09216402510466704,-0.07551764605277872,-0.058871267000890404,-0.04222488794900214,-0.025578508897113827,-0.008932129845225512,0.007714249206662749,0.02436062825855101,0.04100700731043938,0.05765338636232764,0.0742997654142159,0.09094614446610427,0.10759252351799253,0.1242389025698808,0.14088528162176905,0.15753166067365743,0.17417803972554569,0.19082441877743395,0.20747079782932232,0.22411717688121058,0.24076355593309884,0.2574099349849872,0.27405631403687547,0.29070269308876373,0.3073490721406521,0.32399545119254036,0.3406418302444286,0.357288209296317,0.37393458834820525,0.3905809674000935,0.4072273464519819,0.42387372550387015,0.4405201045557584,0.45716648360764667,0.47381286265953504,0.4904592417114234,0.5071056207633117,0.5237519998151999,0.5403983788670882],"_type":"histogram"},"biases/layer_4":{"bins":[-0.10363208838064707,-0.0968103472285972,-0.08998860607654734,-0.08316686492449747,-0.0763451237724476,-0.06952338262039774,-0.06270164146834788,-0.05587990031629801,-0.04905815916424815,-0.04223641801219828,-0.03541467686014842,-0.028592935708098552,-0.021771194556048687,-0.014949453403998822,-0.008127712251948957,-0.001305971099899092,0.005515770052150773,0.012337511204200638,0.019159252356250503,0.025980993508300368,0.03280273466035023,0.0396244758124001,0.04644621696444996,0.05326795811649983,0.06008969926854969,0.06691144042059956,0.07373318157264942,0.08055492272469929,0.08737666387674915,0.09419840502879902,0.10102014618084888,0.10784188733289875,0.11466362848494861,0.12148536963699848,0.12830711078904833,0.1351288519410982,0.14195059309314806,0.14877233424519792,0.1555940753972478,0.16241581654929765,0.16923755770134752,0.17605929885339738,0.18288104000544725,0.1897027811574971,0.19652452230954698,0.20334626346159684,0.2101680046136467,0.21698974576569657,0.22381148691774644,0.2306332280697963,0.23745496922184617,0.24427671037389603,0.2510984515259459,0.25792019267799576,0.26474193383004563,0.2715636749820955,0.27838541613414536,0.2852071572861952,0.2920288984382451,0.29885063959029495,0.3056723807423448,0.3124941218943947,0.31931586304644455,0.3261376041984944,0.3329593453505443],"_type":"histogram","values":[1,2,0,0,0,1,1,0,1,0,0,0,0,0,1,0,0,1,0,0,0,0,0,0,0,0,1,0,0,0,0,0,0,0,0,0,0,0,0,0,0,0,0,0,0,0,0,0,0,0,0,0,0,0,0,0,0,0,0,0,0,0,0,1]},"_wandb":{"runtime":69},"train_loss":0.37314432959610844,"weights/layer_1":{"values":[2,0,0,1,0,0,2,0,0,1,2,3,0,1,1,2,4,7,14,15,22,33,47,38,67,113,142,143,155,189,241,317,356,494,852,1200,1370,1418,1392,1207,1001,1056,955,719,589,634,494,265,227,139,128,72,60,40,34,44,29,12,9,6,8,2,4,6],"bins":[-1.3717189388294524,-1.3368383738056082,-1.3019578087817643,-1.26707724375792,-1.2321966787340761,-1.197316113710232,-1.162435548686388,-1.1275549836625438,-1.0926744186386999,-1.0577938536148557,-1.0229132885910115,-0.9880327235671675,-0.9531521585433234,-0.9182715935194794,-0.8833910284956352,-0.8485104634717912,-0.8136298984479471,-0.778749333424103,-0.743868768400259,-0.7089882033764149,-0.6741076383525708,-0.6392270733287266,-0.6043465083048826,-0.5694659432810385,-0.5345853782571944,-0.49970481323335036,-0.4648242482095063,-0.42994368318566223,-0.39506311816181805,-0.3601825531379741,-0.3253019881141299,-0.29042142309028596,-0.2555408580664418,-0.2206602930425976,-0.18577972801875364,-0.15089916299490946,-0.1160185979710655,-0.08113803294722133,-0.04625746792337737,-0.011376902899533192,0.023503662124310765,0.058384227148154944,0.09326479217199912,0.12814535719584308,0.16302592221968726,0.19790648724353122,0.2327870522673754,0.26766761729121935,0.30254818231506353,0.3374287473389077,0.37230931236275167,0.40718987738659584,0.4420704424104398,0.476951007434284,0.5118315724581279,0.5467121374819721,0.5815927025058163,0.6164732675296603,0.6513538325535042,0.6862343975773486,0.7211149626011926,0.7559955276250365,0.7908760926488805,0.8257566576727249,0.860637222696569],"_type":"histogram"},"confusion_matrix_table":{"path":"media/table/confusion_matrix_table_20_7a831d5e6e516b621c2a.table.json","ncols":3,"nrows":100,"_type":"table-file","sha256":"7a831d5e6e516b621c2af9de31ed1d5684a282f1ffcc0dbd2b4f11c5924b646d","size":3023,