{"train_loss":2.302778177048804,"weights/layer_3":{"bins":[-0.02981433425433849,-0.028967621293157914,-0.028120908331977338,-0.027274195370796762,-0.026427482409616187,-0.02558076944843561,-0.02473405648725504,-0.02388734352607446,-0.023040630564893888,-0.02219391760371331,-0.021347204642532737,-0.020500491681352158,-0.019653778720171586,-0.01880706575899101,-0.017960352797810435,-0.01711363983662986,-0.016266926875449284,-0.015420213914268708,-0.014573500953088132,-0.013726787991907557,-0.012880075030726981,-0.012033362069546406,-0.01118664910836583,-0.010339936147185255,-0.009493223186004682,-0.008646510224824107,-0.007799797263643531,-0.006953084302462956,-0.00610637134128238,-0.005259658380101805,-0.004412945418921229,-0.0035662324577406534,-0.002719519496560078,-0.0018728065353795023,-0.0010260935741989267,-0.00017938061301835118,0.0006673323481622244,0.0015140453093427965,0.0023607582705233755,0.0032074712317039476,0.004054184192884527,0.004900897154065099,0.005747610115245678,0.00659432307642625,0.007441036037606829,0.008287748998787401,0.00913446195996798,0.009981174921148552,0.010827887882329124,0.011674600843509703,0.012521313804690275,0.013368026765870854,0.014214739727051427,0.015061452688232006,0.015908165649412578,0.016754878610593157,0.01760159157177373,0.018448304532954308,0.01929501749413488,0.02014173045531546,0.02098844341649603,0.02183515637767661,0.022681869338857182,0.02352858230003776,0.024375295261218337],"_type":"histogram","values":[1,0,0,0,0,1,1,2,2,5,4,0,1,5,6,3,2,2,2,1,8,6,7,7,6,5,12,11,13,10,6,8,4,18,9,20,6,8,8,12,12,12,6,9,10,3,3,4,5,5,4,4,2,2,2,2,1,3,2,2,3,0,0,2]},"_step":20,"weights/layer_1":{"bins":[-0.03531692655652345,-0.0342360482496801,-0.03315516994283675,-0.0320742916359934,-0.030993413329150052,-0.029912535022306702,-0.02883165671546335,-0.02775077840862,-0.02666990010177665,-0.0255890217949333,-0.02450814348808995,-0.023427265181246597,-0.022346386874403247,-0.021265508567559897,-0.020184630260716548,-0.019103751953873198,-0.018022873647029848,-0.0169419953401865,-0.01586111703334315,-0.014780238726499799,-0.01369936041965645,-0.012618482112813096,-0.011537603805969746,-0.010456725499126397,-0.009375847192283047,-0.008294968885439697,-0.007214090578596347,-0.006133212271752998,-0.005052333964909644,-0.003971455658066295,-0.002890577351222945,-0.0018096990443795952,-0.0007288207375362454,0.0003520575693071043,0.001432935876150454,0.0025138141829938038,0.0035946924898371535,0.004675570796680503,0.005756449103523853,0.006837327410367203,0.007918205717210552,0.008999084024053909,0.010079962330897259,0.011160840637740609,0.012241718944583958,0.013322597251427308,0.014403475558270658,0.015484353865114008,0.016565232171957357,0.017646110478800707,0.018726988785644057,0.019807867092487406,0.020888745399330756,0.021969623706174106,0.023050502013017456,0.024131380319860805,0.025212258626704162,0.026293136933547512,0.02737401524039086,0.02845489354723421,0.02953577185407756,0.03061665016092091,0.03169752846776426,0.03277840677460761,0.03385928508145096],"_type":"histogram","values":[1,1,1,0,1,1,1,0,2,1,1,0,1,8,6,8,7,9,15,17,15,27,27,30,27,21,46,42,40,40,38,41,44,32,56,53,29,39,24,25,23,29,31,25,22,31,18,13,10,8,9,9,6,1,4,2,1,2,0,2,0,0,0,1]},"biases/layer_1":{"bins":[-0.004206295771803284,-0.004024134338446369,-0.003841972905089455,-0.003659811471732541,-0.003477650038375626,-0.003295488605018712,-0.0031133271716617976,-0.002931165738304883,-0.002749004304947968,-0.002566842871591054,-0.0023846814382341396,-0.002202520004877225,-0.0020203585715203106,-0.0018381971381633958,-0.0016560357048064816,-0.0014738742714495668,-0.0012917128380926526,-0.0011095514047357383,-0.0009273899713788235,-0.0007452285380219093,-0.0005630671046649945,-0.00038090567130808026,-0.00019874423795116555,-1.658280459425083e-05,0.00016557862876266302,0.00034774006211957774,0.0005299014954764925,0.0007120629288334063,0.000894224362190321,0.0010763857955472357,0.0012585472289041505,0.0014407086622610643,0.001622870095617979,0.0018050315289748937,0.0019871929623318076,0.0021693543956887223,0.002351515829045637,0.0025336772624025517,0.0027158386957594656,0.0028980001291163803,0.003080161562473295,0.003262322995830209,0.0034444844291871236,0.0036266458625440383,0.003808807295900953,0.003990968729257868,0.0041731301626147825,0.0043552915959716955,0.00453745302932861,0.004719614462685525,0.00490177589604244,0.005083937329399354,0.005266098762756269,0.005448260196113184,0.005630421629470097,0.0058125830628270115,0.005994744496183926,0.006176905929540841,0.006359067362897756,0.00654122879625467,0.006723390229611585,0.006905551662968498,0.007087713096325413,0.0072698745296823275,0.007452035963039242],"_type":"histogram","values":[1,0,0,0,0,0,0,0,0,0,0,0,0,0,0,1,1,0,1,0,0,1,2,4,2,1,2,1,0,0,3,1,1,0,0,0,1,0,1,0,0,1,0,1,1,1,0,0,0,0,1,0,0,1,0,1,0,0,0,0,0,0,0,1]},"_wandb":{"runtime":9},"confusion_matrix_table":{"path":"media/table/confusion_matrix_table_19_0e0a3e12d8de0bf8bb38.table.json","ncols":3,"nrows":100,"_type":"table-file","sha256":"0e0a3e12d8de0bf8bb382b4baa65b12a8c31db4189b15dcbb54f1d07fd73ca2e","size":3002,"artifact_path":"wandb-client-artifact://85o3q0x7kkbf0jdtcuqfkfvr0l4b9h28lry91oh0v9f8sowcq4z5bqznu8c7ccziuuk0p687tcpmiqs80w43fojvkgj6dfwingx0jce87teprrwtv74gu66use9ew60a/confusion_matrix_table.table.json","_latest_artifact_path":"wandb-client-artifact://erv6lvmbyr8ouwikb34v3kl51mf01oevfm7d6dbgvsr80kwy1v2x8ssfj2j1nf8hwiwc5loskgzix5lqwpgx005cjc9acqhto1v8r12fk2vkdkhq7nfhzdxhzsd3r82a:latest/confusion_matrix_table.table.json"},"val_loss":2.302778177048804,"val_acc":0.09033333333333333,"train_acc":0.09033333333333333,"learning_rate":0.001,"weights/layer_2":{"bins":[-0.028783253954925682,-0.02768982535291622,-0.026596396750906758,-0.025502968148897298,-0.024409539546887835,-0.02331611094487837,-0.02222268234286891,-0.02112925374085945,-0.020035825138849987,-0.018942396536840524,-0.017848967934831064,-0.016755539332821603,-0.01566211073081214,-0.014568682128802678,-0.013475253526793216,-0.012381824924783756,-0.011288396322774293,-0.010194967720764829,-0.009101539118755369,-0.008008110516745909,-0.006914681914736445,-0.005821253312726982,-0.0047278247107175216,-0.0036343961087080615,-0.002540967506698598,-0.0014475389046891343,-0.0003541103026796742,0.0007393182993297859,0.0018327469013392494,0.002926175503348713,0.00401960410535817,0.005113032707367633,0.006206461309377097,0.00729988991138656,0.008393318513396024,0.00948674711540548,0.010580175717414944,0.011673604319424408,0.012767032921433864,0.013860461523443328,0.014953890125452791,0.016047318727462255,0.01714074732947172,0.018234175931481175,0.01932760453349064,0.020421033135500102,0.02151446173750956,0.022607890339519023,0.023701318941528486,0.02479474754353795,0.025888176145547413,0.02698160474755687,0.028075033349566333,0.029168461951575797,0.030261890553585254,0.03135531915559472,0.03244874775760418,0.033542176359613644,0.03463560496162311,0.03572903356363257,0.03682246216564202,0.037915890767651485,0.03900931936966095,0.04010274797167041,0.04119617657367987],"_type":"histogram","values":[3,2,3,1,3,4,5,7,9,3,9,10,14,22,26,18,31,35,35,26,36,42,35,44,56,40,45,43,36,46,45,33,26,25,37,39,16,21,19,11,10,10,10,12,4,2,3,3,1,1,0,1,1,1,2,0,1,0,0,0,0,0,0,1]},