{"weights/layer_3":{"_type":"histogram","values":[4,2,3,1,0,3,4,4,5,14,21,21,26,48,42,132,187,157,114,96,61,59,85,127,81,124,161,291,555,558,390,125,196,33,32,34,34,29,43,37,36,34,24,9,6,5,5,1,0,2,1,1,4,5,0,0,1,3,0,0,1,7,6,6],"bins":[-1.3287485892226014,-1.2854269836588212,-1.242105378095041,-1.198783772531261,-1.1554621669674807,-1.1121405614037008,-1.0688189558399206,-1.0254973502761404,-0.9821757447123602,-0.9388541391485801,-0.8955325335847999,-0.8522109280210198,-0.8088893224572397,-0.7655677168934595,-0.7222461113296794,-0.6789245057658992,-0.6356029002021191,-0.5922812946383389,-0.5489596890745587,-0.5056380835107787,-0.4623164779469985,-0.4189948723832183,-0.37567326681943825,-0.33235166125565807,-0.2890300556918779,-0.24570845012809772,-0.20238684456431755,-0.15906523900053737,-0.11574363343675742,-0.07242202787297725,-0.02910042230919707,0.014221183254583103,0.05754278881836328,0.10086439438214345,0.14418599994592363,0.1875076055097038,0.23082921107348398,0.2741508166372639,0.3174724222010441,0.3607940277648243,0.40411563332860445,0.4474372388923846,0.4907588444561648,0.534080450019945,0.5774020555837249,0.6207236611475051,0.6640452667112853,0.7073668722750655,0.7506884778388456,0.7940100834026258,0.837331688966406,0.8806532945301861,0.9239749000939663,0.9672965056577465,1.0106181112215267,1.0539397167853068,1.0972613223490866,1.1405829279128668,1.183904533476647,1.227226139040427,1.2705477446042073,1.3138693501679874,1.3571909557317676,1.4005125612955478,1.443834166859328]},"biases/layer_3":{"bins":[-1.887346649619634,-1.8269298955406987,-1.7665131414617634,-1.706096387382828,-1.6456796333038926,-1.5852628792249572,-1.524846125146022,-1.4644293710670866,-1.404012616988151,-1.3435958629092157,-1.2831791088302804,-1.222762354751345,-1.1623456006724098,-1.1019288465934745,-1.0415120925145391,-0.9810953384356036,-0.9206785843566683,-0.860261830277733,-0.7998450761987976,-0.7394283221198621,-0.6790115680409268,-0.6185948139619915,-0.5581780598830561,-0.4977613058041208,-0.4373445517251855,-0.37692779764624995,-0.31651104356731463,-0.2560942894883793,-0.195677535409444,-0.13526078133050867,-0.07484402725157313,-0.014427273172637811,0.04598948090629751,0.10640623498523283,0.16682298906416815,0.22723974314310347,0.2876564972220388,0.3480732513009741,0.40849000537990987,0.4689067594588452,0.5293235135377805,0.5897402676167158,0.6501570216956511,0.7105737757745865,0.7709905298535218,0.8314072839324571,0.8918240380113924,0.9522407920903277,1.012657546169263,1.0730743002481988,1.1334910543271342,1.1939078084060695,1.2543245624850048,1.31474131656394,1.3751580706428754,1.4355748247218107,1.495991578800746,1.5564083328796814,1.6168250869586167,1.6772418410375525,1.7376585951164878,1.7980753491954231,1.8584921032743584,1.9189088573532938,1.979325611432229],"_type":"histogram","values":[4,0,0,0,0,0,0,0,0,0,0,0,0,0,0,0,0,0,0,0,0,0,0,0,0,0,0,0,0,0,0,0,0,0,0,0,0,0,0,0,0,0,0,0,1,0,0,4,3,5,4,5,3,0,1,1,0,0,4,5,8,4,8,4]},"weights/layer_4":{"_type":"histogram","values":[1,0,0,0,0,0,0,0,0,0,0,0,0,0,1,0,0,0,0,0,0,0,0,0,0,1,0,4,0,0,0,0,2,1,1,4,1,1,4,19,10,12,13,29,45,129,123,37,38,22,23,35,16,22,9,19,3,6,1,1,2,1,0,4],"bins":[-4.1258392736936935,-4.039359579235698,-3.9528798847777016,-3.8664001903197054,-3.7799204958617096,-3.6934408014037134,-3.6069611069457173,-3.5204814124877215,-3.4340017180297258,-3.3475220235717296,-3.2610423291137334,-3.1745626346557376,-3.0880829401977414,-3.0016032457397452,-2.9151235512817495,-2.8286438568237537,-2.7421641623657576,-2.6556844679077614,-2.5692047734497656,-2.48272507899177,-2.3962453845337737,-2.3097656900757775,-2.2232859956177817,-2.1368063011597855,-2.0503266067017893,-1.9638469122437936,-1.8773672177857974,-1.7908875233278017,-1.7044078288698055,-1.6179281344118097,-1.5314484399538135,-1.4449687454958178,-1.3584890510378216,-1.2720093565798254,-1.1855296621218296,-1.0990499676638334,-1.0125702732058377,-0.9260905787478415,-0.8396108842898458,-0.7531311898318496,-0.6666514953738538,-0.5801718009158576,-0.49369210645786143,-0.4072124119998657,-0.3207327175418695,-0.23425302308387375,-0.14777332862587755,-0.061293634167881805,0.02518606029011483,0.11166575474811058,0.19814544920610633,0.2846251436641021,0.3711048381220987,0.45758453258009446,0.5440642270380902,0.630543921496086,0.7170236159540826,0.8035033104120783,0.8899830048700741,0.9764626993280707,1.0629423937860665,1.1494220882440622,1.235901782702058,1.3223814771600546,1.4088611716180504]},"_wandb":{"runtime":17},"val_acc":0.7925,"confusion_matrix_table":{"path":"media/table/confusion_matrix_table_10_ba0bd7742ad8d91ccc8e.table.json","ncols":3,"nrows":100,"_type":"table-file","sha256":"ba0bd7742ad8d91ccc8e55e985af0f9012c22f7627b583aeacdfcd5d1c370188","size":3027,"artifact_path":"wandb-client-artifact://dnwf4qj6qd0mm48zaopbry479nvc5cnftd8ijycd2rnvi35j4s9qa60dybnz0ca6pnuk48m24cxfiql4cl9wt0tjtz8tt2set6wdjsix63dr4kgcm1ra6jvsvmxr4nq2/confusion_matrix_table.table.json","_latest_artifact_path":"wandb-client-artifact://fhh37ol6ka9wrm7o14724zj61nqsxk727gd7qd3hmb0znsyi2smzt2azob2kabrqmw90er22mus9aryirfy12sqsny87miwsohfnbvayakoxoiyub3h23irfulouvtan:latest/confusion_matrix_table.table.json"},"sample_predictions":{"format":"png","count":10,"filenames":["media/images/sample_predictions_11_606215d87f87b2f00799.png","media/images/sample_predictions_11_80c07028ea3856542be4.png","media/images/sample_predictions_11_9cf40359a3dec85636e5.png","media/images/sample_predictions_11_ce5b739914bcd72b66df.png","media/images/sample_predictions_11_07a347c11e27a0aa79ca.png","media/images/sample_predictions_11_d99b4985df3c791d3f16.png","media/images/sample_predictions_11_379b818d067226d80795.png","media/images/sample_predictions_11_1fed2768e0601d187e72.png","media/images/sample_predictions_11_736760c82067caaa8fe3.png","media/images/sample_predictions_11_26363bd2a04602ee6a04.png"],"captions":["True: 1, Pred: 1","True: 5, Pred: 5","True: 2, Pred: 2","True: 3, Pred: 3","True: 9, Pred: 9","True: 0, Pred: 6","True: 9, Pred: 9","True: 0, Pred: 3","True: 1, Pred: 1","True: 8, Pred: 8"],"_type":"images/separated","width":28,"height":28},"train_acc":0.7925,"weights/layer_2":{"_type":"histogram","values":[10,14,8,23,28,26,27,38,27,35,38,31,32,27,38,36,77,66,46,33,47,31,31,33,30,55,47,49,24,19,12,14,15,9,35,54,93,102,132,117,147,128,219,321,250,288,248,225,116,99,75,56,24,26,67,79,71,22,8,7,2,3,4,2],"bins":[-1.0458189573105192,-1.0188711411985742,-0.9919233250866292,-0.9649755089746841,-0.9380276928627391,-0.9110798767507942,-0.8841320606388491,-0.857184244526904,-0.830236428414959,-0.8032886123030141,-0.776340796191069,-0.7493929800791239,-0.722445163967179,-0.695497347855234,-0.6685495317432889,-0.6416017156313438,-0.6146538995193989,-0.5877060834074539,-0.5607582672955088,-0.5338104511835637,-0.5068626350716188,-0.4799148189596738,-0.45296700284772873,-0.42601918673578365,-0.3990713706238387,-0.3721235545118937,-0.34517573839994864,-0.31822792228800356,-0.2912801061760586,-0.26433229006411363,-0.23738447395216855,-0.21043665784022347,-0.1834888417282785,-0.15654102561633354,-0.12959320950438846,-0.10264539339244338,-0.07569757728049842,-0.04874976116855345,-0.021801945056608263,0.005145871055336704,0.03209368716728167,0.05904150327922664,0.0859893193911716,0.11293713550311679,0.13988495161506176,0.16683276772700673,0.19378058383895191,0.22072839995089688,0.24767621606284185,0.2746240321747868,0.3015718482867318,0.32851966439867697,0.35546748051062194,0.3824152966225669,0.4093631127345121,0.43631092884645706,0.463258744958402,0.490206561070347,0.517154377182292,0.5441021932942371,0.5710500094061821,0.5979978255181271,0.6249456416300723,0.6518934577420172,0.6788412738539623]},