{"val_acc":0.1945,"weights/layer_0":{"bins":[-0.43307871568427264,-0.42269076019236784,-0.41230280470046304,-0.40191484920855824,-0.39152689371665345,-0.38113893822474865,-0.3707509827328439,-0.3603630272409391,-0.3499750717490343,-0.3395871162571295,-0.3291991607652247,-0.3188112052733199,-0.3084232497814151,-0.2980352942895103,-0.2876473387976055,-0.27725938330570077,-0.2668714278137959,-0.25648347232189117,-0.24609551682998634,-0.23570756133808157,-0.22531960584617677,-0.21493165035427197,-0.20454369486236718,-0.19415573937046238,-0.18376778387855758,-0.17337982838665278,-0.16299187289474798,-0.15260391740284324,-0.14221596191093844,-0.13182800641903364,-0.12144005092712884,-0.11105209543522404,-0.10066413994331924,-0.09027618445141444,-0.07988822895950964,-0.06950027346760485,-0.059112317975700046,-0.04872436248379525,-0.038336406991890504,-0.027948451499985705,-0.017560496008080906,-0.007172540516176107,0.003215414975728692,0.013603370467633491,0.02399132595953829,0.03437928145144309,0.04476723694334789,0.05515519243525269,0.06554314792715749,0.07593110341906223,0.08631905891096708,0.09670701440287183,0.10709496989477668,0.11748292538668142,0.12787088087858617,0.13825883637049102,0.14864679186239577,0.15903474735430062,0.16942270284620536,0.17981065833811022,0.19019861383001496,0.20058656932191982,0.21097452481382456,0.22136248030572941,0.23175043579763413],"_type":"histogram","values":[57,27,31,45,9,21,65,72,39,19,49,47,59,57,20,32,98,116,231,146,131,235,226,151,122,207,399,244,173,297,319,305,357,355,472,414,473,665,910,909,996,1726,1573,1567,1327,1020,1135,971,848,848,889,685,505,396,313,469,353,207,216,200,122,81,26,11]},"_step":16,"weights/layer_3":{"values":[2,3,8,25,35,52,69,99,90,89,80,65,57,30,16,7,7,1,1,0,0,0,0,0,0,0,0,0,0,0,0,0,0,0,0,0,0,0,0,0,0,0,0,0,1,1,1,2,6,10,7,24,29,34,28,39,25,24,19,17,12,6,2,1],"bins":[-0.14557870182864313,-0.14103520864700292,-0.13649171546536273,-0.13194822228372252,-0.12740472910208234,-0.12286123592044214,-0.11831774273880194,-0.11377424955716173,-0.10923075637552154,-0.10468726319388133,-0.10014377001224115,-0.09560027683060093,-0.09105678364896073,-0.08651329046732054,-0.08196979728568034,-0.07742630410404014,-0.07288281092239994,-0.06833931774075974,-0.06379582455911954,-0.059252331377479345,-0.054708838195839146,-0.05016534501419895,-0.04562185183255875,-0.04107835865091855,-0.03653486546927834,-0.03199137228763814,-0.02744787910599794,-0.022904385924357742,-0.018360892742717544,-0.01381739956107736,-0.009273906379437147,-0.004730413197796962,-0.0001869200161567497,0.004356573165483463,0.008900066347123647,0.01344355952876386,0.017987052710404045,0.022530545892044257,0.02707403907368444,0.031617532255324654,0.03616102543696484,0.04070451861860505,0.045248011800245236,0.04979150498188545,0.05433499816352563,0.058878491345165845,0.06342198452680603,0.06796547770844624,0.07250897089008645,0.07705246407172664,0.08159595725336685,0.08613945043500704,0.09068294361664725,0.09522643679828743,0.09976992997992765,0.10431342316156783,0.10885691634320804,0.11340040952484826,0.11794390270648841,0.12248739588812863,0.12703088906976884,0.13157438225140905,0.1361178754330492,0.14066136861468942,0.14520486179632963],"_type":"histogram"},"epoch":10,"biases/layer_4":{"values":[1,0,2,2,1,0,0,0,0,0,0,0,0,0,0,0,0,0,0,0,0,0,0,0,0,0,0,0,0,0,0,0,0,0,0,0,0,0,0,0,0,0,0,0,0,0,0,0,0,0,0,0,0,0,0,0,0,0,0,0,0,1,1,2],"bins":[-0.04595643959202256,-0.0442156936213213,-0.04247494765062005,-0.04073420167991879,-0.038993455709217535,-0.037252709738516285,-0.03551196376781503,-0.03377121779711377,-0.03203047182641252,-0.030289725855711262,-0.02854897988501001,-0.026808233914308754,-0.025067487943607497,-0.023326741972906243,-0.02158599600220499,-0.019845250031503732,-0.018104504060802478,-0.016363758090101224,-0.014623012119399967,-0.012882266148698716,-0.011141520177997459,-0.009400774207296202,-0.007660028236594951,-0.005919282265893694,-0.0041785362951924365,-0.002437790324491186,-0.0006970443537899287,0.0010437016169113286,0.002784447587612579,0.004525193558313836,0.006265939529015094,0.008006685499716344,0.009747431470417602,0.011488177441118859,0.01322892341182011,0.014969669382521367,0.016710415353222624,0.01845116132392388,0.020191907294625125,0.021932653265326382,0.02367339923602764,0.025414145206728897,0.027154891177430154,0.02889563714813141,0.030636383118832655,0.03237712908953391,0.03411787506023517,0.03585862103093643,0.037599367001637685,0.03934011297233894,0.041080858943040185,0.04282160491374144,0.0445623508844427,0.04630309685514396,0.048043842825845215,0.04978458879654647,0.051525334767247716,0.05326608073794897,0.05500682670865023,0.05674757267935149,0.058488318650052745,0.060229064620754,0.061969810591455246,0.0637105565621565,0.06545130253285776],"_type":"histogram"},"learning_rate":0.0001,"weights/layer_2":{"_type":"histogram","values":[1,1,1,2,5,3,5,12,12,10,6,10,9,12,8,17,12,9,13,13,22,18,10,21,29,26,29,35,29,41,40,39,28,43,26,28,35,29,22,28,27,31,16,24,21,22,24,26,17,22,9,12,2,2,3,4,6,3,5,3,0,3,2,1],"bins":[0.058101145439914736,0.058960639367294454,0.05982013329467417,0.06067962722205388,0.0615391211494336,0.06239861507681332,0.06325810900419303,0.06411760293157275,0.06497709685895246,0.06583659078633218,0.0666960847137119,0.06755557864109162,0.06841507256847133,0.06927456649585105,0.07013406042323077,0.07099355435061049,0.07185304827799019,0.0727125422053699,0.07357203613274962,0.07443153006012934,0.07529102398750906,0.07615051791488878,0.0770100118422685,0.07786950576964821,0.07872899969702793,0.07958849362440765,0.08044798755178736,0.08130748147916708,0.0821669754065468,0.0830264693339265,0.08388596326130622,0.08474545718868594,0.08560495111606566,0.08646444504344537,0.08732393897082509,0.08818343289820481,0.08904292682558451,0.08990242075296423,0.09076191468034395,0.09162140860772366,0.09248090253510338,0.0933403964624831,0.09419989038986282,0.09505938431724253,0.09591887824462225,0.09677837217200197,0.09763786609938169,0.0984973600267614,0.09935685395414112,0.10021634788152084,0.10107584180890056,0.10193533573628026,0.10279482966365998,0.1036543235910397,0.10451381751841941,0.10537331144579913,0.10623280537317885,0.10709229930055855,0.10795179322793827,0.10881128715531799,0.1096707810826977,0.11053027501007742,0.11138976893745714,0.11224926286483686,0.11310875679221657]},"biases/layer_0":{"_type":"histogram","values":[1,0,0,0,0,0,0,0,0,0,0,0,0,1,1,0,2,0,0,0,2,0,1,0,1,0,1,0,3,0,0,2,0,0,3,0,0,0,1,1,1,1,1,0,1,1,1,0,0,0,1,1,1,1,0,0,0,0,0,0,1,0,0,1],"bins":[-0.25266450819463526,-0.25252670471045224,-0.2523889012262692,-0.2522510977420862,-0.25211329425790313,-0.2519754907737201,-0.2518376872895371,-0.2516998838053541,-0.25156208032117106,-0.25142427683698804,-0.251286473352805,-0.25114866986862194,-0.2510108663844389,-0.2508730629002559,-0.2507352594160729,-0.25059745593188987,-0.25045965244770685,-0.25032184896352383,-0.25018404547934076,-0.25004624199515774,-0.24990843851097472,-0.2497706350267917,-0.24963283154260868,-0.24949502805842566,-0.24935722457424261,-0.2492194210900596,-0.24908161760587658,-0.24894381412169353,-0.2488060106375105,-0.2486682071533275,-0.24853040366914447,-0.24839260018496143,-0.2482547967007784,-0.2481169932165954,-0.24797918973241234,-0.24784138624822932,-0.2477035827640463,-0.24756577927986329,-0.24742797579568024,-0.24729017231149722,-0.2471523688273142,-0.24701456534313115,-0.24687676185894813,-0.24673895837476512,-0.2466011548905821,-0.24646335140639905,-0.24632554792221603,-0.246187744438033,-0.24604994095384997,-0.24591213746966695,-0.24577433398548393,-0.2456365305013009,-0.24549872701711786,-0.24536092353293484,-0.24522312004875182,-0.2450853165645688,-0.24494751308038576,-0.24480970959620274,-0.24467190611201972,-0.24453410262783667,-0.24439629914365366,-0.24425849565947064,-0.24412069217528762,-0.24398288869110457,-0.24384508520692155]},"sample_predictions":{"count":10,