{"train_acc":0.8083333333333333,"val_acc":0.8083333333333333,"sample_predictions":{"captions":["True: 1, Pred: 1","True: 5, Pred: 5","True: 2, Pred: 4","True: 3, Pred: 3","True: 9, Pred: 9","True: 0, Pred: 6","True: 9, Pred: 9","True: 0, Pred: 3","True: 1, Pred: 1","True: 8, Pred: 8"],"_type":"images/separated","width":28,"height":28,"format":"png","count":10,"filenames":["media/images/sample_predictions_22_606215d87f87b2f00799.png","media/images/sample_predictions_22_80c07028ea3856542be4.png","media/images/sample_predictions_22_9cf40359a3dec85636e5.png","media/images/sample_predictions_22_ce5b739914bcd72b66df.png","media/images/sample_predictions_22_07a347c11e27a0aa79ca.png","media/images/sample_predictions_22_d99b4985df3c791d3f16.png","media/images/sample_predictions_22_379b818d067226d80795.png","media/images/sample_predictions_22_1fed2768e0601d187e72.png","media/images/sample_predictions_22_736760c82067caaa8fe3.png","media/images/sample_predictions_22_26363bd2a04602ee6a04.png"]},"_timestamp":1.7415277922719996e+09,"weights/layer_3":{"values":[2,2,5,20,11,12,3,7,7,19,63,122,119,124,146,157,138,156,142,240,356,388,269,205,264,279,280,191,150,158,178,273,165,27,0,0,0,2,0,1,0,0,57,69,410,889,2080,1899,1048,825,834,758,669,439,318,384,388,213,60,69,111,133,39,11],"bins":[-0.9070940693889712,-0.8869731492332387,-0.8668522290775061,-0.8467313089217735,-0.826610388766041,-0.8064894686103085,-0.7863685484545759,-0.7662476282988434,-0.7461267081431109,-0.7260057879873782,-0.7058848678316457,-0.6857639476759132,-0.6656430275201807,-0.6455221073644481,-0.6254011872087155,-0.605280267052983,-0.5851593468972505,-0.5650384267415179,-0.5449175065857854,-0.5247965864300528,-0.5046756662743203,-0.48455474611858773,-0.4644338259628552,-0.4443129058071226,-0.4241919856513901,-0.4040710654956575,-0.383950145339925,-0.3638292251841925,-0.34370830502845995,-0.3235873848727274,-0.3034664647169948,-0.28334554456126226,-0.26322462440552974,-0.24310370424979721,-0.2229827840940647,-0.20286186393833205,-0.18274094378259953,-0.162620023626867,-0.14249910347113448,-0.12237818331540196,-0.10225726315966932,-0.0821363430039368,-0.06201542284820427,-0.04189450269247175,-0.021773582536739222,-0.0016526623810066976,0.018468257774725938,0.03858917793045846,0.05871009808619099,0.07883101824192351,0.09895193839765615,0.11907285855338856,0.1391937787091212,0.1593146988648536,0.17943561902058625,0.19955653917631888,0.2196774593320513,0.23979837948778393,0.25991929964351634,0.280040219799249,0.3001611399549816,0.32028206011071403,0.34040298026644666,0.3605239004221791,0.3806448205779118],"_type":"histogram"},"biases/layer_3":{"bins":[-0.777265833554091,-0.7755832320176365,-0.7739006304811819,-0.7722180289447274,-0.7705354274082729,-0.7688528258718182,-0.7671702243353637,-0.7654876227989093,-0.7638050212624546,-0.7621224197260001,-0.7604398181895456,-0.758757216653091,-0.7570746151166365,-0.755392013580182,-0.7537094120437274,-0.7520268105072729,-0.7503442089708184,-0.7486616074343638,-0.7469790058979093,-0.7452964043614548,-0.7436138028250002,-0.7419312012885457,-0.7402485997520912,-0.7385659982156366,-0.7368833966791821,-0.7352007951427276,-0.7335181936062731,-0.7318355920698185,-0.730152990533364,-0.7284703889969095,-0.7267877874604549,-0.7251051859240004,-0.7234225843875459,-0.7217399828510913,-0.7200573813146368,-0.7183747797781823,-0.7166921782417277,-0.7150095767052732,-0.7133269751688187,-0.7116443736323641,-0.7099617720959096,-0.7082791705594551,-0.7065965690230005,-0.704913967486546,-0.7032313659500915,-0.7015487644136369,-0.6998661628771824,-0.6981835613407279,-0.6965009598042733,-0.6948183582678188,-0.6931357567313643,-0.6914531551949097,-0.6897705536584552,-0.6880879521220007,-0.6864053505855461,-0.6847227490490916,-0.6830401475126371,-0.6813575459761825,-0.679674944439728,-0.6779923429032735,-0.6763097413668189,-0.6746271398303644,-0.6729445382939099,-0.6712619367574553,-0.6695793352210008],"_type":"histogram","values":[1,1,0,0,0,0,1,0,2,1,0,1,0,4,4,4,7,3,2,6,5,7,4,4,8,8,4,9,3,2,2,5,2,5,5,4,0,1,1,0,1,0,2,2,1,1,0,2,0,0,0,1,0,0,0,1,0,0,0,0,0,0,0,1]},"biases/layer_0":{"bins":[-1.1000490779278524,-1.0782509037563548,-1.0564527295848571,-1.0346545554133595,-1.0128563812418618,-0.9910582070703643,-0.9692600328988668,-0.9474618587273691,-0.9256636845558714,-0.9038655103843738,-0.8820673362128761,-0.8602691620413786,-0.838470987869881,-0.8166728136983833,-0.7948746395268858,-0.7730764653553881,-0.7512782911838904,-0.7294801170123928,-0.7076819428408951,-0.6858837686693976,-0.6640855944979,-0.6422874203264023,-0.6204892461549047,-0.5986910719834071,-0.5768928978119094,-0.5550947236404118,-0.5332965494689141,-0.5114983752974166,-0.48970020112591894,-0.4679020269544213,-0.44610385278292375,-0.4243056786114261,-0.40250750443992844,-0.3807093302684308,-0.35891115609693314,-0.3371129819254356,-0.31531480775393794,-0.2935166335824403,-0.27171845941094275,-0.2499202852394451,-0.22812211106794744,-0.2063239368964498,-0.18452576272495214,-0.1627275885534546,-0.14092941438195694,-0.11913124021045929,-0.09733306603896175,-0.0755348918674641,-0.05373671769596644,-0.03193854352446879,-0.010140369352971135,0.011657804818526518,0.03345597899002417,0.0552541531615216,0.07705232733301925,0.09885050150451691,0.12064867567601456,0.1424468498475122,0.16424502401900987,0.18604319819050752,0.20784137236200495,0.2296395465335026,0.25143772070500026,0.2732358948764979,0.2950340690479955],"_type":"histogram","values":[1,1,1,0,0,0,1,0,0,0,1,1,3,0,0,1,0,6,5,4,1,0,1,0,1,2,8,4,1,3,2,6,1,1,5,2,2,2,1,0,0,1,2,0,5,3,3,5,8,1,2,3,3,2,5,2,5,2,5,0,0,1,0,2]},"biases/layer_2":{"_type":"histogram","values":[35,34,12,4,5,1,0,0,0,0,0,0,0,0,0,0,0,0,0,0,0,0,0,0,0,0,0,0,0,0,1,3,2,2,1,2,1,1,0,2,0,3,2,0,2,2,0,0,1,3,3,3,1,0,0,0,1,0,0,0,0,0,0,1],"bins":[-1.0375736822641548,-1.008986178491405,-0.9803986747186549,-0.951811170945905,-0.9232236671731551,-0.8946361634004051,-0.8660486596276551,-0.8374611558549052,-0.8088736520821553,-0.7802861483094053,-0.7516986445366554,-0.7231111407639055,-0.6945236369911555,-0.6659361332184055,-0.6373486294456556,-0.6087611256729057,-0.5801736219001558,-0.5515861181274058,-0.5229986143546559,-0.4944111105819059,-0.465823606809156,-0.43723610303640603,-0.40864859926365615,-0.38006109549090616,-0.3514735917181562,-0.3228860879454063,-0.2942985841726563,-0.26571108039990643,-0.23712357662715644,-0.20853607285440656,-0.17994856908165657,-0.1513610653089067,-0.1227735615361567,-0.09418605776340672,-0.06559855399065684,-0.03701105021790685,-0.00842354644515697,0.020163957327592907,0.04875146110034301,0.07733896487309289,0.10592646864584276,0.13451397241859286,0.16310147619134274,0.19168897996409262,0.2202764837368425,0.2488639875095926,0.2774514912823425,0.30603899505509236,0.33462649882784246,0.36321400260059233,0.3918015063733422,0.4203890101460921,0.4489765139188422,0.47756401769159207,0.506151521464342,0.5347390252370918,0.5633265290098419,0.5919140327825918,0.6205015365553417,0.6490890403280918,0.6776765441008417,0.7062640478735915,0.7348515516463414,0.7634390554190915,0.7920265591918415]},"val_loss":0.5990263973238696,"learning_rate":0.001,"weights/layer_4":{"values":[4,7,2,5,8,7,9,10,6,8,0,7,6,3,3,14,38,65,82,83,153,185,302,410,460,430,430,454,506,468,372,420,527,670,680,471,750,6194,142,137,120,122,140,137,137,136,173,145,88,98,89,91,74,62,46,51,46,34,20,24,12,2,4,5],