{"biases/layer_0":{"values":[1,0,0,0,0,0,0,1,0,0,0,0,1,0,1,2,2,1,3,3,2,1,3,0,0,3,1,3,2,0,1,2,1,1,2,5,3,1,3,4,1,7,4,3,4,6,2,4,5,7,2,3,5,3,4,4,6,0,3,1,0,0,0,1],"bins":[-0.5778502753203844,-0.5648301217980211,-0.5518099682756578,-0.5387898147532945,-0.5257696612309312,-0.5127495077085679,-0.49972935418620457,-0.48670920066384127,-0.47368904714147797,-0.46066889361911467,-0.4476487400967514,-0.4346285865743881,-0.4216084330520247,-0.4085882795296614,-0.3955681260072981,-0.38254797248493483,-0.36952781896257153,-0.35650766544020823,-0.34348751191784493,-0.33046735839548164,-0.31744720487311834,-0.30442705135075504,-0.29140689782839174,-0.27838674430602844,-0.2653665907836651,-0.2523464372613018,-0.2393262837389385,-0.2263061302165752,-0.2132859766942119,-0.2002658231718486,-0.1872456696494853,-0.174225516127122,-0.1612053626047587,-0.1481852090823954,-0.1351650555600321,-0.12214490203766881,-0.10912474851530551,-0.09610459499294222,-0.08308444147057892,-0.07006428794821562,-0.05704413442585232,-0.044023980903489024,-0.031003827381125726,-0.017983673858762428,-0.00496352033639913,0.008056633185964168,0.021076786708327466,0.034096940230690764,0.04711709375305417,0.06013724727541747,0.07315740079778077,0.08617755432014407,0.09919770784250737,0.11221786136487066,0.12523801488723396,0.13825816840959726,0.15127832193196056,0.16429847545432386,0.17731862897668715,0.19033878249905045,0.20335893602141375,0.21637908954377705,0.22939924306614035,0.24241939658850364,0.2554395501108669],"_type":"histogram"},"weights/layer_0":{"bins":[-1.1213169997641637,-1.0804194754958751,-1.0395219512275866,-0.9986244269592983,-0.9577269026910098,-0.9168293784227213,-0.8759318541544329,-0.8350343298861445,-0.7941368056178559,-0.7532392813495674,-0.712341757081279,-0.6714442328129906,-0.6305467085447021,-0.5896491842764136,-0.5487516600081251,-0.5078541357398367,-0.4669566114715482,-0.4260590872032597,-0.3851615629349713,-0.34426403866668287,-0.30336651439839435,-0.26246899013010583,-0.22157146586181742,-0.180673941593529,-0.1397764173252405,-0.09887889305695197,-0.057981368788663445,-0.017083844520375147,0.023813679747913374,0.0647112040162019,0.1056087282844902,0.14650625255277872,0.18740377682106724,0.22830130108935576,0.2691988253576443,0.3100963496259326,0.3509938738942211,0.3918913981625096,0.4327889224307979,0.47368644669908644,0.514583970967375,0.5554814952356635,0.596379019503952,0.6372765437722403,0.6781740680405288,0.7190715923088173,0.7599691165771056,0.8008666408453942,0.8417641651136827,0.8826616893819712,0.9235592136502597,0.9644567379185482,1.0053542621868368,1.0462517864551248,1.0871493107234134,1.1280468349917019,1.1689443592599904,1.209841883528279,1.2507394077965674,1.291636932064856,1.332534456333144,1.3734319806014326,1.414329504869721,1.4552270291380096,1.4961245534062981],"_type":"histogram","values":[2,2,0,5,7,4,8,22,23,28,59,58,106,162,233,293,406,542,756,1121,1632,2169,3096,4521,6704,9491,12550,13792,12534,9188,6391,4191,2995,2059,1435,1035,750,547,378,282,211,169,126,94,48,39,28,16,12,6,7,4,3,1,2,4,0,3,0,0,1,0,0,1]},"biases/layer_1":{"bins":[-0.060009473945124826,-0.05734692060126467,-0.05468436725740451,-0.05202181391354436,-0.0493592605696842,-0.046696707225824044,-0.04403415388196388,-0.04137160053810373,-0.038709047194243576,-0.036046493850383415,-0.033383940506523255,-0.0307213871626631,-0.028058833818802947,-0.025396280474942787,-0.022733727131082633,-0.020071173787222472,-0.01740862044336232,-0.014746067099502165,-0.012083513755642004,-0.00942096041178185,-0.00675840706792169,-0.004095853724061536,-0.0014333003802013758,0.001229252963658778,0.0038918063075189316,0.006554359651379092,0.009216912995239253,0.0118794663390994,0.01454201968295956,0.01720457302681972,0.01986712637067988,0.022529679714540028,0.02519223305840019,0.02785478640226035,0.030517339746120496,0.03317989308998066,0.03584244643384082,0.03850499977770098,0.041167553121561125,0.043830106465421285,0.046492659809281446,0.04915521315314159,0.05181776649700175,0.054480319840861914,0.057142873184722075,0.05980542652858222,0.06246797987244238,0.06513053321630255,0.0677930865601627,0.07045563990402287,0.07311819324788302,0.07578074659174316,0.07844329993560334,0.08110585327946349,0.08376840662332363,0.0864309599671838,0.08909351331104395,0.0917560666549041,0.09441861999876427,0.09708117334262442,0.0997437266864846,0.10240628003034474,0.10506883337420489,0.10773138671806506,0.11039394006192521],"_type":"histogram","values":[1,0,0,0,0,0,0,0,0,0,0,0,1,2,4,2,2,3,1,0,3,0,0,0,2,2,1,3,4,2,3,5,4,8,5,8,5,7,2,4,2,2,3,9,8,3,3,3,1,3,0,0,0,0,0,1,0,0,0,1,0,0,2,3]},"biases/layer_3":{"values":[2,2,1,2,0,3,5,3,3,6,4,2,1,0,0,0,1,0,0,0,0,0,1,0,1,0,0,0,0,0,0,0,1,0,0,0,0,0,0,0,3,1,2,2,2,2,0,1,7,8,11,5,3,5,2,3,4,8,8,6,0,3,3,1],"bins":[-0.38618100724426785,-0.37344247207155945,-0.360703936898851,-0.3479654017261426,-0.33522686655343414,-0.32248833138072575,-0.30974979620801735,-0.29701126103530895,-0.2842727258626005,-0.27153419068989204,-0.25879565551718364,-0.24605712034447524,-0.23331858517176682,-0.2205800499990584,-0.20784151482635,-0.19510297965364157,-0.18236444448093314,-0.16962590930822471,-0.1568873741355163,-0.1441488389628079,-0.13141030379009944,-0.11867176861739104,-0.10593323344468264,-0.09319469827197419,-0.08045616309926579,-0.06771762792655739,-0.054979092753848935,-0.042240557581140536,-0.029502022408432138,-0.016763487235723684,-0.004024952063015286,0.008713583109693168,0.021452118282401567,0.034190653455109965,0.04692918862781842,0.05966772380052682,0.07240625897323527,0.08514479414594367,0.09788332931865207,0.11062186449136052,0.12336039966406898,0.13609893483677737,0.14883747000948577,0.16157600518219417,0.17431454035490257,0.18705307552761097,0.19979161070031948,0.21253014587302788,0.22526868104573627,0.23800721621844467,0.25074575139115307,0.2634842865638616,0.27622282173657,0.2889613569092784,0.3016998920819868,0.3144384272546952,0.3271769624274036,0.3399154976001121,0.3526540327728205,0.3653925679455289,0.3781311031182373,0.3908696382909457,0.4036081734636542,0.4163467086363626,0.429085243809071],"_type":"histogram"},"_runtime":46.7268192,"val_loss":0.36841385204370763,"train_loss":0.36841385204370763,"weights/layer_1":{"_type":"histogram","values":[1,0,0,0,0,0,1,0,0,0,0,0,3,3,2,9,7,13,20,19,24,35,28,38,46,51,56,99,110,139,208,251,384,450,431,389,567,947,1079,950,1050,1111,1175,1277,1085,1033,762,597,540,400,272,185,117,107,61,64,39,27,29,26,28,20,10,9],"bins":[-1.1857364483223658,-1.1573888303758555,-1.1290412124293452,-1.100693594482835,-1.0723459765363248,-1.0439983585898145,-1.0156507406433042,-0.9873031226967939,-0.9589555047502836,-0.9306078868037734,-0.9022602688572631,-0.8739126509107529,-0.8455650329642426,-0.8172174150177323,-0.788869797071222,-0.7605221791247117,-0.7321745611782015,-0.7038269432316913,-0.675479325285181,-0.6471317073386706,-0.6187840893921603,-0.5904364714456501,-0.5620888534991398,-0.5337412355526295,-0.5053936176061193,-0.47704599965960903,-0.4486983817130987,-0.4203507637665884,-0.3920031458200782,-0.3636555278735679,-0.3353079099270576,-0.3069602919805474,-0.2786126740340371,-0.2502650560875268,-0.2219174381410166,-0.1935698201945063,-0.1652222022479961,-0.1368745843014858,-0.1085269663549755,-0.08017934840846519,-0.051831730461954884,-0.023484112515444577,0.004863505431065507,0.03321112337757581,0.06155874132408612,0.08990635927059643,0.11825397721710673,0.14660159516361704,0.17494921311012712,0.20329683105663743,0.23164444900314773,0.25999206694965804,0.28833968489616835,0.31668730284267865,0.34503492078918896,0.37338253873569904,0.40173015668220935,0.43007777462871966,0.45842539257522996,0.48677301052174027,0.5151206284682506,0.5434682464147607,0.571815864361271,0.6001634823077813,0.6285111002542916]},"biases/layer_2":{"_type":"histogram","values":[2,4,0,4,1,0,0,0,0,0,0,0,0,0,0,0,0,0,0,0,0,0,0,0,0,0,0,0,0,0,0,0,0,0,0,0,0,0,1,1,4,3,6,2,2,3,3,3,1,2,0,1,2,9,14,16,9,7,5,8,3,3,4,5],