{"train_loss":0.49458252734810215,"weights/layer_3":{"bins":[-0.7280710758388331,-0.7052320782936627,-0.6823930807484923,-0.6595540832033218,-0.6367150856581514,-0.613876088112981,-0.5910370905678105,-0.56819809302264,-0.5453590954774696,-0.5225200979322993,-0.49968110038712876,-0.4768421028419583,-0.4540031052967879,-0.43116410775161745,-0.408325110206447,-0.3854861126612766,-0.36264711511610614,-0.3398081175709357,-0.31696912002576527,-0.29413012248059484,-0.2712911249354244,-0.24845212739025396,-0.22561312984508353,-0.20277413229991303,-0.17993513475474265,-0.15709613720957227,-0.13425713966440178,-0.11141814211923129,-0.08857914457406091,-0.06574014702889053,-0.042901149483720036,-0.020062151938549544,0.002776845606620837,0.025615843151791218,0.04845484069696171,0.0712938382421322,0.09413283578730258,0.11697183333247296,0.13981083087764345,0.16264982842281395,0.18548882596798433,0.2083278235131547,0.2311668210583252,0.2540058186034957,0.2768448161486661,0.29968381369383645,0.32252281123900706,0.34536180878417744,0.3682008063293478,0.3910398038745182,0.4138788014196886,0.4367177989648592,0.45955679651002956,0.48239579405519994,0.5052347916003705,0.5280737891455409,0.5509127866907113,0.5737517842358817,0.5965907817810521,0.6194297793262227,0.642268776871393,0.6651077744165634,0.687946771961734,0.7107857695069044,0.7336247670520749],"_type":"histogram","values":[1,1,1,1,1,5,1,5,3,7,6,7,17,24,18,44,35,52,73,73,75,103,129,158,229,292,431,583,902,1284,1820,2116,2073,1615,1242,782,536,377,278,178,139,126,85,101,88,58,47,33,25,25,20,18,12,7,4,7,3,2,2,1,0,0,1,2]},"biases/layer_1":{"bins":[-0.3018568376715949,-0.29079796676461295,-0.27973909585763107,-0.26868022495064914,-0.2576213540436672,-0.2465624831366853,-0.2355036122297034,-0.22444474132272146,-0.21338587041573956,-0.20232699950875765,-0.19126812860177572,-0.18020925769479382,-0.1691503867878119,-0.15809151588082998,-0.14703264497384808,-0.13597377406686614,-0.12491490315988424,-0.11385603225290233,-0.1027971613459204,-0.0917382904389385,-0.08067941953195656,-0.06962054862497466,-0.058561677717992755,-0.04750280681101082,-0.036443935904028946,-0.025385064997047013,-0.01432619409006508,-0.0032673231830831484,0.0077915477238987285,0.01885041863088066,0.029909289537862593,0.04096816044484447,0.0520270313518264,0.06308590225880834,0.07414477316579021,0.08520364407277214,0.09626251497975408,0.10732138588673595,0.11838025679371789,0.12943912770069982,0.14049799860768175,0.15155686951466363,0.16261574042164556,0.1736746113286275,0.18473348223560937,0.1957923531425913,0.20685122404957323,0.2179100949565551,0.228968965863537,0.24002783677051898,0.25108670767750085,0.26214557858448284,0.2732044494914647,0.2842633203984466,0.2953221913054286,0.30638106221241046,0.31743993311939234,0.3284988040263743,0.3395576749333562,0.3506165458403381,0.36167541674732007,0.37273428765430194,0.3837931585612838,0.3948520294682658,0.40591090037524774],"_type":"histogram","values":[4,0,1,1,1,2,2,1,2,4,2,4,3,3,4,4,4,6,4,1,4,4,3,1,3,0,0,0,0,0,2,0,1,3,3,6,0,5,5,6,5,2,5,0,3,2,2,1,2,1,1,0,0,0,1,0,0,0,0,0,2,0,1,1]},"val_loss":0.49458252734810215,"biases/layer_0":{"_type":"histogram","values":[2,1,2,0,5,1,1,2,2,2,0,3,4,2,4,3,2,1,1,0,3,2,0,2,1,4,3,1,0,3,3,1,2,1,4,2,5,0,0,1,0,2,1,5,3,3,0,1,1,4,4,4,0,0,0,0,4,1,6,3,1,5,1,3],"bins":[-0.6721423570726542,-0.6514017388781255,-0.6306611206835967,-0.609920502489068,-0.5891798842945393,-0.5684392661000105,-0.5476986479054817,-0.526958029710953,-0.5062174115164242,-0.48547679332189553,-0.46473617512736676,-0.443995556932838,-0.4232549387383092,-0.4025143205437805,-0.38177370234925173,-0.361033084154723,-0.34029246596019425,-0.3195518477656655,-0.29881122957113676,-0.278070611376608,-0.2573299931820793,-0.2365893749875505,-0.21584875679302173,-0.19510813859849302,-0.17436752040396425,-0.15362690220943553,-0.13288628401490676,-0.112145665820378,-0.09140504762584922,-0.07066442943132045,-0.04992381123679179,-0.029183193042263023,-0.008442574847734252,0.012298043346794518,0.03303866154132329,0.05377927973585195,0.07451989793038072,0.09526051612490949,0.11600113431943826,0.13674175251396703,0.1574823707084957,0.17822298890302446,0.19896360709755323,0.219704225292082,0.24044484348661077,0.26118546168113954,0.2819260798756682,0.30266669807019697,0.32340731626472574,0.3441479344592545,0.36488855265378317,0.38562917084831205,0.4063697890428407,0.4271104072373696,0.44785102543189825,0.4685916436264269,0.4893322618209558,0.5100728800154845,0.5308134982100133,0.551554116404542,0.5722947345990707,0.5930353527935995,0.6137759709881282,0.6345165891826571,0.6552572073771858]},"train_acc":0.821,"biases/layer_3":{"bins":[-0.42621047482150193,-0.4124576142883313,-0.3987047537551607,-0.38495189322199,-0.37119903268881943,-0.3574461721556488,-0.3436933116224782,-0.32994045108930753,-0.3161875905561369,-0.3024347300229663,-0.2886818694897957,-0.27492900895662503,-0.2611761484234544,-0.24742328789028376,-0.23367042735711313,-0.2199175668239425,-0.20616470629077188,-0.19241184575760126,-0.17865898522443063,-0.16490612469125998,-0.15115326415808938,-0.13740040362491873,-0.12364754309174814,-0.10989468255857748,-0.09614182202540683,-0.08238896149223623,-0.06863610095906558,-0.054883240425894986,-0.041130379892724334,-0.027377519359553737,-0.013624658826383085,0.00012820170678751186,0.013881062239958164,0.027633922773128816,0.04138678330629941,0.055139643839470065,0.06889250437264066,0.08264536490581126,0.09639822543898197,0.11015108597215256,0.12390394650532316,0.13765680703849387,0.15140966757166446,0.16516252810483506,0.17891538863800566,0.19266824917117636,0.20642110970434696,0.22017397023751756,0.23392683077068827,0.24767969130385886,0.26143255183702946,0.27518541237020006,0.28893827290337076,0.30269113343654136,0.31644399396971196,0.33019685450288255,0.34394971503605326,0.35770257556922386,0.37145543610239445,0.38520829663556516,0.39896115716873576,0.41271401770190635,0.42646687823507695,0.44021973876824766,0.45397259930141826],"_type":"histogram","values":[1,0,0,0,0,0,0,1,1,0,0,3,1,5,3,7,1,2,2,5,1,1,2,2,1,5,1,3,5,5,2,3,4,2,4,9,5,2,4,4,5,1,3,1,3,3,4,3,2,2,0,0,1,0,0,1,0,0,0,0,0,0,1,1]},"epoch":10,"sample_predictions":{"height":28,"format":"png","count":10,"filenames":["media/images/sample_predictions_16_606215d87f87b2f00799.png","media/images/sample_predictions_16_80c07028ea3856542be4.png","media/images/sample_predictions_16_9cf40359a3dec85636e5.png","media/images/sample_predictions_16_ce5b739914bcd72b66df.png","media/images/sample_predictions_16_07a347c11e27a0aa79ca.png","media/images/sample_predictions_16_d99b4985df3c791d3f16.png","media/images/sample_predictions_16_379b818d067226d80795.png","media/images/sample_predictions_16_1fed2768e0601d187e72.png","media/images/sample_predictions_16_736760c82067caaa8fe3.png","media/images/sample_predictions_16_26363bd2a04602ee6a04.png"],"captions":["True: 1, Pred: 1","True: 5, Pred: 5","True: 2, Pred: 2","True: 3, Pred: 3","True: 9, Pred: 9","True: 0, Pred: 1","True: 9, Pred: 9","True: 0, Pred: 3","True: 1, Pred: 1","True: 8, Pred: 8"],"_type":"images/separated","width":28},"weights/layer_0":{"_type":"histogram","values":[4,5,4,10,17,20,33,38,54,47,76,74,55,64,87,105,134,169,213,249,326,434,599,820,1124,1586,2395,3662,5480,8022,10692,11877,11933,11125,8509,5878,4061,2723,1737,1379,1065,770,510,415,288,229,212,181,136,112,75,69,103,88,66,75,42,27,26,14,12,4,7,6],