{"train_acc":0.6368333333333334,"_wandb":{"runtime":114},"weights/layer_0":{"_type":"histogram","values":[9,12,12,5,11,4,11,26,27,53,50,83,125,138,209,241,366,428,493,642,953,1084,1372,1613,1856,2282,2546,3132,3313,3485,3516,3357,3092,2865,2383,2039,1681,1414,1205,987,730,513,401,310,228,209,154,95,79,58,39,39,30,30,29,39,16,15,22,7,2,3,2,6],"bins":[-16.43565047063297,-15.891452311438524,-15.347254152244075,-14.803055993049627,-14.258857833855178,-13.71465967466073,-13.170461515466283,-12.626263356271833,-12.082065197077384,-11.537867037882936,-10.993668878688489,-10.44947071949404,-9.905272560299592,-9.361074401105142,-8.816876241910695,-8.272678082716245,-7.728479923521798,-7.18428176432735,-6.640083605132901,-6.095885445938453,-5.551687286744004,-5.007489127549556,-4.463290968355107,-3.9190928091606594,-3.374894649966212,-2.8306964907717624,-2.286498331577315,-1.7423001723828655,-1.198102013188418,-0.6539038539939686,-0.1097056947995192,0.4344924643949284,0.978690623589376,1.5228887827838236,2.067086941978271,2.6112851011727223,3.15548326036717,3.6996814195616174,4.243879578756065,4.788077737950516,5.332275897144964,5.876474056339411,6.420672215533859,6.9648703747283065,7.509068533922758,8.053266693117205,8.597464852311653,9.1416630115061,9.685861170700548,10.230059329894999,10.774257489089447,11.318455648283894,11.862653807478342,12.406851966672793,12.95105012586724,13.495248285061688,14.039446444256136,14.583644603450583,15.127842762645034,15.672040921839482,16.216239081033933,16.760437240228377,17.30463539942283,17.848833558617272,18.393031717811724]},"biases/layer_0":{"_type":"histogram","values":[1,0,0,0,0,0,1,1,2,1,1,3,1,0,1,0,0,0,0,0,0,3,3,0,0,0,0,1,1,3,1,5,4,3,1,0,1,1,0,1,2,1,3,1,1,2,1,0,1,0,0,0,0,0,0,1,2,3,0,1,1,1,1,2],"bins":[-1.9219737576047833,-1.860997064771217,-1.8000203719376506,-1.7390436791040844,-1.678066986270518,-1.6170902934369518,-1.5561136006033855,-1.4951369077698191,-1.4341602149362527,-1.3731835221026865,-1.3122068292691202,-1.2512301364355538,-1.1902534436019876,-1.1292767507684212,-1.068300057934855,-1.0073233651012887,-0.9463466722677223,-0.8853699794341561,-0.8243932866005896,-0.7634165937670234,-0.702439900933457,-0.6414632080998908,-0.5804865152663243,-0.5195098224327581,-0.4585331295991919,-0.39755643676562546,-0.33657974393205925,-0.2756030510984928,-0.2146263582649266,-0.15364966543136016,-0.09267297259779395,-0.03169627976422751,0.029280413069338707,0.09025710590290492,0.15123379873647114,0.2122104915700378,0.273187184403604,0.3341638772371702,0.39514057007073644,0.4561172629043031,0.5170939557378693,0.5780706485714355,0.6390473414050017,0.700024034238568,0.7610007270721346,0.8219774199057008,0.882954112739267,0.9439308055728333,1.0049074984063995,1.0658841912399661,1.1268608840735324,1.1878375769070986,1.2488142697406648,1.3097909625742314,1.3707676554077977,1.4317443482413639,1.49272104107493,1.5536977339084963,1.614674426742063,1.6756511195756292,1.7366278124091954,1.7976045052427616,1.8585811980763283,1.9195578909098945,1.9805345837434607]},"val_acc":0.6368333333333334,"biases/layer_3":{"values":[1,1,1,1,0,0,0,0,0,0,0,0,0,0,1,0,0,1,1,1,2,1,3,0,1,1,0,2,3,3,3,2,2,5,1,5,2,2,4,0,2,2,1,0,2,1,1,1,0,0,0,0,1,0,1,0,0,0,0,0,1,0,0,1],"bins":[-0.9309791452373218,-0.901638887123288,-0.8722986290092541,-0.8429583708952203,-0.8136181127811866,-0.7842778546671527,-0.7549375965531189,-0.725597338439085,-0.6962570803250512,-0.6669168222110173,-0.6375765640969835,-0.6082363059829496,-0.5788960478689158,-0.549555789754882,-0.5202155316408482,-0.49087527352681437,-0.4615350154127805,-0.4321947572987467,-0.40285449918471283,-0.373514241070679,-0.34417398295664514,-0.3148337248426114,-0.28549346672857756,-0.2561532086145437,-0.22681295050050987,-0.19747269238647602,-0.16813243427244218,-0.13879217615840833,-0.1094519180443746,-0.08011165993034075,-0.050771401816306905,-0.02143114370227306,0.007909114411760787,0.03724937252579463,0.06658963063982848,0.09592988875386232,0.12527014686789617,0.15461040498193002,0.18395066309596386,0.2132909212099977,0.24263117932403155,0.2719714374380652,0.301311695552099,0.33065195366613287,0.3599922117801667,0.38933246989420056,0.4186727280082344,0.44801298612226825,0.4773532442363021,0.506693502350336,0.5360337604643698,0.5653740185784036,0.5947142766924375,0.6240545348064713,0.6533947929205052,0.682735051034539,0.7120753091485726,0.7414155672626065,0.7707558253766403,0.8000960834906742,0.829436341604708,0.8587765997187419,0.8881168578327757,0.9174571159468096,0.9467973740608435],"_type":"histogram"},"biases/layer_1":{"bins":[-0.9959900013320772,-0.9699035786583339,-0.9438171559845906,-0.9177307333108473,-0.8916443106371041,-0.8655578879633609,-0.8394714652896176,-0.8133850426158743,-0.787298619942131,-0.7612121972683878,-0.7351257745946446,-0.7090393519209013,-0.682952929247158,-0.6568665065734147,-0.6307800838996716,-0.6046936612259283,-0.578607238552185,-0.5525208158784417,-0.5264343932046984,-0.5003479705309553,-0.474261547857212,-0.4481751251834687,-0.4220887025097254,-0.39600227983598213,-0.36991585716223885,-0.3438294344884957,-0.3177430118147524,-0.2916565891410091,-0.26557016646726583,-0.23948374379352255,-0.21339732111977938,-0.1873108984460361,-0.16122447577229282,-0.13513805309854954,-0.10905163042480626,-0.08296520775106309,-0.056878785077319804,-0.030792362403576523,-0.004705939729833242,0.02138048294391004,0.04746690561765321,0.0735533282913966,0.09963975096513977,0.12572617363888294,0.15181259631262634,0.1778990189863695,0.2039854416601129,0.23007186433385607,0.25615828700759946,0.28224470968134263,0.3083311323550858,0.3344175550288292,0.36050397770257236,0.38659040037631576,0.4126768230500589,0.4387632457238021,0.4648496683975455,0.49093609107128866,0.517022513745032,0.5431089364187752,0.5691953590925184,0.5952817817662618,0.621368204440005,0.6474546271137483,0.6735410497874916],"_type":"histogram","values":[1,0,0,0,0,0,0,0,0,0,1,0,0,0,2,3,0,0,3,1,1,2,0,0,3,0,3,1,0,1,1,2,2,2,3,0,1,1,1,0,1,0,0,0,1,1,4,0,0,1,0,2,0,3,2,0,1,1,0,2,2,2,4,2]},"sample_predictions":{"format":"png","count":10,"filenames":["media/images/sample_predictions_21_606215d87f87b2f00799.png","media/images/sample_predictions_21_80c07028ea3856542be4.png","media/images/sample_predictions_21_9cf40359a3dec85636e5.png","media/images/sample_predictions_21_ce5b739914bcd72b66df.png","media/images/sample_predictions_21_07a347c11e27a0aa79ca.png","media/images/sample_predictions_21_d99b4985df3c791d3f16.png","media/images/sample_predictions_21_379b818d067226d80795.png","media/images/sample_predictions_21_1fed2768e0601d187e72.png","media/images/sample_predictions_21_736760c82067caaa8fe3.png","media/images/sample_predictions_21_26363bd2a04602ee6a04.png"],"captions":["True: 1, Pred: 1","True: 5, Pred: 9","True: 2, Pred: 2","True: 3, Pred: 3","True: 9, Pred: 9","True: 0, Pred: 1","True: 9, Pred: 9","True: 0, Pred: 3","True: 1, Pred: 1","True: 8, Pred: 8"],"_type":"images/separated","width":28,"height":28},"learning_rate":0.001,"train_loss":0.9257866594922737,"weights/layer_1":{"values":[1,0,2,0,0,2,4,2,1,2,3,10,8,11,19,28,38,44,77,87,86,103,133,151,196,186,175,199,173,204,183,172,198,197,173,134,201,156,130,107,90,101,97,65,42,28,28,21,5,5,4,3,2,4,2,0,0,0,0,0,0,1,1,1],