{"biases/layer_4":{"bins":[0.005589134179350237,0.026141521751746666,0.0466939093241431,0.06724629689653953,0.08779868446893596,0.10835107204133239,0.12890345961372882,0.14945584718612523,0.17000823475852167,0.1905606223309181,0.21111300990331452,0.23166539747571097,0.25221778504810743,0.27277017262050385,0.29332256019290026,0.31387494776529673,0.33442733533769314,0.35497972291008956,0.375532110482486,0.39608449805488244,0.41663688562727885,0.4371892731996753,0.45774166077207173,0.47829404834446815,0.4988464359168646,0.519398823489261,0.5399512110616574,0.5605035986340539,0.5810559862064503,0.6016083737788468,0.6221607613512432,0.6427131489236396,0.663265536496036,0.6838179240684324,0.7043703116408289,0.7249226992132253,0.7454750867856218,0.7660274743580182,0.7865798619304146,0.807132249502811,0.8276846370752075,0.8482370246476039,0.8687894122200004,0.8893417997923968,0.9098941873647932,0.9304465749371896,0.950998962509586,0.9715513500819825,0.992103737654379,1.0126561252267752,1.0332085127991717,1.053760900371568,1.0743132879439645,1.094865675516361,1.1154180630887573,1.1359704506611539,1.1565228382335502,1.1770752258059467,1.1976276133783432,1.2181800009507395,1.238732388523136,1.2592847760955324,1.2798371636679289,1.3003895512403252,1.3209419388127217],"_type":"histogram","values":[1,0,0,0,1,2,0,0,0,0,1,3,1,1,3,2,0,1,4,5,1,1,2,3,3,8,1,1,2,4,4,2,2,0,2,4,1,1,0,0,4,2,1,5,4,2,2,2,1,1,3,3,2,0,6,3,2,2,2,4,4,1,1,4]},"weights/layer_4":{"values":[1,0,1,5,3,8,7,14,11,11,8,7,5,7,11,23,60,49,52,63,95,113,199,303,407,462,408,394,491,617,707,753,926,1130,1538,1190,1023,916,782,610,536,366,288,275,344,343,177,170,125,67,55,33,34,27,34,40,23,13,9,4,8,1,1,1],"bins":[-1.043447986931437,-1.0154174772586282,-0.9873869675858195,-0.9593564579130106,-0.9313259482402019,-0.903295438567393,-0.8752649288945842,-0.8472344192217753,-0.8192039095489666,-0.7911733998761579,-0.763142890203349,-0.7351123805305402,-0.7070818708577313,-0.6790513611849226,-0.6510208515121138,-0.622990341839305,-0.5949598321664962,-0.5669293224936873,-0.5388988128208786,-0.5108683031480697,-0.482837793475261,-0.45480728380245217,-0.4267767741296433,-0.3987462644568346,-0.37071575478402574,-0.3426852451112169,-0.31465473543840816,-0.2866242257655993,-0.25859371609279047,-0.23056320641998174,-0.2025326967471729,-0.17450218707436416,-0.1464716774015553,-0.11844116772874647,-0.09041065805593773,-0.062380148383128886,-0.03434963871032015,-0.006319129037511306,0.02171138063529754,0.049741890308106385,0.07777239998091501,0.10580290965372385,0.1338334193265327,0.16186392899934154,0.1898944386721504,0.21792494834495924,0.24595545801776786,0.2739859676905767,0.30201647736338555,0.3300469870361944,0.35807749670900324,0.38610800638181186,0.4141385160546207,0.44216902572742955,0.4701995354002384,0.49823004507304725,0.5262605547458561,0.5542910644186647,0.5823215740914736,0.6103520837642824,0.6383825934370913,0.6664131031099001,0.6944436127827087,0.7224741224555176,0.7505046321283264],"_type":"histogram"},"_timestamp":1.741528831983181e+09,"train_acc":0.8708333333333333,"weights/layer_5":{"_type":"histogram","values":[1,1,0,0,1,1,1,1,3,3,4,18,4,10,9,4,19,15,28,25,32,29,19,26,35,33,39,54,73,94,89,88,77,62,53,54,53,30,15,19,23,21,11,15,13,12,5,11,6,7,2,6,6,6,4,2,0,1,1,1,0,2,1,2],"bins":[-1.032966800183908,-1.0007401616396336,-0.9685135230953593,-0.936286884551085,-0.9040602460068106,-0.8718336074625361,-0.8396069689182618,-0.8073803303739875,-0.775153691829713,-0.7429270532854386,-0.7107004147411643,-0.67847377619689,-0.6462471376526155,-0.6140204991083411,-0.5817938605640668,-0.5495672220197925,-0.517340583475518,-0.4851139449312436,-0.4528873063869693,-0.42066066784269496,-0.3884340292984205,-0.3562073907541461,-0.32398075220987177,-0.29175411366559745,-0.259527475121323,-0.22730083657704858,-0.19507419803277426,-0.16284755948849994,-0.1306209209442255,-0.09839428239995107,-0.06616764385567675,-0.03394100531140243,-0.001714366767127995,0.030512271777146438,0.06273891032142087,0.09496554886569508,0.12719218740996951,0.15941882595424395,0.19164546449851816,0.2238721030427926,0.256098741587067,0.28832538013134146,0.3205520186756159,0.3527786572198901,0.38500529576416453,0.41723193430843897,0.4494585728527132,0.4816852113969876,0.513911849941262,0.5461384884855365,0.5783651270298109,0.6105917655740851,0.6428184041183596,0.675045042662634,0.7072716812069082,0.7394983197511826,0.7717249582954571,0.8039515968397315,0.8361782353840059,0.8684048739282801,0.9006315124725546,0.932858151016829,0.9650847895611032,0.9973114281053777,1.0295380666496523]},"biases/layer_0":{"_type":"histogram","values":[2,0,0,0,2,0,1,2,1,1,3,1,0,4,1,0,1,4,3,1,3,0,2,0,7,3,3,5,4,3,3,4,5,9,2,4,1,6,5,4,2,3,1,3,2,6,0,0,0,1,1,0,2,0,0,0,0,0,1,0,2,2,0,2],"bins":[-0.6352239780132118,-0.6205684537659322,-0.6059129295186526,-0.591257405271373,-0.5766018810240934,-0.5619463567768137,-0.5472908325295341,-0.5326353082822546,-0.5179797840349749,-0.5033242597876952,-0.4886687355404157,-0.47401321129313606,-0.45935768704585644,-0.4447021627985768,-0.4300466385512972,-0.4153911143040176,-0.400735590056738,-0.38608006580945836,-0.37142454156217874,-0.35676901731489913,-0.3421134930676195,-0.3274579688203399,-0.3128024445730603,-0.29814692032578066,-0.28349139607850105,-0.26883587183122143,-0.2541803475839418,-0.2395248233366622,-0.22486929908938258,-0.21021377484210296,-0.19555825059482335,-0.18090272634754373,-0.1662472021002641,-0.1515916778529845,-0.13693615360570488,-0.12228062935842532,-0.10762510511114565,-0.09296958086386597,-0.07831405661658641,-0.06365853236930685,-0.04900300812202718,-0.03434748387474751,-0.019691959627467948,-0.0050364353801883865,0.009619088867091286,0.024274613114370958,0.03893013736165052,0.05358566160893008,0.06824118585620975,0.08289671010348942,0.09755223435076898,0.11220775859804855,0.12686328284532822,0.1415188070926079,0.15617433133988745,0.170829855587167,0.18548537983444668,0.20014090408172636,0.21479642832900592,0.22945195257628548,0.24410747682356515,0.2587630010708448,0.2734185253181244,0.28807404956540394,0.3027295738126836]},"weights/layer_1":{"bins":[-1.1238995525496365,-1.0864538264511001,-1.0490081003525638,-1.0115623742540274,-0.974116648155491,-0.9366709220569547,-0.8992251959584182,-0.8617794698598819,-0.8243337437613455,-0.7868880176628091,-0.7494422915642728,-0.7119965654657363,-0.6745508393672,-0.6371051132686636,-0.5996593871701272,-0.5622136610715909,-0.5247679349730545,-0.48732220887451816,-0.4498764827759818,-0.41243075667744544,-0.3749850305789091,-0.3375393044803726,-0.30009357838183626,-0.2626478522832999,-0.22520212618476354,-0.18775640008622718,-0.15031067398769082,-0.11286494788915435,-0.075419221790618,-0.03797349569208164,-0.0005277695935452797,0.03691795650499108,0.07436368260352744,0.1118094087020638,0.14925513480060015,0.1867008608991365,0.22414658699767287,0.26159231309620923,0.2990380391947456,0.33648376529328194,0.3739294913918183,0.4113752174903549,0.44882094358889124,0.4862666696874276,0.523712395785964,0.5611581218845003,0.5986038479830367,0.636049574081573,0.6734953001801094,0.7109410262786457,0.7483867523771821,0.7858324784757185,0.8232782045742548,0.8607239306727912,0.8981696567713278,0.9356153828698641,0.9730611089684005,1.0105068350669368,1.0479525611654732,1.0853982872640096,1.122844013362546,1.1602897394610823,1.1977354655596186,1.235181191658155,1.2726269177566913],"_type":"histogram","values":[1,0,0,1,0,1,1,2,5,1,3,10,16,13,9,30,83,51,70,63,91,168,236,482,1332,711,604,1013,1010,996,1831,2694,1630,1073,715,411,263,251,166,103,93,47,26,14,9,10,15,14,4,2,6,0,0,0,2,0,0,1,0,0,0,0,0,1]},"learning_rate":0.001,"_wandb":{"runtime":81},"weights/layer_2":{"_type":"histogram","values":[2,1,2,1,0,0,0,0,0,1,1,0,0,0,0,1,11,11,3,0,0,0,5,2,6,12,0,0,16,92,348,356,100,185,456,561,884,1573,3044,3130,2985,893,636,514,139,97,96,109,44,21,20,10,0,2,0,1,5,0,2,0,0,1,4,1],