{"weights/layer_3":{"_type":"histogram","values":[1,0,0,0,0,2,0,0,0,1,5,3,1,3,1,7,3,4,6,4,8,6,7,7,4,6,7,7,13,10,13,10,13,11,9,14,7,9,9,8,7,10,10,8,7,5,3,3,11,7,7,2,3,4,3,2,0,1,0,3,1,1,1,2],"bins":[-0.029426554399486098,-0.028566507999574497,-0.027706461599662897,-0.026846415199751297,-0.025986368799839697,-0.025126322399928097,-0.0242662760000165,-0.0234062296001049,-0.0225461832001933,-0.0216861368002817,-0.0208260904003701,-0.019966044000458504,-0.019105997600546903,-0.018245951200635303,-0.017385904800723703,-0.016525858400812103,-0.015665812000900503,-0.014805765600988903,-0.013945719201077303,-0.013085672801165703,-0.012225626401254103,-0.011365580001342506,-0.010505533601430906,-0.009645487201519306,-0.008785440801607706,-0.007925394401696106,-0.007065348001784506,-0.0062053016018729056,-0.005345255201961309,-0.004485208802049709,-0.0036251624021381088,-0.0027651160022265087,-0.0019050696023149086,-0.0010450232024033085,-0.0001849768024917084,0.0006750695974198917,0.0015351159973314918,0.002395162397243092,0.003255208797154692,0.004115255197066292,0.004975301596977892,0.005835347996889485,0.006695394396801085,0.0075554407967126855,0.008415487196624286,0.009275533596535886,0.010135579996447486,0.010995626396359086,0.011855672796270686,0.012715719196182286,0.013575765596093886,0.014435811996005486,0.015295858395917086,0.016155904795828686,0.017015951195740286,0.017875997595651887,0.01873604399556348,0.01959609039547508,0.02045613679538668,0.02131618319529828,0.02217622959520988,0.02303627599512148,0.02389632239503308,0.02475636879494468,0.02561641519485628]},"sample_predictions":{"width":28,"height":28,"format":"png","count":10,"filenames":["media/images/sample_predictions_10_606215d87f87b2f00799.png","media/images/sample_predictions_10_80c07028ea3856542be4.png","media/images/sample_predictions_10_9cf40359a3dec85636e5.png","media/images/sample_predictions_10_ce5b739914bcd72b66df.png","media/images/sample_predictions_10_07a347c11e27a0aa79ca.png","media/images/sample_predictions_10_d99b4985df3c791d3f16.png","media/images/sample_predictions_10_379b818d067226d80795.png","media/images/sample_predictions_10_1fed2768e0601d187e72.png","media/images/sample_predictions_10_736760c82067caaa8fe3.png","media/images/sample_predictions_10_26363bd2a04602ee6a04.png"],"captions":["True: 1, Pred: 8","True: 5, Pred: 8","True: 2, Pred: 8","True: 3, Pred: 8","True: 9, Pred: 8","True: 0, Pred: 8","True: 9, Pred: 8","True: 0, Pred: 8","True: 1, Pred: 8","True: 8, Pred: 8"],"_type":"images/separated"},"epoch":5,"biases/layer_3":{"values":[1,0,1,0,0,0,0,0,0,0,0,0,0,1,0,0,0,0,0,0,0,0,0,0,0,0,0,0,0,0,0,0,0,1,0,0,0,1,0,0,0,0,1,1,0,0,0,0,0,2,0,0,0,0,0,0,0,0,0,0,0,0,0,1],"bins":[-0.005129594867238166,-0.004977282139252456,-0.0048249694112667465,-0.0046726566832810375,-0.004520343955295328,-0.004368031227309618,-0.004215718499323908,-0.004063405771338199,-0.003911093043352489,-0.0037587803153667793,-0.0036064675873810695,-0.00345415485939536,-0.0033018421314096502,-0.003149529403423941,-0.002997216675438231,-0.0028449039474525216,-0.0026925912194668117,-0.002540278491481102,-0.0023879657634953925,-0.0022356530355096826,-0.0020833403075239732,-0.0019310275795382634,-0.001778714851552554,-0.0016264021235668441,-0.0014740893955811343,-0.0013217766675954249,-0.0011694639396097155,-0.0010171512116240056,-0.0008648384836382958,-0.000712525755652586,-0.000560213027666877,-0.00040790029968116714,-0.0002555875716954573,-0.00010327484370974745,4.903788427596239e-05,0.00020135061226167136,0.0003536633402473812,0.000505976068233091,0.0006582887962188009,0.0008106015242045099,0.0009629142521902197,0.0011152269801759295,0.0012675397081616394,0.0014198524361473492,0.0015721651641330582,0.001724477892118768,0.0018767906201044779,0.0020291033480901877,0.0021814160760758976,0.0023337288040616066,0.0024860415320473164,0.0026383542600330262,0.002790666988018735,0.002942979716004445,0.003095292443990155,0.0032476051719758647,0.0033999178999615746,0.0035522306279472844,0.0037045433559329943,0.003856856083918704,0.004009168811904412,0.004161481539890122,0.004313794267875832,0.004466106995861542,0.004618419723847252],"_type":"histogram"},"_timestamp":1.7415260357716038e+09,"biases/layer_1":{"values":[1,1,0,0,0,0,0,0,0,0,0,0,0,0,0,1,0,0,1,2,1,1,0,0,0,0,1,1,2,1,0,1,1,2,0,1,2,2,1,0,0,0,0,0,1,0,0,1,0,0,3,1,0,0,0,0,0,0,1,1,0,0,0,1],"bins":[-1.9912192607474834e-06,-1.9286818183475996e-06,-1.8661443759477157e-06,-1.8036069335478317e-06,-1.741069491147948e-06,-1.6785320487480642e-06,-1.6159946063481803e-06,-1.5534571639482963e-06,-1.4909197215484126e-06,-1.4283822791485289e-06,-1.365844836748645e-06,-1.303307394348761e-06,-1.2407699519488772e-06,-1.1782325095489935e-06,-1.1156950671491095e-06,-1.0531576247492256e-06,-9.906201823493418e-07,-9.280827399494581e-07,-8.655452975495741e-07,-8.030078551496902e-07,-7.404704127498065e-07,-6.779329703499227e-07,-6.153955279500388e-07,-5.528580855501548e-07,-4.903206431502711e-07,-4.2778320075038733e-07,-3.652457583505034e-07,-3.0270831595061943e-07,-2.401708735507357e-07,-1.7763343115085195e-07,-1.15095988750968e-07,-5.255854635108405e-08,9.978896048799692e-09,7.251633844868343e-08,1.3505378084856717e-07,1.9759122324845133e-07,2.601286656483351e-07,3.226661080482188e-07,3.85203550448103e-07,4.477409928479867e-07,5.102784352478705e-07,5.728158776477542e-07,6.353533200476379e-07,6.978907624475221e-07,7.604282048474058e-07,8.229656472472896e-07,8.855030896471737e-07,9.480405320470575e-07,1.0105779744469412e-06,1.073115416846825e-06,1.1356528592467087e-06,1.1981903016465929e-06,1.2607277440464766e-06,1.3232651864463603e-06,1.3858026288462445e-06,1.4483400712461282e-06,1.510877513646012e-06,1.5734149560458957e-06,1.6359523984457795e-06,1.6984898408456636e-06,1.7610272832455474e-06,1.823564725645431e-06,1.8861021680453153e-06,1.9486396104451986e-06,2.0111770528450823e-06],"_type":"histogram"},"weights/layer_1":{"values":[1,0,0,0,0,0,0,0,0,0,0,1,1,1,0,4,3,5,7,6,5,12,7,15,23,19,22,26,33,45,34,48,45,40,57,46,56,44,45,43,44,33,35,26,26,23,21,30,16,14,14,11,8,7,6,3,6,2,1,1,1,0,0,2],"bins":[-0.04341678804686787,-0.042222412589781495,-0.04102803713269512,-0.03983366167560875,-0.038639286218522376,-0.037444910761436,-0.03625053530434963,-0.035056159847263256,-0.03386178439017688,-0.03266740893309051,-0.031473033476004136,-0.030278658018917763,-0.029084282561831386,-0.027889907104745013,-0.02669553164765864,-0.025501156190572267,-0.024306780733485894,-0.02311240527639952,-0.021918029819313147,-0.020723654362226774,-0.0195292789051404,-0.018334903448054028,-0.017140527990967654,-0.01594615253388128,-0.014751777076794904,-0.013557401619708531,-0.012363026162622158,-0.011168650705535785,-0.009974275248449412,-0.008779899791363038,-0.007585524334276665,-0.006391148877190292,-0.005196773420103919,-0.0040023979630175455,-0.0028080225059311723,-0.001613647048844799,-0.0004192715917584258,0.0007751038653279474,0.0019694793224143206,0.003163854779500694,0.004358230236587067,0.00555260569367344,0.0067469811507598135,0.007941356607846187,0.00913573206493256,0.010330107522018933,0.011524482979105306,0.01271885843619168,0.01391323389327806,0.015107609350364433,0.016301984807450806,0.01749636026453718,0.018690735721623553,0.01988511117870992,0.0210794866357963,0.022273862092882665,0.023468237549969045,0.02466261300705541,0.025856988464141792,0.027051363921228158,0.02824573937831454,0.029440114835400905,0.030634490292487285,0.03182886574957365,0.03302324120666003],"_type":"histogram"},"biases/layer_2":{"_type":"histogram","values":[1,0,0,0,1,0,1,2,0,1,0,0,0,2,3,0,1,2,1,2,2,2,0,1,0,0,1,1,0,1,2,0,0,0,0,2,0,0,0,0,0,0,0,1,0,0,0,0,0,0,0,0,0,0,0,0,0,1,0,0,0,0,0,1],