{"weights/layer_2":{"_type":"histogram","values":[2,0,0,0,0,0,2,2,2,2,3,4,3,4,11,11,8,7,21,15,10,22,22,23,26,33,37,44,30,35,44,59,37,48,35,42,38,31,33,36,33,24,26,25,34,24,17,15,7,12,6,5,4,2,4,2,0,0,0,0,0,0,0,2],"bins":[-0.03839605801791816,-0.037324130783137024,-0.03625220354835589,-0.03518027631357476,-0.034108349078793634,-0.0330364218440125,-0.03196449460923137,-0.030892567374450237,-0.029820640139669105,-0.028748712904887973,-0.02767678567010684,-0.02660485843532571,-0.02553293120054458,-0.024461003965763447,-0.023389076730982318,-0.022317149496201186,-0.021245222261420053,-0.02017329502663892,-0.01910136779185779,-0.01802944055707666,-0.016957513322295528,-0.015885586087514395,-0.014813658852733266,-0.013741731617952134,-0.012669804383171002,-0.01159787714838987,-0.010525949913608737,-0.009454022678827608,-0.008382095444046476,-0.0073101682092653435,-0.006238240974484215,-0.005166313739703082,-0.00409438650492195,-0.0030224592701408176,-0.0019505320353596853,-0.000878604800578553,0.00019332243420257939,0.0012652496689837048,0.002337176903764837,0.0034091041385459694,0.004481031373327102,0.005552958608108234,0.0066248858428893664,0.007696813077670499,0.008768740312451624,0.009840667547232756,0.010912594782013889,0.011984522016795021,0.013056449251576153,0.014128376486357286,0.015200303721138418,0.01627223095591955,0.017344158190700683,0.018416085425481808,0.01948801266026294,0.020559939895044073,0.021631867129825205,0.022703794364606338,0.02377572159938747,0.024847648834168602,0.025919576068949728,0.026991503303730867,0.028063430538511992,0.02913535777329313,0.030207285008074257]},"train_loss":2.302658479130228,"weights/layer_0":{"bins":[-0.04005124840302427,-0.03878803723037921,-0.03752482605773416,-0.036261614885089104,-0.034998403712444046,-0.03373519253979899,-0.03247198136715393,-0.031208770194508878,-0.02994555902186382,-0.02868234784921876,-0.027419136676573707,-0.026155925503928652,-0.024892714331283594,-0.023629503158638536,-0.02236629198599348,-0.021103080813348427,-0.01983986964070337,-0.01857665846805831,-0.017313447295413256,-0.0160502361227682,-0.014787024950123143,-0.013523813777478084,-0.01226060260483303,-0.010997391432187975,-0.009734180259542917,-0.008470969086897859,-0.007207757914252801,-0.005944546741607749,-0.004681335568962691,-0.003418124396317633,-0.002154913223672582,-0.0008917020510275236,0.0003715091216175345,0.0016347202942625927,0.002897931466907651,0.004161142639552702,0.00542435381219776,0.006687564984842818,0.00795077615748787,0.009213987330132928,0.010477198502777986,0.011740409675423044,0.013003620848068102,0.014266832020713154,0.015530043193358212,0.01679325436600327,0.01805646553864832,0.01931967671129338,0.020582887883938437,0.021846099056583496,0.023109310229228554,0.024372521401873605,0.02563573257451867,0.02689894374716372,0.028162154919808773,0.029425366092453838,0.03068857726509889,0.03195178843774394,0.033214999610389005,0.034478210783034056,0.03574142195567911,0.03700463312832417,0.038267844300969224,0.03953105547361429,0.04079426664625935],"_type":"histogram","values":[2,1,1,1,3,5,10,13,11,17,31,57,68,97,119,156,187,249,273,380,470,542,638,737,849,922,1009,1071,1135,1225,1237,1265,1261,1228,1175,1074,1143,1012,884,743,662,620,525,457,346,271,215,190,138,120,80,45,27,25,16,24,9,6,3,4,2,1,0,1]},"weights/layer_1":{"values":[2,0,1,0,0,6,2,4,4,5,6,6,10,13,16,10,18,22,31,22,25,23,26,43,33,30,37,42,36,36,56,42,38,35,34,34,32,28,33,24,30,28,19,15,11,9,5,7,5,8,6,6,4,1,1,0,0,0,1,1,1,0,0,1],"bins":[-0.030361252920956948,-0.029334648650582593,-0.028308044380208234,-0.02728144010983388,-0.02625483583945952,-0.025228231569085165,-0.02420162729871081,-0.023175023028336454,-0.022148418757962095,-0.021121814487587737,-0.02009521021721338,-0.019068605946839026,-0.01804200167646467,-0.017015397406090312,-0.015988793135715957,-0.0149621888653416,-0.013935584594967243,-0.012908980324592888,-0.011882376054218529,-0.010855771783844174,-0.009829167513469815,-0.00880256324309546,-0.0077759589727211045,-0.006749354702346746,-0.0057227504319723906,-0.004696146161598035,-0.0036695418912236766,-0.0026429376208493213,-0.001616333350474966,-0.0005897290801006073,0.0004368751902737479,0.0014634794606481066,0.002490083731022462,0.003516688001396817,0.004543292271771172,0.005569896542145535,0.00659650081251989,0.007623105082894245,0.0086497093532686,0.009676313623642956,0.010702917894017318,0.011729522164391673,0.012756126434766028,0.013782730705140384,0.014809334975514739,0.015835939245889094,0.016862543516263456,0.01788914778663781,0.018915752057012167,0.019942356327386522,0.020968960597760877,0.02199556486813524,0.023022169138509595,0.02404877340888395,0.025075377679258305,0.02610198194963266,0.027128586220007016,0.028155190490381378,0.029181794760755733,0.03020839903113009,0.031235003301504444,0.0322616075718788,0.03328821184225316,0.03431481611262751,0.03534142038300187],"_type":"histogram"},"biases/layer_0":{"values":[1,0,0,0,0,0,0,0,0,1,0,0,1,0,1,0,0,1,1,1,2,2,0,0,0,0,1,0,2,5,1,0,3,0,0,1,0,1,2,0,1,0,0,0,0,1,0,0,0,0,0,0,0,0,0,1,0,0,1,0,0,0,0,1],"bins":[-3.3836374669794456e-06,-3.2612515534102277e-06,-3.13886563984101e-06,-3.016479726271792e-06,-2.894093812702574e-06,-2.771707899133356e-06,-2.649321985564138e-06,-2.5269360719949202e-06,-2.4045501584257023e-06,-2.2821642448564844e-06,-2.1597783312872665e-06,-2.0373924177180486e-06,-1.9150065041488306e-06,-1.7926205905796127e-06,-1.6702346770103948e-06,-1.5478487634411769e-06,-1.425462849871959e-06,-1.303076936302741e-06,-1.1806910227335231e-06,-1.0583051091643052e-06,-9.359191955950873e-07,-8.135332820258694e-07,-6.911473684566515e-07,-5.687614548874336e-07,-4.4637554131821564e-07,-3.239896277489977e-07,-2.016037141797798e-07,-7.921780061056189e-08,4.3168112958656024e-08,1.6555402652787394e-07,2.8793994009709186e-07,4.1032585366630977e-07,5.327117672355277e-07,6.550976808047456e-07,7.774835943739635e-07,8.998695079431814e-07,1.0222554215123994e-06,1.1446413350816173e-06,1.2670272486508352e-06,1.389413162220053e-06,1.511799075789271e-06,1.634184989358489e-06,1.7565709029277069e-06,1.8789568164969248e-06,2.0013427300661427e-06,2.1237286436353606e-06,2.2461145572045785e-06,2.3685004707737964e-06,2.4908863843430144e-06,2.6132722979122323e-06,2.73565821148145e-06,2.858044125050668e-06,2.980430038619886e-06,3.102815952189104e-06,3.225201865758322e-06,3.3475877793275398e-06,3.4699736928967577e-06,3.5923596064659756e-06,3.7147455200351935e-06,3.8371314336044114e-06,3.959517347173629e-06,4.081903260742847e-06,4.204289174312065e-06,4.326675087881283e-06,4.449061001450501e-06],"_type":"histogram"},"_runtime":7.9018388999999996,"biases/layer_2":{"values":[3,1,0,0,0,0,0,1,1,0,0,1,0,0,0,1,1,0,1,0,0,0,1,0,1,0,0,0,1,1,1,0,2,0,0,1,1,1,0,0,0,0,0,2,1,1,0,0,0,1,2,0,1,0,0,1,0,1,0,0,1,0,0,1],