{"_step":10,"epoch":9,"val_loss":2.3026215567179436,"val_acc":0.09233333333333334,"_timestamp":1.7414601045144482e+09,"_runtime":79.3714627,"_wandb":{"runtime":79}}