{"biases/layer_3":{"values":[1,0,0,0,0,0,0,0,0,1,0,0,0,0,0,0,0,0,1,0,0,0,0,1,1,0,0,0,1,0,0,0,0,0,0,2,0,0,0,0,0,0,0,0,0,0,0,0,0,0,0,0,0,0,0,0,0,0,0,1,0,0,0,1],"bins":[-0.0034503597367482068,-0.0033351116434781228,-0.0032198635502080387,-0.003104615456937955,-0.002989367363667871,-0.002874119270397787,-0.002758871177127703,-0.002643623083857619,-0.0025283749905875355,-0.002413126897317451,-0.0022978788040473675,-0.0021826307107772835,-0.0020673826175071994,-0.0019521345242371156,-0.0018368864309670316,-0.0017216383376969478,-0.0016063902444268638,-0.0014911421511567798,-0.0013758940578866958,-0.0012606459646166122,-0.0011453978713465282,-0.0010301497780764442,-0.0009149016848063601,-0.0007996535915362761,-0.0006844054982661921,-0.0005691574049961085,-0.0004539093117260245,-0.0003386612184559405,-0.00022341312518585647,-0.00010816503191577245,7.083061354311131e-06,0.00012233115462439515,0.00023757924789447916,0.0003528273411645632,0.0004680754344346472,0.0005833235277047308,0.0006985716209748152,0.0008138197142448988,0.0009290678075149824,0.0010443159007850669,0.0011595639940551504,0.0012748120873252349,0.0013900601805953185,0.001505308273865402,0.0016205563671354865,0.00173580446040557,0.0018510525536756545,0.001966300646945738,0.0020815487402158226,0.002196796833485906,0.0023120449267559897,0.002427293020026074,0.0025425411132961578,0.0026577892065662422,0.002773037299836326,0.0028882853931064094,0.003003533486376494,0.0031187815796465774,0.003234029672916662,0.0033492777661867455,0.003464525859456829,0.0035797739527269135,0.003695022045996997,0.0038102701392670815,0.003925518232537165],"_type":"histogram"},"train_loss":2.3027696499022974,"weights/layer_2":{"_type":"histogram","values":[1,1,1,1,0,2,1,4,1,2,10,9,12,14,15,30,25,36,36,42,64,76,68,79,74,97,92,123,132,144,147,133,176,162,171,173,152,163,154,167,148,147,131,125,115,99,82,65,69,53,53,44,33,30,24,25,17,14,7,7,6,6,4,2],"bins":[-0.03481880631299659,-0.033832704387494146,-0.03284660246199171,-0.03186050053648927,-0.030874398610986835,-0.029888296685484397,-0.02890219475998196,-0.027916092834479517,-0.026929990908977082,-0.02594388898347464,-0.024957787057972206,-0.023971685132469764,-0.022985583206967326,-0.021999481281464887,-0.02101337935596245,-0.02002727743046001,-0.019041175504957573,-0.018055073579455135,-0.017068971653952696,-0.016082869728450258,-0.01509676780294782,-0.014110665877445382,-0.013124563951942943,-0.012138462026440505,-0.011152360100938064,-0.010166258175435625,-0.009180156249933187,-0.008194054324430749,-0.007207952398928311,-0.006221850473425872,-0.005235748547923434,-0.004249646622420996,-0.0032635446969185578,-0.002277442771416116,-0.0012913408459136813,-0.0003052389204112396,0.0006808630050911951,0.0016669649305936368,0.0026530668560960716,0.0036391687815985133,0.004625270707100948,0.00561137263260339,0.0065974745581058244,0.007583576483608266,0.008569678409110701,0.009555780334613143,0.010541882260115577,0.011527984185618019,0.01251408611112046,0.013500188036622895,0.014486289962125337,0.015472391887627772,0.016458493813130214,0.01744459573863265,0.01843069766413509,0.019416799589637525,0.020402901515139966,0.0213890034406424,0.022375105366144843,0.023361207291647278,0.02434730921714972,0.025333411142652154,0.026319513068154596,0.02730561499365703,0.028291716919159476]},"_timestamp":1.7415189561345613e+09,"train_acc":0.09916666666666667,"biases/layer_1":{"values":[1,0,0,0,0,2,1,0,0,1,1,0,0,0,2,0,0,1,3,1,1,2,1,2,3,2,1,1,2,1,1,0,0,4,1,1,2,1,1,1,3,1,1,1,2,3,0,0,0,1,0,0,3,1,1,0,1,0,0,0,0,3,0,2],"bins":[-7.396807044251386e-07,-7.189119857870549e-07,-6.981432671489713e-07,-6.773745485108876e-07,-6.56605829872804e-07,-6.358371112347203e-07,-6.150683925966366e-07,-5.942996739585529e-07,-5.735309553204692e-07,-5.527622366823857e-07,-5.31993518044302e-07,-5.112247994062183e-07,-4.904560807681346e-07,-4.69687362130051e-07,-4.489186434919673e-07,-4.2814992485388366e-07,-4.073812062158e-07,-3.866124875777163e-07,-3.6584376893963266e-07,-3.45075050301549e-07,-3.2430633166346535e-07,-3.0353761302538166e-07,-2.82768894387298e-07,-2.620001757492143e-07,-2.412314571111306e-07,-2.2046273847304703e-07,-1.9969401983496334e-07,-1.7892530119687966e-07,-1.5815658255879597e-07,-1.3738786392071229e-07,-1.166191452826287e-07,-9.585042664454502e-08,-7.508170800646134e-08,-5.431298936837765e-08,-3.3544270730293966e-08,-1.2775552092210386e-08,7.993166545873299e-09,2.8761885183956984e-08,4.953060382204067e-08,7.029932246012435e-08,9.106804109820793e-08,1.1183675973629162e-07,1.326054783743753e-07,1.53374197012459e-07,1.7414291565054267e-07,1.9491163428862636e-07,2.1568035292671004e-07,2.3644907156479362e-07,2.572177902028774e-07,2.77986508840961e-07,2.9875522747904457e-07,3.1952394611712836e-07,3.4029266475521194e-07,3.6106138339329573e-07,3.818301020313793e-07,4.025988206694629e-07,4.233675393075467e-07,4.4413625794563026e-07,4.6490497658371405e-07,4.856736952217976e-07,5.064424138598812e-07,5.27211132497965e-07,5.479798511360486e-07,5.687485697741324e-07,5.895172884122158e-07],"_type":"histogram"},"epoch":5,"weights/layer_3":{"_type":"histogram","values":[2,3,1,2,3,5,2,5,4,5,11,11,13,15,16,18,16,16,18,29,18,14,15,26,27,25,25,23,35,23,22,30,22,16,15,9,12,11,9,16,5,13,6,9,2,3,3,4,2,0,2,1,1,0,0,0,0,0,0,0,0,0,0,1],"bins":[-0.024825219870986404,-0.023878681022042266,-0.02293214217309813,-0.02198560332415399,-0.021039064475209854,-0.020092525626265716,-0.01914598677732158,-0.01819944792837744,-0.017252909079433304,-0.016306370230489167,-0.015359831381545029,-0.014413292532600892,-0.013466753683656754,-0.012520214834712617,-0.01157367598576848,-0.010627137136824342,-0.009680598287880204,-0.008734059438936067,-0.0077875205899919295,-0.006840981741047792,-0.005894442892103655,-0.004947904043159517,-0.00400136519421538,-0.0030548263452712422,-0.0021082874963271048,-0.0011617486473829673,-0.00021520979843882987,0.0007313290505053076,0.001677867899449445,0.0026244067483935825,0.00357094559733772,0.004517484446281857,0.005464023295225995,0.006410562144170132,0.00735710099311427,0.00830363984205841,0.009250178691002545,0.010196717539946679,0.01114325638889082,0.01208979523783496,0.013036334086779094,0.013982872935723228,0.01492941178466737,0.01587595063361151,0.016822489482555644,0.017769028331499778,0.01871556718044392,0.01966210602938806,0.020608644878332194,0.021555183727276328,0.02250172257622047,0.02344826142516461,0.024394800274108744,0.025341339123052878,0.02628787797199702,0.02723441682094116,0.028180955669885294,0.029127494518829428,0.03007403336777357,0.03102057221671771,0.03196711106566184,0.03291364991460598,0.03386018876355012,0.03480672761249426,0.03575326646143839]},"_runtime":15.0003147,"_wandb":{"runtime":15},"learning_rate":0.0001,"biases/layer_0":{"_type":"histogram","values":[2,0,0,0,0,0,1,0,1,2,3,1,1,0,0,2,0,2,1,1,3,3,0,2,2,2,1,1,3,0,0,2,0,2,1,4,1,1,2,0,2,0,1,1,2,3,0,2,2,0,0,0,0,0,1,0,0,1,0,0,0,0,1,1],