{"_wandb":{"runtime":16},"_timestamp":1.741520943101943e+09,"train_acc":0.8626666666666667,"weights/layer_1":{"bins":[-0.4819304352912844,-0.4636874742831896,-0.44544451327509493,-0.4272015522670002,-0.40895859125890544,-0.39071563025081074,-0.372472669242716,-0.3542297082346213,-0.33598674722652655,-0.3177437862184318,-0.2995008252103371,-0.28125786420224236,-0.26301490319414766,-0.24477194218605292,-0.22652898117795817,-0.20828602016986347,-0.19004305916176872,-0.17180009815367397,-0.15355713714557928,-0.13531417613748453,-0.11707121512938984,-0.09882825412129509,-0.08058529311320034,-0.06234233210510565,-0.0440993710970109,-0.02585641008891615,-0.007613449080821455,0.010629511927273294,0.028872472935368043,0.04711543394346279,0.06535839495155743,0.08360135595965218,0.10184431696774693,0.12008727797584168,0.13833023898393643,0.15657319999203106,0.1748161610001258,0.19305912200822056,0.2113020830163153,0.22954504402441006,0.2477880050325047,0.26603096604059945,0.2842739270486942,0.30251688805678895,0.3207598490648837,0.33900281007297844,0.3572457710810731,0.37548873208916783,0.3937316930972626,0.41197465410535733,0.4302176151134521,0.4484605761215467,0.46670353712964147,0.4849464981377362,0.503189459145831,0.5214324201539258,0.5396753811620205,0.5579183421701153,0.57616130317821,0.5944042641863045,0.6126472251943993,0.630890186202494,0.6491331472105888,0.6673761082186835,0.6856190692267782],"_type":"histogram","values":[1,4,1,3,4,8,3,8,9,15,19,20,28,32,34,53,71,57,77,69,129,123,241,741,2129,4229,4240,2106,847,315,152,110,85,65,62,42,40,35,31,29,23,18,21,7,8,8,5,5,4,5,3,1,1,2,2,0,1,2,0,0,0,0,0,1]},"biases/layer_2":{"_type":"histogram","values":[1,0,0,1,0,0,0,0,0,0,0,0,0,0,1,0,0,1,1,2,6,4,17,8,9,29,7,11,1,1,0,2,3,1,1,1,2,1,1,0,0,2,0,2,0,1,1,0,2,1,0,0,0,2,0,0,0,0,1,1,1,0,1,1],"bins":[-0.3467199536190569,-0.33416870597753123,-0.3216174583360055,-0.3090662106944798,-0.29651496305295416,-0.2839637154114285,-0.2714124677699028,-0.2588612201283771,-0.24630997248685144,-0.23375872484532575,-0.22120747720380007,-0.2086562295622744,-0.1961049819207487,-0.18355373427922303,-0.17100248663769735,-0.15845123899617167,-0.14589999135464599,-0.1333487437131203,-0.12079749607159462,-0.10824624843006894,-0.09569500078854326,-0.08314375314701755,-0.0705925055054919,-0.058041257863966245,-0.045490010222440536,-0.03293876258091483,-0.020387514939389173,-0.00783626729786352,0.0047149803436621895,0.0172662279851879,0.029817475626713552,0.042368723268239206,0.054919970909764915,0.06747121855129062,0.08002246619281628,0.09257371383434193,0.10512496147586764,0.11767620911739335,0.130227456758919,0.14277870440044466,0.15532995204197036,0.16788119968349607,0.18043244732502178,0.19298369496654738,0.2055349426080731,0.2180861902495988,0.2306374378911244,0.2431886855326501,0.2557399331741758,0.2682911808157015,0.28084242845722723,0.29339367609875283,0.30594492374027854,0.31849617138180425,0.33104741902332985,0.34359866666485556,0.35614991430638127,0.368701161947907,0.3812524095894327,0.3938036572309583,0.406354904872484,0.4189061525140097,0.4314574001555353,0.444008647797061,0.45655989543858666]},"biases/layer_0":{"bins":[-0.3726554425366748,-0.36055367362111934,-0.34845190470556386,-0.3363501357900084,-0.32424836687445285,-0.3121465979588974,-0.3000448290433419,-0.2879430601277864,-0.27584129121223094,-0.2637395222966754,-0.25163775338111993,-0.23953598446556448,-0.22743421555000898,-0.2153324466344535,-0.20323067771889802,-0.19112890880334252,-0.17902713988778704,-0.16692537097223156,-0.15482360205667606,-0.14272183314112058,-0.1306200642255651,-0.11851829531000962,-0.10641652639445415,-0.09431475747889861,-0.08221298856334314,-0.07011121964778766,-0.05800945073223218,-0.045907681816676704,-0.03380591290112123,-0.021704143985565694,-0.009602375070010216,0.0024993938455452613,0.014601162761100739,0.026702931676656216,0.038804700592211694,0.05090646950776717,0.0630082384233227,0.07511000733887818,0.08721177625443366,0.09931354516998914,0.11141531408554461,0.12351708300110009,0.13561885191665557,0.14772062083221105,0.15982238974776652,0.1719241586633221,0.1840259275788776,0.19612769649443307,0.20822946540998855,0.22033123432554402,0.2324330032410995,0.24453477215665498,0.25663654107221046,0.26873830998776593,0.2808400789033214,0.2929418478188769,0.30504361673443237,0.31714538564998784,0.32924715456554343,0.3413489234810989,0.3534506923966544,0.36555246131220986,0.37765423022776534,0.3897559991433208,0.4018577680588763],"_type":"histogram","values":[1,0,0,0,0,0,0,1,0,0,0,0,0,1,0,1,1,0,0,0,0,0,0,1,1,1,11,10,25,43,7,3,1,0,1,1,1,0,1,1,1,1,1,0,0,0,0,2,0,0,2,0,0,1,2,0,0,0,1,2,0,1,0,1]},"learning_rate":0.001,"weights/layer_0":{"_type":"histogram","values":[1,0,0,0,0,1,2,2,3,1,2,7,4,7,10,16,18,29,48,69,82,105,121,164,211,296,404,515,693,962,1255,2103,6117,30513,38007,9893,3516,1558,1106,752,500,382,203,192,138,83,74,44,33,38,16,12,15,8,6,2,4,3,1,0,1,0,2,2],"bins":[-0.9854078945643188,-0.9569656510709087,-0.9285234075774985,-0.9000811640840884,-0.8716389205906783,-0.8431966770972682,-0.8147544336038581,-0.786312190110448,-0.7578699466170379,-0.7294277031236278,-0.7009854596302176,-0.6725432161368076,-0.6441009726433975,-0.6156587291499873,-0.5872164856565772,-0.5587742421631672,-0.530331998669757,-0.5018897551763468,-0.47344751168293675,-0.4450052681895267,-0.4165630246961165,-0.38812078120270643,-0.35967853770929636,-0.3312362942158862,-0.3027940507224761,-0.27435180722906605,-0.24590956373565587,-0.2174673202422458,-0.18902507674883573,-0.16058283325542555,-0.13214058976201548,-0.1036983462686053,-0.07525610277519523,-0.046813859281785164,-0.018371615788374984,0.010070627705035085,0.038512871198445264,0.06695511469185522,0.0953973581852654,0.12383960167867558,0.15228184517208576,0.18072408866549572,0.2091663321589059,0.23760857565231608,0.26605081914572604,0.2944930626391362,0.3229353061325464,0.35137754962595635,0.37981979311936653,0.4082620366127767,0.43670428010618667,0.46514652359959685,0.49358876709300703,0.522031010586417,0.5504732540798272,0.5789154975732373,0.6073577410666473,0.6357999845600575,0.6642422280534677,0.6926844715468778,0.7211267150402878,0.749568958533698,0.7780112020271082,0.8064534455205181,0.8348956890139284]},"train_loss":0.3678184405342185,"sample_predictions":{"height":28,"format":"png","count":10,"filenames":["media/images/sample_predictions_11_606215d87f87b2f00799.png","media/images/sample_predictions_11_80c07028ea3856542be4.png","media/images/sample_predictions_11_9cf40359a3dec85636e5.png","media/images/sample_predictions_11_ce5b739914bcd72b66df.png","media/images/sample_predictions_11_07a347c11e27a0aa79ca.png","media/images/sample_predictions_11_d99b4985df3c791d3f16.png","media/images/sample_predictions_11_379b818d067226d80795.png","media/images/sample_predictions_11_1fed2768e0601d187e72.png","media/images/sample_predictions_11_736760c82067caaa8fe3.png","media/images/sample_predictions_11_26363bd2a04602ee6a04.png"],"captions":["True: 1, Pred: 1","True: 5, Pred: 5","True: 2, Pred: 2","True: 3, Pred: 3","True: 9, Pred: 9","True: 0, Pred: 0","True: 9, Pred: 9","True: 0, Pred: 3","True: 1, Pred: 1","True: 8, Pred: 8"],"_type":"images/separated","width":28},"val_acc":0.8626666666666667,"biases/layer_1":{"_type":"histogram","values":[1,0,0,1,0,0,2,1,1,0,0,0,1,3,1,1,3,3,6,7,15,12,5,3,1,3,2,0,2,0,0,1,3,5,5,3,5,4,2,6,4,1,4,0,2,1,2,0,2,0,2,0,0,0,0,0,1,0,0,0,0,0,0,1],