{"_wandb":{"runtime":53},"_timestamp":1.7414614002687533e+09,"_runtime":53.407814,"_step":10,"epoch":9,"val_loss":0.7042217316246179,"val_acc":0.7455}