{"weights/layer_3":{"_type":"histogram","values":[2,1,0,0,1,1,1,0,0,0,0,0,0,0,0,0,1,1,1,0,4,2,2,2,7,10,10,8,8,9,8,9,13,18,11,10,14,13,8,11,12,19,12,12,11,14,18,6,6,9,3,5,3,1,0,0,0,0,0,0,0,0,0,3],"bins":[-3.8529559117586314,-3.75845238827606,-3.663948864793489,-3.5694453413109173,-3.4749418178283458,-3.3804382943457743,-3.285934770863203,-3.1914312473806317,-3.0969277238980606,-3.002424200415489,-2.9079206769329176,-2.813417153450346,-2.718913629967775,-2.6244101064852035,-2.5299065830026324,-2.435403059520061,-2.3408995360374893,-2.246396012554918,-2.1518924890723463,-2.0573889655897752,-1.9628854421072037,-1.8683819186246324,-1.7738783951420611,-1.6793748716594896,-1.5848713481769185,-1.490367824694347,-1.3958643012117755,-1.301360777729204,-1.206857254246633,-1.1123537307640614,-1.01785020728149,-0.9233466837989188,-0.8288431603163473,-0.7343396368337758,-0.6398361133512047,-0.5453325898686332,-0.4508290663860617,-0.3563255429034906,-0.2618220194209191,-0.16731849593834758,-0.07281497245577606,0.02168855102679501,0.11619207450936653,0.2106955979919376,0.3051991214745091,0.39970264495708063,0.49420616843965215,0.5887096919222237,0.6832132154047943,0.7777167388873658,0.8722202623699373,0.9667237858525088,1.0612273093350804,1.1557308328176519,1.2502343563002234,1.344737879782794,1.4392414032653655,1.533744926747937,1.6282484502305086,1.72275197371308,1.8172554971956516,1.9117590206782222,2.0062625441607937,2.1007660676433653,2.1952695911259363]},"epoch":5,"sample_predictions":{"count":10,"filenames":["media/images/sample_predictions_10_606215d87f87b2f00799.png","media/images/sample_predictions_10_80c07028ea3856542be4.png","media/images/sample_predictions_10_9cf40359a3dec85636e5.png","media/images/sample_predictions_10_ce5b739914bcd72b66df.png","media/images/sample_predictions_10_07a347c11e27a0aa79ca.png","media/images/sample_predictions_10_d99b4985df3c791d3f16.png","media/images/sample_predictions_10_379b818d067226d80795.png","media/images/sample_predictions_10_1fed2768e0601d187e72.png","media/images/sample_predictions_10_736760c82067caaa8fe3.png","media/images/sample_predictions_10_26363bd2a04602ee6a04.png"],"captions":["True: 1, Pred: 1","True: 5, Pred: 5","True: 2, Pred: 2","True: 3, Pred: 3","True: 9, Pred: 9","True: 0, Pred: 0","True: 9, Pred: 9","True: 0, Pred: 3","True: 1, Pred: 1","True: 8, Pred: 8"],"_type":"images/separated","width":28,"height":28,"format":"png"},"val_loss":0.425222965191705,"_timestamp":1.7415261354931567e+09,"val_acc":0.8558333333333333,"_step":10,"train_loss":0.425222965191705,"biases/layer_3":{"values":[1,0,1,0,0,0,0,0,1,0,0,0,0,1,1,0,0,0,0,0,0,0,1,0,0,1,0,0,0,0,0,0,1,0,0,1,0,0,0,0,0,0,0,0,0,0,0,0,0,0,0,0,0,0,0,0,0,0,0,0,0,0,0,1],"bins":[-1.0859070857043396,-1.0356960243468414,-0.9854849629893432,-0.9352739016318449,-0.8850628402743467,-0.8348517789168485,-0.7846407175593502,-0.734429656201852,-0.6842185948443538,-0.6340075334868556,-0.5837964721293574,-0.5335854107718591,-0.48337434941436086,-0.43316328805686266,-0.38295222669936435,-0.33274116534186615,-0.28253010398436795,-0.23231904262686975,-0.18210798126937155,-0.13189691991187324,-0.08168585855437516,-0.031474797196876736,0.018736264160621463,0.06894732551811966,0.11915838687561786,0.16936944823311606,0.21958050959061426,0.26979157094811246,0.3200026323056109,0.3702136936631091,0.4204247550206073,0.4706358163781055,0.5208468777356037,0.5710579390931019,0.6212690004506001,0.6714800618080983,0.7216911231655965,0.7719021845230949,0.8221132458805931,0.8723243072380913,0.9225353685955893,0.9727464299530879,1.022957491310586,1.0731685526680843,1.1233796140255825,1.1735906753830807,1.223801736740579,1.274012798098077,1.3242238594555753,1.3744349208130735,1.4246459821705717,1.47485704352807,1.525068104885568,1.5752791662430663,1.6254902276005645,1.6757012889580627,1.7259123503155613,1.7761234116730595,1.8263344730305577,1.876545534388056,1.9267565957455541,1.9769676571030523,2.0271787184605508,2.0773897798180485,2.127600841175547],"_type":"histogram"},"biases/layer_1":{"values":[2,0,2,0,1,0,0,0,0,0,0,0,0,1,0,0,0,0,0,0,0,1,1,1,0,0,0,0,1,0,0,0,0,2,0,1,0,1,0,0,0,1,0,0,0,1,0,4,0,2,0,2,1,0,1,0,2,0,0,0,1,2,0,1],"bins":[0.656619480261964,0.663686450943027,0.6707534216240901,0.6778203923051531,0.6848873629862162,0.6919543336672792,0.6990213043483422,0.7060882750294053,0.7131552457104683,0.7202222163915313,0.7272891870725944,0.7343561577536574,0.7414231284347204,0.7484900991157835,0.7555570697968464,0.7626240404779095,0.7696910111589725,0.7767579818400355,0.7838249525210986,0.7908919232021616,0.7979588938832247,0.8050258645642877,0.8120928352453507,0.8191598059264138,0.8262267766074768,0.8332937472885398,0.8403607179696029,0.8474276886506659,0.8544946593317289,0.861561630012792,0.868628600693855,0.8756955713749179,0.882762542055981,0.8898295127370441,0.8968964834181071,0.9039634540991701,0.9110304247802332,0.9180973954612962,0.9251643661423592,0.9322313368234223,0.9392983075044853,0.9463652781855483,0.9534322488666114,0.9604992195476744,0.9675661902287374,0.9746331609098005,0.9817001315908634,0.9887671022719264,0.9958340729529895,1.0029010436340526,1.0099680143151155,1.0170349849961786,1.0241019556772417,1.0311689263583048,1.0382358970393677,1.0453028677204308,1.0523698384014937,1.0594368090825568,1.0665037797636199,1.073570750444683,1.0806377211257459,1.087704691806809,1.0947716624878718,1.101838633168935,1.108905603849998],"_type":"histogram"},"weights/layer_1":{"_type":"histogram","values":[1,0,0,0,0,0,1,1,3,3,2,2,1,12,11,11,12,11,13,17,10,16,17,18,29,33,42,50,31,33,28,34,36,49,59,22,17,36,41,25,31,30,27,25,25,20,15,26,12,10,15,16,7,7,10,5,4,8,2,1,0,0,0,1],"bins":[-1.7798697538521557,-1.7367880769527222,-1.6937064000532889,-1.6506247231538553,-1.6075430462544218,-1.5644613693549885,-1.521379692455555,-1.4782980155561214,-1.435216338656688,-1.3921346617572548,-1.3490529848578212,-1.3059713079583877,-1.2628896310589544,-1.2198079541595208,-1.1767262772600873,-1.133644600360654,-1.0905629234612204,-1.0474812465617869,-1.0043995696623536,-0.96131789276292,-0.9182362158634866,-0.8751545389640532,-0.8320728620646196,-0.7889911851651862,-0.7459095082657528,-0.7028278313663192,-0.6597461544668859,-0.6166644775674524,-0.5735828006680188,-0.5305011237685855,-0.48741944686915195,-0.44433776996971863,-0.4012560930702851,-0.35817441617085155,-0.31509273927141823,-0.2720110623719847,-0.22892938547255137,-0.18584770857311783,-0.1427660316736843,-0.09968435477425097,-0.05660267787481743,-0.01352100097538389,0.02956067592404943,0.07264235282348297,0.11572402972291651,0.15880570662234983,0.20188738352178337,0.2449690604212169,0.28805073732065023,0.33113241422008355,0.3742140911195173,0.41729576801895063,0.46037744491838395,0.5034591218178177,0.546540798717251,0.5896224756166843,0.6327041525161181,0.6757858294155514,0.7188675063149847,0.7619491832144181,0.8050308601138518,0.8481125370132852,0.8911942139127185,0.9342758908121522,0.9773575677115857]},