{"_runtime":145.8862503,"_step":10,"epoch":9,"_wandb":{"runtime":145},"val_loss":2.3028195583353597,"val_acc":0.09233333333333334,"_timestamp":1.7414613392192307e+09}