{"weights/layer_2":{"bins":[-2.3719207504402076,-2.311894540405186,-2.2518683303701645,-2.191842120335143,-2.1318159103001215,-2.0717897002651,-2.0117634902300785,-1.951737280195057,-1.8917110701600355,-1.831684860125014,-1.7716586500899925,-1.711632440054971,-1.6516062300199492,-1.5915800199849277,-1.5315538099499062,-1.4715275999148847,-1.4115013898798632,-1.3514751798448417,-1.2914489698098202,-1.2314227597747986,-1.1713965497397771,-1.1113703397047556,-1.0513441296697341,-0.9913179196347126,-0.9312917095996909,-0.8712654995646694,-0.8112392895296479,-0.7512130794946263,-0.6911868694596048,-0.6311606594245833,-0.5711344493895618,-0.5111082393545403,-0.4510820293195188,-0.3910558192844973,-0.3310296092494758,-0.27100339921445427,-0.21097718917943276,-0.15095097914441125,-0.09092476910938974,-0.030898559074368226,0.029127650960653284,0.0891538609956748,0.1491800710306963,0.20920628106571781,0.2692324911007393,0.32925870113576083,0.38928491117078234,0.44931112120580385,0.5093373312408258,0.5693635412758473,0.6293897513108688,0.6894159613458903,0.7494421713809118,0.8094683814159334,0.8694945914509549,0.9295208014859764,0.9895470115209979,1.0495732215560194,1.109599431591041,1.1696256416260624,1.229651851661084,1.2896780616961054,1.349704271731127,1.4097304817661485,1.4697566918011702],"_type":"histogram","values":[1,0,0,0,1,2,5,12,12,9,13,9,12,6,15,11,17,16,24,21,27,30,24,41,51,38,33,16,24,64,54,35,43,28,22,31,19,17,11,14,10,16,21,25,18,15,17,7,13,12,7,10,8,8,3,8,2,3,2,3,1,3,3,1]},"sample_predictions":{"width":28,"height":28,"format":"png","count":10,"filenames":["media/images/sample_predictions_10_606215d87f87b2f00799.png","media/images/sample_predictions_10_80c07028ea3856542be4.png","media/images/sample_predictions_10_9cf40359a3dec85636e5.png","media/images/sample_predictions_10_ce5b739914bcd72b66df.png","media/images/sample_predictions_10_07a347c11e27a0aa79ca.png","media/images/sample_predictions_10_d99b4985df3c791d3f16.png","media/images/sample_predictions_10_379b818d067226d80795.png","media/images/sample_predictions_10_1fed2768e0601d187e72.png","media/images/sample_predictions_10_736760c82067caaa8fe3.png","media/images/sample_predictions_10_26363bd2a04602ee6a04.png"],"captions":["True: 1, Pred: 1","True: 5, Pred: 5","True: 2, Pred: 2","True: 3, Pred: 3","True: 9, Pred: 9","True: 0, Pred: 0","True: 9, Pred: 9","True: 0, Pred: 3","True: 1, Pred: 1","True: 8, Pred: 8"],"_type":"images/separated"},"learning_rate":0.001,"val_loss":0.4572782225548948,"_step":10,"biases/layer_0":{"values":[1,0,0,0,0,0,0,0,0,1,1,0,0,0,1,1,0,1,0,0,0,0,1,3,0,0,0,1,0,1,2,0,0,1,1,0,2,1,1,0,1,1,0,0,2,0,1,0,1,0,1,1,0,1,0,0,0,0,0,0,0,0,1,2],"bins":[-0.745349059244446,-0.7254200315640462,-0.7054910038836465,-0.6855619762032467,-0.6656329485228469,-0.6457039208424471,-0.6257748931620473,-0.6058458654816474,-0.5859168378012477,-0.565987810120848,-0.5460587824404481,-0.5261297547600483,-0.5062007270796485,-0.48627169939924875,-0.4663426717188489,-0.44641364403844913,-0.42648461635804935,-0.40655558867764957,-0.3866265609972498,-0.36669753331684996,-0.3467685056364502,-0.3268394779560504,-0.30691045027565056,-0.2869814225952508,-0.267052394914851,-0.24712336723445122,-0.22719433955405144,-0.2072653118736516,-0.18733628419325177,-0.16740725651285204,-0.1474782288324522,-0.12754920115205248,-0.10762017347165265,-0.08769114579125281,-0.06776211811085309,-0.04783309043045325,-0.027904062750053527,-0.007975035069653691,0.011953992610746145,0.03188302029114587,0.051812047971545705,0.07174107565194554,0.09167010333234527,0.1115991310127451,0.13152815869314494,0.15145718637354466,0.1713862140539445,0.19131524173434422,0.21124426941474406,0.2311732970951439,0.2511023247755436,0.27103135245594334,0.2909603801363432,0.310889407816743,0.33081843549714285,0.3507474631775427,0.3706764908579425,0.39060551853834213,0.41053454621874197,0.4304635738991418,0.45039260157954164,0.4703216292599415,0.4902506569403411,0.5101796846207409,0.5301087123011409],"_type":"histogram"},"_wandb":{"runtime":10},"train_acc":0.8423333333333334,"train_loss":0.4572782225548948,"weights/layer_3":{"values":[1,0,0,0,0,0,0,0,0,0,0,0,0,0,0,0,0,0,0,0,0,0,1,1,0,0,0,1,1,4,0,0,5,3,6,8,4,11,23,22,20,18,20,22,15,20,11,15,9,14,13,10,11,5,3,5,10,1,2,2,1,1,0,1],"bins":[-5.7569078538583405,-5.635609015247615,-5.514310176636889,-5.393011338026164,-5.271712499415438,-5.150413660804713,-5.0291148221939865,-4.907815983583261,-4.786517144972535,-4.66521830636181,-4.543919467751085,-4.422620629140359,-4.3013217905296335,-4.180022951918907,-4.058724113308182,-3.9374252746974565,-3.816126436086731,-3.694827597476005,-3.5735287588652795,-3.452229920254554,-3.3309310816438282,-3.209632243033103,-3.0883334044223774,-2.9670345658116517,-2.845735727200926,-2.7244368885902004,-2.6031380499794747,-2.481839211368749,-2.360540372758024,-2.239241534147298,-2.1179426955365726,-1.996643856925847,-1.8753450183151212,-1.754046179704396,-1.63274734109367,-1.5114485024829447,-1.3901496638722186,-1.2688508252614934,-1.1475519866507673,-1.026253148040042,-0.904954309429316,-0.7836554708185908,-0.6623566322078656,-0.5410577935971395,-0.41975895498641425,-0.29846011637568814,-0.17716127776496293,-0.05586243915423683,0.06543639945648838,0.1867352380672136,0.3080340766779397,0.4293329152886649,0.550631753899391,0.6719305925101162,0.7932294311208423,0.9145282697315675,1.0358271083422927,1.1571259469530188,1.278424785563744,1.3997236241744702,1.5210224627851954,1.6423213013959215,1.7636201400066467,1.8849189786173728,2.0062178172280976],"_type":"histogram"},"biases/layer_3":{"values":[1,0,1,0,0,0,1,1,0,0,0,0,0,0,0,0,0,0,0,0,0,1,0,0,0,0,0,0,1,0,0,0,0,0,0,0,0,0,0,0,0,0,1,0,0,0,0,0,0,1,0,0,0,0,0,0,1,0,0,0,0,0,0,1],"bins":[-2.8234590442210643,-2.730313009483042,-2.63716697474502,-2.5440209400069977,-2.4508749052689756,-2.3577288705309534,-2.264582835792931,-2.171436801054909,-2.078290766316887,-1.9851447315788646,-1.8919986968408424,-1.7988526621028202,-1.705706627364798,-1.6125605926267759,-1.5194145578887537,-1.4262685231507315,-1.3331224884127093,-1.2399764536746871,-1.146830418936665,-1.0536843841986427,-0.9605383494606206,-0.8673923147225984,-0.7742462799845762,-0.681100245246554,-0.5879542105085318,-0.4948081757705096,-0.40166214103248743,-0.30851610629446524,-0.21537007155644305,-0.12222403681842087,-0.02907800208039868,0.06406803265762351,0.1572140673956457,0.2503601021336679,0.34350613687169007,0.43665217160971226,0.5297982063477344,0.6229442410857566,0.7160902758237788,0.809236310561801,0.9023823452998232,0.9955283800378454,1.0886744147758676,1.1818204495138898,1.274966484251912,1.3681125189899341,1.4612585537279563,1.5544045884659785,1.6475506232040007,1.7406966579420229,1.833842692680045,1.9269887274180673,2.0201347621560894,2.1132807968941116,2.206426831632134,2.299572866370156,2.392718901108178,2.4858649358462004,2.5790109705842226,2.6721570053222448,2.765303040060267,2.858449074798289,2.9515951095363113,3.0447411442743335,3.137887179012356],"_type":"histogram"},"_timestamp":1.7415261202045844e+09,"epoch":5,