{"weights/layer_3":{"values":[2,0,0,0,0,2,3,2,5,5,4,3,5,17,10,15,20,63,60,45,38,32,131,305,680,1983,5312,3939,1264,783,642,492,335,119,35,7,0,0,0,0,0,0,0,0,0,0,0,4,2,1,1,1,4,4,1,0,1,1,1,2,0,2,0,1],"bins":[-0.38785363149183416,-0.37343662264523536,-0.35901961379863656,-0.3446026049520377,-0.3301855961054389,-0.3157685872588401,-0.30135157841224125,-0.28693456956564245,-0.27251756071904365,-0.25810055187244485,-0.24368354302584602,-0.2292665341792472,-0.2148495253326484,-0.2004325164860496,-0.18601550763945077,-0.17159849879285194,-0.15718148994625314,-0.14276448109965434,-0.12834747225305554,-0.11393046340645668,-0.09951345455985788,-0.08509644571325908,-0.07067943686666023,-0.05626242802006143,-0.04184541917346263,-0.027428410326863828,-0.013011401480265028,0.0014056073663338275,0.015822616212932628,0.030239625059531428,0.04465663390613028,0.05907364275272908,0.07349065159932788,0.08790766044592668,0.10232466929252548,0.11674167813912428,0.13115868698572308,0.145575695832322,0.1599927046789208,0.1744097135255196,0.1888267223721184,0.2032437312187172,0.217660740065316,0.2320777489119148,0.2464947577585137,0.2609117666051125,0.2753287754517113,0.2897457842983101,0.3041627931449089,0.3185798019915077,0.3329968108381065,0.3474138196847053,0.3618308285313041,0.376247837377903,0.3906648462245018,0.4050818550711006,0.4194988639176994,0.4339158727642982,0.448332881610897,0.4627498904574958,0.4771668993040947,0.4915839081506935,0.5060009169972923,0.5204179258438911,0.5348349346904899],"_type":"histogram"},"biases/layer_3":{"values":[2,2,5,6,3,2,1,1,1,1,0,0,7,55,0,0,0,0,0,1,1,0,0,0,1,2,1,5,5,1,0,0,0,0,1,3,3,0,1,0,3,3,1,2,2,0,1,0,1,0,1,0,1,0,0,0,0,0,1,0,0,0,0,1],"bins":[-0.33222959816162795,-0.3083705399039234,-0.2845114816462188,-0.26065242338851424,-0.23679336513080973,-0.21293430687310516,-0.1890752486154006,-0.16521619035769605,-0.14135713209999148,-0.11749807384228692,-0.09363901558458237,-0.0697799573268778,-0.04592089906917324,-0.02206184081146867,0.0017972174462358437,0.025656275703940412,0.04951533396164498,0.07337439221934955,0.09723345047705412,0.12109250873475863,0.1449515669924632,0.16881062525016782,0.19266968350787234,0.21652874176557685,0.24038780002328147,0.264246858280986,0.2881059165386906,0.3119649747963951,0.33582403305409964,0.35968309131180426,0.3835421495695088,0.4074012078272134,0.4312602660849179,0.4551193243426224,0.47897838260032705,0.5028374408580316,0.5266964991157361,0.5505555573734406,0.5744146156311452,0.5982736738888499,0.6221327321465544,0.6459917904042589,0.6698508486619636,0.6937099069196682,0.7175689651773727,0.7414280234350772,0.7652870816927817,0.7891461399504864,0.813005198208191,0.8368642564658955,0.8607233147236,0.8845823729813045,0.9084414312390092,0.9323004894967137,0.9561595477544182,0.9800186060121228,1.0038776642698273,1.027736722527532,1.0515957807852365,1.075454839042941,1.0993138973006455,1.12317295555835,1.1470320138160548,1.1708910720737593,1.1947501303314638],"_type":"histogram"},"sample_predictions":{"filenames":["media/images/sample_predictions_12_606215d87f87b2f00799.png","media/images/sample_predictions_12_80c07028ea3856542be4.png","media/images/sample_predictions_12_9cf40359a3dec85636e5.png","media/images/sample_predictions_12_ce5b739914bcd72b66df.png","media/images/sample_predictions_12_07a347c11e27a0aa79ca.png","media/images/sample_predictions_12_d99b4985df3c791d3f16.png","media/images/sample_predictions_12_379b818d067226d80795.png","media/images/sample_predictions_12_1fed2768e0601d187e72.png","media/images/sample_predictions_12_736760c82067caaa8fe3.png","media/images/sample_predictions_12_26363bd2a04602ee6a04.png"],"captions":["True: 1, Pred: 1","True: 5, Pred: 5","True: 2, Pred: 2","True: 3, Pred: 3","True: 9, Pred: 9","True: 0, Pred: 0","True: 9, Pred: 9","True: 0, Pred: 3","True: 1, Pred: 1","True: 8, Pred: 8"],"_type":"images/separated","width":28,"height":28,"format":"png","count":10},"train_acc":0.8215,"epoch":5,"biases/layer_4":{"_type":"histogram","values":[1,0,0,0,0,0,1,0,0,0,1,0,0,0,0,1,2,2,2,1,3,1,4,3,2,9,66,1,0,3,3,1,0,1,1,0,0,0,1,2,0,0,2,3,3,1,0,1,1,0,0,0,1,0,0,0,1,0,0,0,0,1,1,1],"bins":[-0.849108523292966,-0.8169249124584105,-0.7847413016238548,-0.7525576907892992,-0.7203740799547436,-0.688190469120188,-0.6560068582856324,-0.6238232474510768,-0.5916396366165211,-0.5594560257819655,-0.52727241494741,-0.4950888041128543,-0.4629051932782987,-0.4307215824437431,-0.39853797160918747,-0.36635436077463185,-0.33417074994007623,-0.30198713910552066,-0.269803528270965,-0.23761991743640942,-0.20543630660185375,-0.17325269576729818,-0.1410690849327425,-0.10888547409818694,-0.07670186326363138,-0.0445182524290757,-0.012334641594520135,0.01984896924003554,0.052032580074591106,0.08421619090914678,0.11639980174370235,0.14858341257825802,0.1807670234128136,0.21295063424736926,0.24513424508192472,0.2773178559164804,0.30950146675103607,0.34168507758559175,0.3738686884201472,0.4060522992547029,0.43823591008925855,0.470419520923814,0.5026031317583697,0.5347867425929254,0.566970353427481,0.5991539642620365,0.6313375750965922,0.6635211859311478,0.6957047967657033,0.727888407600259,0.7600720184348146,0.7922556292693703,0.8244392401039258,0.8566228509384815,0.8888064617730371,0.9209900726075928,0.9531736834421483,0.9853572942767039,1.0175409051112596,1.049724515945815,1.0819081267803707,1.1140917376149264,1.146275348449482,1.1784589592840375,1.2106425701185932]},"biases/layer_2":{"_type":"histogram","values":[1,0,1,1,0,0,0,0,3,1,7,10,11,3,9,23,3,1,1,3,0,4,2,8,4,6,3,2,3,1,4,2,0,3,1,1,1,0,0,1,0,0,1,0,0,0,0,0,0,1,0,0,1,0,0,0,0,0,0,0,0,0,0,1],"bins":[-0.1014720303173192,-0.09537219482230183,-0.08927235932728446,-0.08317252383226709,-0.07707268833724973,-0.07097285284223236,-0.06487301734721498,-0.05877318185219762,-0.05267334635718025,-0.046573510862162874,-0.04047367536714551,-0.03437383987212814,-0.028274004377110765,-0.022174168882093392,-0.016074333387076034,-0.009974497892058662,-0.0038746623970412897,0.0022251730979760825,0.008325008592993455,0.014424844088010813,0.020524679583028185,0.02662451507804557,0.03272435057306293,0.03882418606808029,0.044924021563097674,0.05102385705811503,0.05712369255313242,0.06322352804814978,0.06932336354316714,0.07542319903818452,0.08152303453320188,0.08762287002821927,0.09372270552323662,0.09982254101825398,0.10592237651327137,0.11202221200828873,0.11812204750330611,0.12422188299832347,0.13032171849334084,0.1364215539883582,0.14252138948337556,0.14862122497839292,0.15472106047341033,0.1608208959684277,0.16692073146344505,0.1730205669584624,0.17912040245347977,0.18522023794849718,0.19132007344351454,0.1974199089385319,0.20351974443354925,0.2096195799285666,0.21571941542358403,0.22181925091860138,0.22791908641361874,0.2340189219086361,0.24011875740365346,0.24621859289867087,0.25231842839368823,0.2584182638887056,0.26451809938372295,0.2706179348787403,0.2767177703737577,0.2828176058687751,0.28891744136379244]},"_step":12,"weights/layer_2":{"values":[2,0,1,0,0,0,0,1,1,0,0,0,3,2,6,0,11,8,6,4,4,2,3,0,2,7,8,74,1253,7306,4776,1969,710,130,55,8,2,2,0,1,1,1,1,1,0,0,1,0,1,0,4,1,5,0,2,2,1,1,0,1,2,1,0,1],