{"_step":22,"weights/layer_3":{"_type":"histogram","values":[7,35,36,12,25,26,32,21,16,15,18,34,56,57,35,28,9,32,15,3,0,0,0,2,2,6,9,17,38,37,44,46,67,204,275,299,276,185,206,280,281,421,496,549,639,276,309,820,1160,985,1103,1187,1244,1160,1039,1033,681,315,92,59,14,10,3,3],"bins":[-1.2000203077884632,-1.174833675821428,-1.1496470438543929,-1.1244604118873576,-1.0992737799203225,-1.0740871479532872,-1.0489005159862521,-1.0237138840192168,-0.9985272520521816,-0.9733406200851464,-0.9481539881181112,-0.9229673561510761,-0.8977807241840408,-0.8725940922170057,-0.8474074602499704,-0.8222208282829352,-0.7970341963159,-0.7718475643488648,-0.7466609323818296,-0.7214743004147943,-0.6962876684477592,-0.671101036480724,-0.6459144045136888,-0.6207277725466536,-0.5955411405796184,-0.5703545086125832,-0.545167876645548,-0.5199812446785128,-0.4947946127114775,-0.4696079807444423,-0.44442134877740713,-0.41923471681037194,-0.39404808484333675,-0.36886145287630157,-0.3436748209092664,-0.3184881889422312,-0.293301556975196,-0.2681149250081607,-0.2429282930411255,-0.21774166107409032,-0.19255502910705524,-0.16736839714001994,-0.14218176517298464,-0.11699513320594956,-0.09180850123891426,-0.06662186927187919,-0.041435237304843886,-0.016248605337808808,0.008938026629226492,0.03412465859626179,0.05931129056329687,0.08449792253033217,0.10968455449736725,0.13487118646440255,0.16005781843143763,0.18524445039847293,0.21043108236550823,0.2356177143325433,0.2608043462995786,0.2859909782666137,0.311177610233649,0.33636424220068406,0.36155087416771936,0.38673750613475444,0.41192413810178974]},"_runtime":49.928991,"biases/layer_2":{"_type":"histogram","values":[3,12,2,15,12,11,13,10,4,4,0,0,0,0,1,5,1,1,0,0,0,1,1,2,0,0,3,0,4,2,2,1,0,0,0,1,1,1,3,1,1,1,0,1,1,1,0,2,0,0,0,0,1,1,0,0,0,0,0,0,1,0,0,1],"bins":[-1.4895378014937766,-1.447974447687756,-1.4064110938817354,-1.3648477400757146,-1.3232843862696941,-1.2817210324636736,-1.240157678657653,-1.1985943248516322,-1.1570309710456117,-1.1154676172395912,-1.0739042634335705,-1.0323409096275498,-0.9907775558215293,-0.9492142020155087,-0.907650848209488,-0.8660874944034674,-0.8245241405974468,-0.7829607867914262,-0.7413974329854056,-0.699834079179385,-0.6582707253733644,-0.6167073715673438,-0.5751440177613232,-0.5335806639553026,-0.49201731014928196,-0.45045395634326146,-0.40889060253724074,-0.36732724873122,-0.3257638949251995,-0.28420054111917903,-0.2426371873131583,-0.2010738335071376,-0.1595104797011171,-0.1179471258950966,-0.07638377208907587,-0.034820418283055155,0.006742935522965343,0.04830628932898584,0.08986964313500656,0.13143299694102728,0.17299635074704778,0.21455970455306828,0.256123058359089,0.2976864121651097,0.3392497659711302,0.3808131197771507,0.42237647358317143,0.46393982738919215,0.5055031811952126,0.5470665350012331,0.5886298888072536,0.6301932426132746,0.6717565964192951,0.7133199502253156,0.7548833040313365,0.796446657837357,0.8380100116433775,0.879573365449398,0.9211367192554185,0.9627000730614395,1.00426342686746,1.0458267806734804,1.0873901344795014,1.1289534882855219,1.1705168420915422]},"_wandb":{"runtime":49},"_timestamp":1.7415331943130481e+09,"epoch":15,"biases/layer_4":{"values":[1,0,0,1,0,1,1,1,1,0,1,2,0,1,1,2,2,1,4,1,0,3,1,2,2,2,1,0,1,1,3,0,0,3,1,0,7,1,2,2,3,7,6,2,6,11,7,5,6,4,1,3,4,1,0,3,0,2,1,1,0,1,0,1],"bins":[0.4487831464779877,0.46247534737329643,0.4761675482686052,0.4898597491639139,0.5035519500592226,0.5172441509545314,0.5309363518498401,0.5446285527451489,0.5583207536404575,0.5720129545357663,0.585705155431075,0.5993973563263837,0.6130895572216924,0.6267817581170012,0.6404739590123099,0.6541661599076186,0.6678583608029274,0.6815505616982361,0.6952427625935449,0.7089349634888535,0.7226271643841623,0.7363193652794711,0.7500115661747797,0.7637037670700885,0.7773959679653972,0.7910881688607059,0.8047803697560146,0.8184725706513234,0.832164771546632,0.8458569724419409,0.8595491733372496,0.8732413742325583,0.8869335751278671,0.9006257760231757,0.9143179769184845,0.9280101778137932,0.9417023787091019,0.9553945796044108,0.9690867804997194,0.9827789813950281,0.9964711822903369,1.0101633831856456,1.0238555840809542,1.037547784976263,1.0512399858715717,1.0649321867668804,1.0786243876621893,1.092316588557498,1.1060087894528066,1.1197009903481154,1.133393191243424,1.147085392138733,1.1607775930340416,1.1744697939293502,1.1881619948246591,1.2018541957199678,1.2155463966152764,1.2292385975105853,1.242930798405894,1.2566229993012026,1.2703152001965115,1.28400740109182,1.297699601987129,1.3113918028824376,1.3250840037777463],"_type":"histogram"},"weights/layer_0":{"values":[2,2,5,8,19,14,28,28,34,61,77,119,148,228,288,340,434,513,598,640,833,1081,1354,1534,2009,2529,2872,3274,4119,4831,5885,6786,7335,8034,8410,7694,6945,5918,4574,3535,2376,1465,940,724,509,331,230,156,141,90,57,43,54,24,20,11,9,7,9,5,5,4,2,2],"bins":[-1.0291607737067665,-0.9992764274150342,-0.9693920811233019,-0.9395077348315696,-0.9096233885398373,-0.879739042248105,-0.8498546959563726,-0.8199703496646403,-0.790086003372908,-0.7602016570811757,-0.7303173107894434,-0.7004329644977111,-0.6705486182059788,-0.6406642719142465,-0.6107799256225142,-0.5808955793307818,-0.5510112330390495,-0.5211268867473172,-0.4912425404555849,-0.4613581941638526,-0.4314738478721203,-0.401589501580388,-0.37170515528865566,-0.34182080899692335,-0.31193646270519104,-0.28205211641345873,-0.2521677701217264,-0.2222834238299941,-0.1923990775382618,-0.1625147312465295,-0.13263038495479718,-0.10274603866306486,-0.07286169237133255,-0.04297734607960024,-0.013092999787867932,0.01679134650386449,0.04667569279559669,0.07656003908732889,0.10644438537906131,0.13632873167079373,0.16621307796252593,0.19609742425425813,0.22598177054599056,0.255866116837723,0.2857504631294552,0.3156348094211874,0.3455191557129198,0.3754035020046522,0.4052878482963844,0.4351721945881166,0.46505654087984905,0.49494088717158147,0.5248252334633137,0.5547095797550459,0.5845939260467783,0.6144782723385107,0.6443626186302429,0.6742469649219751,0.7041313112137075,0.73401565750544,0.7639000037971722,0.7937843500889044,0.8236686963806368,0.8535530426723692,0.8834373889641013],"_type":"histogram"},"weights/layer_5":{"values":[1,0,0,0,0,0,0,0,0,0,0,0,0,0,0,0,0,0,0,0,0,0,0,0,0,0,1,1,0,0,2,2,2,1,1,1,5,7,4,1,6,25,26,52,92,409,218,67,60,88,62,45,33,26,12,7,12,3,1,1,0,3,0,3],"bins":[-3.118950162288522,-3.053096188640515,-2.987242214992508,-2.9213882413445007,-2.8555342676964934,-2.7896802940484866,-2.7238263204004793,-2.657972346752472,-2.592118373104465,-2.526264399456458,-2.4604104258084507,-2.394556452160444,-2.3287024785124366,-2.2628485048644293,-2.196994531216422,-2.1311405575684153,-2.065286583920408,-1.999432610272401,-1.9335786366243937,-1.8677246629763866,-1.8018706893283793,-1.7360167156803723,-1.6701627420323653,-1.604308768384358,-1.538454794736351,-1.472600821088344,-1.4067468474403366,-1.3408928737923296,-1.2750389001443225,-1.2091849264963153,-1.1433309528483082,-1.0774769792003012,-1.011623005552294,-0.9457690319042866,-0.8799150582562798,-0.8140610846082725,-0.7482071109602653,-0.6823531373122584,-0.6164991636642512,-0.5506451900162439,-0.48479121636823663,-0.4189372427202298,-0.35308326907222254,-0.28722929542421527,-0.22137532177620844,-0.15552134812820118,-0.0896673744801939,-0.02381340083218708,0.04204057281582019,0.10789454646382746,0.17374852011183428,0.23960249375984155,0.3054564674078488,0.37131044105585564,0.4371644147038629,0.5030183883518702,0.568872361999877,0.6347263356478843,0.7005803092958915,0.7664342829438988,0.8322882565919056,0.8981422302399125,0.9639962038879197,1.029850177535927,1.095704151183934],"_type":"histogram"},