{"weights/layer_0":{"bins":[-0.25952300083534335,-0.2520654549579755,-0.2446079090806076,-0.23715036320323973,-0.22969281732587185,-0.22223527144850397,-0.2147777255711361,-0.20732017969376823,-0.19986263381640035,-0.19240508793903247,-0.18494754206166458,-0.17748999618429673,-0.17003245030692885,-0.16257490442956096,-0.1551173585521931,-0.14765981267482522,-0.14020226679745734,-0.13274472092008946,-0.12528717504272158,-0.11782962916535372,-0.11037208328798584,-0.10291453741061796,-0.0954569915332501,-0.08799944565588222,-0.08054189977851434,-0.07308435390114645,-0.06562680802377857,-0.058169262146410716,-0.050711716269042834,-0.04325417039167495,-0.035796624514307096,-0.028339078636939213,-0.02088153275957133,-0.013423986882203448,-0.005966441004835565,0.0014911048725322895,0.0089486507499002,0.016406196627268055,0.02386374250463591,0.03132128838200382,0.038778834259371675,0.04623638013673953,0.05369392601410744,0.061151471891475295,0.06860901776884315,0.07606656364621106,0.08352410952357892,0.09098165540094683,0.09843920127831468,0.10589674715568254,0.11335429303305045,0.1208118389104183,0.1282693847877862,0.13572693066515407,0.14318447654252192,0.15064202241988983,0.1580995682972577,0.16555711417462554,0.17301466005199345,0.1804722059293613,0.18792975180672916,0.19538729768409707,0.20284484356146493,0.21030238943883284,0.2177599353162007],"_type":"histogram","values":[1,0,0,2,0,1,0,0,0,1,0,1,4,2,5,9,13,6,7,12,17,37,59,75,90,140,254,403,670,1046,1478,2101,3227,4705,17232,7519,3689,2551,1608,1038,680,505,326,233,132,85,59,39,32,15,18,9,14,9,4,3,2,3,2,0,1,0,1,1]},"biases/layer_0":{"values":[2,0,0,0,0,1,0,1,0,0,0,0,0,1,3,5,0,0,0,1,1,4,0,2,1,0,2,0,0,2,0,4,1,3,2,1,3,2,0,2,3,2,0,1,0,0,1,3,4,1,0,0,0,0,1,1,0,0,0,0,0,0,0,3],"bins":[-0.38292771770668793,-0.370788939660241,-0.3586501616137941,-0.34651138356734723,-0.3343726055209003,-0.3222338274744534,-0.3100950494280065,-0.29795627138155956,-0.28581749333511264,-0.2736787152886657,-0.2615399372422188,-0.2494011591957719,-0.23726238114932502,-0.2251236031028781,-0.21298482505643118,-0.2008460470099843,-0.18870726896353737,-0.17656849091709045,-0.16442971287064356,-0.15229093482419664,-0.14015215677774973,-0.1280133787313028,-0.11587460068485589,-0.10373582263840903,-0.0915970445919621,-0.07945826654551519,-0.06731948849906827,-0.05518071045262135,-0.04304193240617443,-0.03090315435972757,-0.01876437631328065,-0.006625598266833732,0.0055131797796131865,0.017651957826060105,0.029790735872507024,0.04192951391895394,0.054068291965400805,0.06620707001184772,0.07834584805829464,0.09048462610474156,0.10262340415118848,0.1147621821976354,0.12690096024408232,0.13903973829052924,0.15117851633697615,0.16331729438342296,0.17545607242986988,0.1875948504763168,0.19973362852276372,0.21187240656921064,0.22401118461565755,0.23614996266210447,0.2482887407085514,0.2604275187549983,0.27256629680144523,0.28470507484789215,0.29684385289433907,0.308982630940786,0.3211214089872328,0.3332601870336797,0.34539896508012663,0.35753774312657355,0.36967652117302047,0.3818152992194674,0.3939540772659143],"_type":"histogram"},"train_acc":0.8526666666666667,"weights/layer_2":{"bins":[-0.3065199680373111,-0.29688489971853155,-0.2872498313997521,-0.27761476308097255,-0.2679796947621931,-0.25834462644341355,-0.24870955812463402,-0.23907448980585452,-0.22943942148707502,-0.21980435316829552,-0.21016928484951602,-0.2005342165307365,-0.190899148211957,-0.1812640798931775,-0.17162901157439797,-0.16199394325561847,-0.15235887493683897,-0.14272380661805947,-0.13308873829927997,-0.12345366998050045,-0.11381860166172095,-0.10418353334294145,-0.09454846502416192,-0.08491339670538242,-0.07527832838660292,-0.06564326006782342,-0.05600819174904392,-0.046373123430264396,-0.03673805511148487,-0.027102986792705397,-0.01746791847392587,-0.007832850155146398,0.0018022181636331291,0.011437286482412656,0.021072354801192128,0.030707423119971655,0.04034249143875113,0.049977559757530654,0.05961262807631018,0.06924769639508965,0.07888276471386918,0.08851783303264871,0.09815290135142818,0.1077879696702077,0.11742303798898723,0.1270581063077667,0.13669317462654623,0.1463282429453257,0.15596331126410523,0.16559837958288476,0.17523344790166423,0.18486851622044376,0.19450358453922323,0.2041386528580028,0.21377372117678228,0.22340878949556175,0.23304385781434134,0.2426789261331208,0.2523139944519003,0.26194906277067975,0.27158413108945934,0.2812191994082388,0.2908542677270183,0.30048933604579786,0.31012440436457733],"_type":"histogram","values":[1,1,0,0,0,0,3,3,0,3,3,8,9,7,4,27,31,30,28,31,41,52,66,72,90,110,125,163,236,278,385,262,329,307,257,232,143,130,113,83,88,60,46,52,24,41,30,27,27,4,7,5,6,2,3,1,5,2,1,0,0,0,0,2]},"val_acc":0.8526666666666667,"_timestamp":1.7415246873519902e+09,"_wandb":{"runtime":35},"epoch":15,"val_loss":0.41119858768741097,"biases/layer_3":{"bins":[-0.07723338683818486,-0.07340588713107243,-0.06957838742396,-0.06575088771684756,-0.06192338800973514,-0.05809588830262271,-0.05426838859551028,-0.05044088888839785,-0.04661338918128542,-0.04278588947417299,-0.038958389767060564,-0.035130890059948135,-0.031303390352835705,-0.027475890645723276,-0.023648390938610847,-0.019820891231498418,-0.01599339152438599,-0.012165891817273553,-0.00833839211016113,-0.004510892403048708,-0.0006833926959362718,0.0031441070111761643,0.006971606718288587,0.010799106425401009,0.014626606132513445,0.01845410583962588,0.022281605546738303,0.026109105253850726,0.029936604960963162,0.0337641046680756,0.03759160437518802,0.04141910408230044,0.04524660378941288,0.049074103496525315,0.05290160320363775,0.05672910291075016,0.060556602617862595,0.06438410232497503,0.06821160203208744,0.07203910173919988,0.07586660144631231,0.07969410115342475,0.08352160086053718,0.08734910056764959,0.09117660027476203,0.09500409998187447,0.09883159968898687,0.10265909939609931,0.10648659910321175,0.11031409881032418,0.11414159851743662,0.11796909822454903,0.12179659793166146,0.1256240976387739,0.1294515973458863,0.13327909705299873,0.13710659676011117,0.1409340964672236,0.14476159617433604,0.14858909588144847,0.1524165955885609,0.15624409529567335,0.16007159500278573,0.16389909470989816,0.16772659441701063],"_type":"histogram","values":[1,0,0,0,0,0,0,1,0,1,1,1,0,0,0,0,0,0,0,0,1,0,1,0,1,0,0,0,0,0,0,0,0,0,0,0,0,0,0,0,0,0,0,0,0,1,0,0,0,0,0,0,0,0,0,0,0,0,0,0,0,0,0,1]},"weights/layer_3":{"_type":"histogram","values":[1,0,0,0,0,0,0,0,0,2,3,2,1,1,6,8,11,15,11,24,15,17,26,27,27,26,21,23,15,10,13,10,10,10,6,6,9,22,16,21,25,27,28,32,17,9,25,16,11,11,6,8,6,0,1,0,1,0,0,1,0,0,0,1],"bins":[-0.5338789326662221,-0.5176934086371684,-0.5015078846081146,-0.4853223605790608,-0.46913683655000704,-0.45295131252095333,-0.43676578849189956,-0.4205802644628458,-0.40439474043379203,-0.38820921640473827,-0.3720236923756845,-0.35583816834663073,-0.339652644317577,-0.3234671202885232,-0.3072815962594695,-0.2910960722304157,-0.27491054820136196,-0.2587250241723082,-0.24253950014325443,-0.22635397611420066,-0.2101684520851469,-0.19398292805609318,-0.17779740402703942,-0.16161187999798565,-0.1454263559689319,-0.12924083193987812,-0.11305530791082435,-0.09686978388177059,-0.08068425985271688,-0.06449873582366311,-0.048313211794609345,-0.032127687765555524,-0.015942163736501813,0.0002433602925518974,0.01642888432160572,0.03261440835065943,0.04879993237971325,0.06498545640876696,0.08117098043782078,0.0973565044668745,0.11354202849592832,0.12972755252498203,0.14591307655403574,0.16209860058308956,0.17828412461214327,0.1944696486411971,0.2106551726702508,0.22684069669930462,0.24302622072835833,0.25921174475741204,0.27539726878646587,0.2915827928155196,0.3077683168445734,0.3239538408736271,0.34013936490268093,0.35632488893173464,0.37251041296078835,0.3886959369898422,0.4048814610188959,0.4210669850479497,0.4372525090770034,0.45343803310605724,0.46962355713511106,0.48580908116416466,0.5019946051932186]},"sample_predictions":{"count":10,