{"weights/layer_4":{"bins":[-1.1130548807721787,-1.0925226906543744,-1.07199050053657,-1.0514583104187658,-1.0309261203009614,-1.010393930183157,-0.9898617400653528,-0.9693295499475484,-0.9487973598297441,-0.9282651697119397,-0.9077329795941353,-0.8872007894763311,-0.8666685993585267,-0.8461364092407224,-0.825604219122918,-0.8050720290051137,-0.7845398388873094,-0.7640076487695051,-0.7434754586517007,-0.7229432685338963,-0.7024110784160921,-0.6818788882982877,-0.6613466981804834,-0.640814508062679,-0.6202823179448747,-0.5997501278270704,-0.579217937709266,-0.5586857475914617,-0.5381535574736573,-0.5176213673558531,-0.4970891772380487,-0.4765569871202444,-0.45602479700244003,-0.43549260688463565,-0.4149604167668314,-0.394428226649027,-0.3738960365312227,-0.35336384641341834,-0.33283165629561406,-0.3122994661778097,-0.2917672760600054,-0.271235085942201,-0.25070289582439664,-0.23017070570659237,-0.209638515588788,-0.18910632547098372,-0.16857413535317933,-0.14804194523537506,-0.12750975511757068,-0.1069775649997664,-0.08644537488196202,-0.06591318476415764,-0.045380994646353257,-0.024848804528549095,-0.004316614410744712,0.01621557570705967,0.036747765824864054,0.05727995594266844,0.0778121460604726,0.09834433617827698,0.11887652629608136,0.13940871641388575,0.1599409065316899,0.1804730966494943,0.2010052867672987],"_type":"histogram","values":[1,0,0,0,0,0,0,1,0,0,0,0,0,0,0,0,0,1,0,0,1,1,1,0,0,1,0,0,2,2,3,3,5,0,1,5,5,5,6,8,3,11,7,9,17,9,21,23,23,23,42,49,55,97,630,103,51,29,17,5,0,1,0,3]},"weights/layer_0":{"bins":[-0.9891910278779271,-0.9624221381077905,-0.9356532483376541,-0.9088843585675175,-0.882115468797381,-0.8553465790272444,-0.828577689257108,-0.8018087994869714,-0.7750399097168348,-0.7482710199466983,-0.7215021301765617,-0.6947332404064253,-0.6679643506362887,-0.6411954608661521,-0.6144265710960155,-0.587657681325879,-0.5608887915557426,-0.534119901785606,-0.5073510120154694,-0.4805821222453329,-0.45381323247519634,-0.42704434270505987,-0.4002754529349233,-0.3735065631647867,-0.3467376733946502,-0.31996878362451364,-0.29319989385437717,-0.2664310040842406,-0.239662114314104,-0.21289322454396753,-0.18612433477383095,-0.15935544500369447,-0.1325865552335579,-0.1058176654634213,-0.07904877569328483,-0.05227988592314825,-0.025510996153011778,0.0012578936171248056,0.028026783387261278,0.05479567315739786,0.08156456292753445,0.10833345269767103,0.1351023424678074,0.16187123223794397,0.18864012200808056,0.21540901177821714,0.24217790154835372,0.2689467913184901,0.29571568108862667,0.32248457085876325,0.34925346062889984,0.3760223503990364,0.4027912401691728,0.42956012993930937,0.45632901970944595,0.48309790947958253,0.5098667992497191,0.5366356890198555,0.5634045787899921,0.5901734685601286,0.6169423583302652,0.6437112481004018,0.6704801378705382,0.6972490276406748,0.7240179174108113],"_type":"histogram","values":[1,0,0,0,0,0,0,1,3,1,3,3,1,3,1,9,9,16,8,31,33,47,49,88,93,162,238,406,536,772,1283,1911,3040,4935,7967,11145,34860,11794,7842,5047,3194,1818,1084,695,389,260,189,124,82,47,44,29,18,8,8,6,7,2,2,1,3,1,1,2]},"biases/layer_4":{"_type":"histogram","values":[1,0,0,0,0,1,0,0,0,0,0,0,0,0,0,0,0,0,0,0,0,0,0,0,0,1,1,0,0,1,1,0,2,0,0,0,0,0,0,0,0,0,0,0,0,0,0,0,0,0,0,0,0,0,0,0,0,0,0,0,0,1,0,1],"bins":[-0.565719218701053,-0.5481807521681831,-0.5306422856353131,-0.5131038191024432,-0.4955653525695733,-0.47802688603670335,-0.46048841950383346,-0.4429499529709635,-0.42541148643809357,-0.4078730199052236,-0.3903345533723537,-0.3727960868394838,-0.35525762030661384,-0.3377191537737439,-0.320180687240874,-0.30264222070800406,-0.2851037541751341,-0.26756528764226417,-0.2500268211093942,-0.23248835457652434,-0.2149498880436544,-0.19741142151078445,-0.17987295497791456,-0.1623344884450446,-0.14479602191217467,-0.12725755537930472,-0.10971908884643478,-0.09218062231356489,-0.07464215578069494,-0.05710368924782505,-0.039565222714955106,-0.02202675618208516,-0.004488289649215216,0.01305017688365473,0.030588643416524675,0.04812710994939462,0.06566557648226456,0.0832040430151344,0.10074250954800434,0.11828097608087429,0.13581944261374423,0.15335790914661418,0.17089637567948412,0.18843484221235407,0.2059733087452239,0.22351177527809385,0.2410502418109638,0.25858870834383374,0.2761271748767037,0.29366564140957363,0.3112041079424436,0.3287425744753135,0.34628104100818347,0.3638195075410533,0.38135797407392324,0.3988964406067932,0.41643490713966314,0.4339733736725331,0.4515118402054029,0.46905030673827286,0.4865887732711428,0.5041272398040128,0.5216657063368827,0.5392041728697526,0.5567426394026227]},"biases/layer_3":{"values":[1,0,0,0,0,0,0,2,0,0,1,1,0,0,0,0,0,2,1,2,0,0,1,2,0,2,0,2,2,1,3,48,10,3,1,2,1,2,1,3,2,1,0,0,1,5,1,1,2,2,2,3,1,2,1,4,0,1,0,2,1,0,1,1],"bins":[-0.6535385702204757,-0.6332571777050504,-0.612975785189625,-0.5926943926741998,-0.5724130001587744,-0.5521316076433491,-0.5318502151279239,-0.5115688226124985,-0.4912874300970732,-0.47100603758164783,-0.45072464506622256,-0.43044325255079724,-0.4101618600353719,-0.3898804675199466,-0.3695990750045213,-0.349317682489096,-0.3290362899736707,-0.30875489745824536,-0.28847350494282004,-0.26819211242739477,-0.24791071991196945,-0.22762932739654412,-0.2073479348811188,-0.18706654236569348,-0.16678514985026816,-0.1465037573348429,-0.1262223648194175,-0.10594097230399224,-0.08565957978856698,-0.0653781872731416,-0.04509679475771633,-0.02481540224229095,-0.004534009726865684,0.015747382788559583,0.03602877530398496,0.05631016781941023,0.0765915603348356,0.09687295285026087,0.11715434536568614,0.13743573788111152,0.1577171303965368,0.17799852291196216,0.19827991542738743,0.2185613079428127,0.23884270045823808,0.25912409297366334,0.2794054854890887,0.299686878004514,0.31996827051993937,0.34024966303536464,0.3605310555507899,0.38081244806621517,0.40109384058164066,0.4213752330970659,0.4416566256124912,0.46193801812791646,0.48221941064334173,0.5025008031587672,0.5227821956741925,0.5430635881896178,0.563344980705043,0.5836263732204683,0.6039077657358938,0.624189158251319,0.6444705507667443],"_type":"histogram"},"biases/layer_0":{"_type":"histogram","values":[2,0,0,0,1,1,1,1,2,1,2,1,0,0,6,16,9,3,2,3,2,3,3,7,5,5,3,4,3,3,2,2,4,3,0,2,1,4,2,1,1,0,2,2,1,1,1,2,0,1,3,0,0,0,1,0,2,0,0,0,0,0,0,1],"bins":[-0.1955591779237954,-0.18399261435565212,-0.17242605078750886,-0.16085948721936558,-0.14929292365122232,-0.13772636008307904,-0.12615979651493575,-0.11459323294679248,-0.10302666937864921,-0.09146010581050594,-0.07989354224236267,-0.06832697867421939,-0.0567604151060761,-0.045193851537932844,-0.03362728796978956,-0.022060724401646303,-0.010494160833503019,0.0010724027346402654,0.012638966302783522,0.024205529870926806,0.03577209343907006,0.04733865700721335,0.05890522057535663,0.07047178414349992,0.0820383477116432,0.09360491127978643,0.10517147484792971,0.116738038416073,0.12830460198421628,0.13987116555235957,0.1514377291205028,0.16300429268864608,0.17457085625678936,0.18613741982493265,0.19770398339307593,0.20927054696121916,0.22083711052936245,0.23240367409750573,0.24397023766564901,0.2555368012337923,0.26710336480193553,0.2786699283700788,0.2902364919382221,0.3018030555063654,0.31336961907450867,0.3249361826426519,0.33650274621079523,0.34806930977893846,0.3596358733470818,0.37120243691522503,0.38276900048336826,0.3943355640515116,0.40590212761965483,0.41746869118779817,0.4290352547559414,0.4406018183240846,0.45216838189222797,0.4637349454603712,0.47530150902851453,0.48686807259665776,0.498434636164801,0.5100011997329443,0.5215677633010876,0.5331343268692309,0.5447008904373741]},"biases/layer_1":{"values":[1,0,0,0,0,0,0,0,0,0,0,0,0,0,0,0,0,0,0,0,0,0,0,1,2,2,8,21,4,6,6,5,5,5,8,11,8,10,4,3,1,2,0,1,1,0,1,3,3,1,3,0,0,0,1,0,0,0,0,0,0,0,0,1],