{"val_loss":0.7478709855138971,"val_acc":0.7048333333333333,"_timestamp":1.7414616726277883e+09,"_runtime":55.8075547,"_step":10,"_wandb":{"runtime":55},"epoch":9}