{"weights/layer_2":{"_type":"histogram","values":[1,0,0,0,0,0,0,1,0,0,0,0,1,5,2,1,7,7,4,15,15,33,46,64,84,136,185,207,387,653,2305,5613,3435,1395,759,418,231,128,78,56,17,19,17,12,10,5,5,1,3,2,2,6,2,0,2,3,2,1,1,1,0,0,0,1],"bins":[-0.9640925191077718,-0.9338110786774435,-0.9035296382471151,-0.8732481978167868,-0.8429667573864584,-0.8126853169561301,-0.7824038765258017,-0.7521224360954734,-0.721840995665145,-0.6915595552348166,-0.6612781148044883,-0.63099667437416,-0.6007152339438315,-0.5704337935135033,-0.5401523530831749,-0.5098709126528466,-0.4795894722225182,-0.4493080317921898,-0.4190265913618615,-0.38874515093153317,-0.35846371050120474,-0.3281822700708764,-0.2979008296405481,-0.26761938921021977,-0.23733794877989134,-0.20705650834956302,-0.1767750679192347,-0.14649362748890626,-0.11621218705857794,-0.08593074662824962,-0.0556493061979213,-0.025367865767592868,0.004913574662735454,0.035195015093063775,0.06547645552339221,0.09575789595372042,0.12603933638404885,0.15632077681437728,0.1866022172447055,0.21688365767503393,0.24716509810536236,0.27744653853569057,0.307727978966019,0.33800941939634743,0.36829085982667564,0.3985723002570041,0.4288537406873323,0.4591351811176607,0.48941662154798915,0.5196980619783174,0.5499795024086458,0.5802609428389742,0.6105423832693024,0.6408238236996309,0.6711052641299593,0.7013867045602875,0.7316681449906159,0.7619495854209444,0.7922310258512726,0.822512466281601,0.8527939067119292,0.8830753471422577,0.9133567875725861,0.9436382280029143,0.9739196684332427]},"weights/layer_1":{"_type":"histogram","values":[1,0,0,0,0,2,1,0,2,0,0,1,1,0,3,9,4,10,15,20,21,21,30,37,51,62,101,103,133,192,270,346,466,761,1718,4764,3643,820,505,461,371,339,279,224,167,139,90,66,43,25,28,15,10,3,4,1,2,0,0,3,0,0,0,1],"bins":[-0.7426495424472711,-0.7220048662544704,-0.7013601900616695,-0.6807155138688687,-0.660070837676068,-0.6394261614832671,-0.6187814852904664,-0.5981368090976655,-0.5774921329048648,-0.556847456712064,-0.5362027805192632,-0.5155581043264624,-0.4949134281336616,-0.4742687519408608,-0.4536240757480601,-0.43297939955525927,-0.41233472336245847,-0.39169004716965766,-0.37104537097685686,-0.3504006947840561,-0.3297560185912553,-0.3091113423984545,-0.28846666620565375,-0.26782199001285295,-0.24717731382005215,-0.2265326376272514,-0.20588796143445054,-0.1852432852416498,-0.16459860904884904,-0.14395393285604818,-0.12330925666324744,-0.10266458047044658,-0.08201990427764583,-0.06137522808484508,-0.04073055189204422,-0.02008587569924347,0.0005588004935573876,0.021203476686358136,0.041848152879158884,0.06249282907195974,0.08313750526476049,0.10378218145756124,0.1244268576503621,0.14507153384316285,0.1657162100359636,0.18636088622876446,0.2070055624215652,0.22765023861436606,0.2482949148071668,0.26893959099996756,0.2895842671927683,0.3102289433855693,0.33087361957837,0.3515182957711708,0.3721629719639715,0.39280764815677227,0.413452324349573,0.434097000542374,0.45474167673517474,0.4753863529279755,0.49603102912077623,0.516675705313577,0.537320381506378,0.5579650576991787,0.5786097338919793]},"biases/layer_3":{"values":[1,1,1,1,0,0,0,1,1,0,0,0,2,1,1,4,4,7,3,15,23,0,2,1,2,2,2,1,1,2,1,1,5,1,3,3,2,2,1,1,4,3,2,3,0,1,2,1,2,2,0,2,0,0,1,0,0,0,0,2,1,1,1,1],"bins":[-0.2777789122702436,-0.2642801840785843,-0.25078145588692496,-0.23728272769526565,-0.22378399950360633,-0.21028527131194702,-0.19678654312028768,-0.18328781492862836,-0.16978908673696905,-0.15629035854530973,-0.14279163035365042,-0.1292929021619911,-0.11579417397033176,-0.10229544577867244,-0.08879671758701313,-0.07529798939535381,-0.0617992612036945,-0.048300533012035185,-0.03480180482037587,-0.021303076628716555,-0.00780434843705724,0.005694379754602075,0.01919310794626139,0.032691836137920705,0.046190564329580075,0.05968929252123939,0.0731880207128987,0.08668674890455802,0.10018547709621733,0.11368420528787665,0.12718293347953596,0.14068166167119528,0.1541803898628546,0.1676791180545139,0.18117784624617322,0.19467657443783254,0.20817530262949185,0.22167403082115117,0.23517275901281048,0.2486714872044698,0.2621702153961291,0.27566894358778843,0.28916767177944774,0.30266639997110706,0.3161651281627664,0.3296638563544257,0.343162584546085,0.3566613127377443,0.37016004092940374,0.38365876912106306,0.3971574973127224,0.4106562255043817,0.424154953696041,0.4376536818877003,0.45115241007935963,0.46465113827101895,0.47814986646267826,0.4916485946543376,0.5051473228459968,0.5186460510376563,0.5321447792293155,0.5456435074209749,0.5591422356126341,0.5726409638042935,0.5861396919959527],"_type":"histogram"},"_wandb":{"runtime":129},"sample_predictions":{"filenames":["media/images/sample_predictions_16_606215d87f87b2f00799.png","media/images/sample_predictions_16_80c07028ea3856542be4.png","media/images/sample_predictions_16_9cf40359a3dec85636e5.png","media/images/sample_predictions_16_ce5b739914bcd72b66df.png","media/images/sample_predictions_16_07a347c11e27a0aa79ca.png","media/images/sample_predictions_16_d99b4985df3c791d3f16.png","media/images/sample_predictions_16_379b818d067226d80795.png","media/images/sample_predictions_16_1fed2768e0601d187e72.png","media/images/sample_predictions_16_736760c82067caaa8fe3.png","media/images/sample_predictions_16_26363bd2a04602ee6a04.png"],"captions":["True: 1, Pred: 1","True: 5, Pred: 5","True: 2, Pred: 2","True: 3, Pred: 3","True: 9, Pred: 9","True: 0, Pred: 0","True: 9, Pred: 9","True: 0, Pred: 3","True: 1, Pred: 1","True: 8, Pred: 8"],"_type":"images/separated","width":28,"height":28,"format":"png","count":10},"biases/layer_4":{"bins":[-0.47239200996983177,-0.4594745039153023,-0.44655699786077285,-0.4336394918062434,-0.420721985751714,-0.40780447969718453,-0.39488697364265507,-0.3819694675881256,-0.3690519615335962,-0.35613445547906675,-0.3432169494245373,-0.33029944337000783,-0.31738193731547837,-0.3044644312609489,-0.29154692520641945,-0.27862941915189005,-0.2657119130973606,-0.2527944070428311,-0.2398769009883017,-0.22695939493377223,-0.2140418888792428,-0.20112438282471334,-0.18820687677018388,-0.17528937071565442,-0.16237186466112496,-0.14945435860659556,-0.1365368525520661,-0.12361934649753664,-0.11070184044300718,-0.09778433438847772,-0.08486682833394832,-0.07194932227941886,-0.0590318162248894,-0.04611431017035994,-0.03319680411583048,-0.020279298061301076,-0.007361792006771617,0.005555714047757843,0.018473220102287302,0.031390726156816706,0.044308232211346166,0.057225738265875625,0.07014324432040508,0.08306075037493454,0.095978256429464,0.10889576248399346,0.12181326853852292,0.13473077459305238,0.14764828064758184,0.1605657867021112,0.17348329275664065,0.1864007988111701,0.19931830486569957,0.21223581092022903,0.2251533169747585,0.23807082302928795,0.2509883290838174,0.26390583513834687,0.2768233411928763,0.2897408472474057,0.30265835330193513,0.3155758593564646,0.32849336541099405,0.3414108714655235,0.354328377520053],"_type":"histogram","values":[2,0,0,0,0,0,0,0,0,0,0,0,0,0,0,0,0,0,0,0,0,0,0,1,0,0,0,0,0,0,0,0,0,1,0,0,1,0,1,0,0,0,0,0,0,0,0,0,0,0,0,0,2,0,0,1,0,0,0,0,0,0,0,1]},"weights/layer_0":{"values":[1,1,2,4,1,3,9,1,9,10,7,14,20,20,28,34,56,67,87,102,160,218,271,331,476,613,723,1014,1296,1733,2507,3391,4672,6149,11474,38005,8195,5427,4029,2857,1995,1388,929,588,394,328,212,162,112,54,45,39,23,26,10,11,5,3,2,7,0,0,0,2],