{"weights/layer_3":{"values":[1,0,0,0,0,0,0,1,4,2,0,0,1,3,2,1,0,1,4,5,6,11,16,29,89,156,303,2377,8185,2920,1511,561,80,28,10,10,9,2,4,3,4,6,7,2,2,2,2,7,1,0,2,3,2,1,0,2,2,0,0,1,0,1,1,1],"bins":[-0.8839826805878367,-0.8531278523486765,-0.8222730241095164,-0.7914181958703563,-0.7605633676311961,-0.729708539392036,-0.6988537111528759,-0.6679988829137158,-0.6371440546745556,-0.6062892264353954,-0.5754343981962353,-0.5445795699570752,-0.513724741717915,-0.4828699134787549,-0.45201508523959477,-0.42116025700043463,-0.3903054287612745,-0.3594506005221144,-0.3285957722829542,-0.29774094404379403,-0.26688611580463395,-0.23603128756547387,-0.20517645932631368,-0.17432163108715348,-0.1434668028479934,-0.11261197460883332,-0.08175714636967313,-0.050902318130512936,-0.020047489891352854,0.010807338347807227,0.04166216658696742,0.07251699482612761,0.1033718230652877,0.13422665130444777,0.16508147954360786,0.19593630778276816,0.22679113602192824,0.2576459642610883,0.2885007925002486,0.3193556207394087,0.3502104489785688,0.38106527721772887,0.41192010545688895,0.44277493369604926,0.47362976193520934,0.5044845901743694,0.5353394184135297,0.5661942466526898,0.5970490748918499,0.62790390313101,0.65875873137017,0.6896135596093304,0.7204683878484904,0.7513232160876505,0.7821780443268108,0.8130328725659709,0.843887700805131,0.8747425290442911,0.9055973572834511,0.9364521855226114,0.9673070137617715,0.9981618420009316,1.0290166702400918,1.0598714984792519,1.090726326718412],"_type":"histogram"},"biases/layer_3":{"bins":[-0.14380563799273466,-0.126338986592493,-0.10887233519225135,-0.0914056837920097,-0.07393903239176805,-0.056472380991526405,-0.039005729591284746,-0.021539078191043087,-0.004072426790801442,0.013394224609440203,0.030860876009681848,0.04832752740992352,0.06579417881016517,0.08326083021040681,0.10072748161064848,0.1181941330108901,0.13566078441113177,0.15312743581137345,0.17059408721161506,0.18806073861185674,0.20552739001209835,0.22299404141234003,0.2404606928125817,0.2579273442128233,0.275393995613065,0.29286064701330666,0.3103272984135483,0.32779394981378995,0.3452606012140316,0.36272725261427324,0.38019390401451486,0.3976605554147566,0.4151272068149982,0.4325938582152398,0.45006050961548155,0.46752716101572317,0.4849938124159648,0.5024604638162065,0.5199271152164482,0.5373937666166897,0.5548604180169314,0.5723270694171732,0.5897937208174147,0.6072603722176564,0.6247270236178981,0.6421936750181396,0.6596603264183813,0.6771269778186231,0.6945936292188646,0.7120602806191063,0.729526932019348,0.7469935834195895,0.7644602348198313,0.781926886220073,0.7993935376203145,0.8168601890205562,0.834326840420798,0.8517934918210395,0.8692601432212812,0.8867267946215229,0.9041934460217644,0.9216600974220062,0.9391267488222479,0.9565934002224894,0.974060051622731],"_type":"histogram","values":[1,0,1,2,0,11,32,23,16,7,9,5,7,2,0,1,1,0,1,0,0,0,1,0,0,1,0,0,0,0,2,0,1,0,1,0,0,1,0,0,0,0,0,0,0,0,0,0,0,0,0,0,0,0,0,0,0,0,1,0,0,0,0,1]},"weights/layer_5":{"bins":[-0.8738699781071098,-0.8546277226555334,-0.8353854672039571,-0.8161432117523808,-0.7969009563008046,-0.7776587008492283,-0.758416445397652,-0.7391741899460756,-0.7199319344944993,-0.7006896790429231,-0.6814474235913468,-0.6622051681397705,-0.6429629126881942,-0.6237206572366178,-0.6044784017850415,-0.5852361463334652,-0.5659938908818889,-0.5467516354303126,-0.5275093799787364,-0.50826712452716,-0.48902486907558373,-0.4697826136240075,-0.45054035817243115,-0.43129810272085484,-0.4120558472692786,-0.39281359181770226,-0.37357133636612594,-0.3543290809145496,-0.3350868254629733,-0.3158445700113971,-0.2966023145598208,-0.27736005910824446,-0.25811780365666814,-0.23887554820509183,-0.2196332927535155,-0.2003910373019392,-0.18114878185036298,-0.16190652639878667,-0.14266427094721035,-0.12342201549563403,-0.10417976004405771,-0.0849375045924814,-0.06569524914090519,-0.04645299368932887,-0.027210738237752552,-0.007968482786176234,0.011273772665400084,0.0305160281169764,0.04975828356855261,0.06900053902012893,0.08824279447170524,0.10748504992328156,0.12672730537485788,0.1459695608264342,0.16521181627801051,0.18445407172958683,0.20369632718116315,0.22293858263273947,0.24218083808431556,0.2614230935358919,0.2806653489874682,0.2999076044390445,0.31914985989062084,0.33839211534219715,0.35763437079377347],"_type":"histogram","values":[1,1,0,0,0,0,0,0,0,0,1,0,0,0,1,1,0,0,3,1,2,4,4,1,2,0,6,6,4,7,7,7,11,12,12,10,17,13,24,13,16,24,39,92,216,392,192,77,20,12,6,7,2,2,4,2,3,1,0,0,1,0,0,1]},"train_acc":0.8695,"epoch":10,"val_acc":0.8695,"biases/layer_2":{"bins":[-0.06844897278937051,-0.061659972230911395,-0.05487097167245227,-0.04808197111399315,-0.041292970555534034,-0.03450396999707492,-0.027714969438615795,-0.020925968880156673,-0.014136968321697557,-0.007347967763238442,-0.0005589672047793259,0.006230033353679804,0.01301903391213892,0.019808034470598035,0.026597035029057164,0.03338603558751628,0.040175036145975396,0.04696403670443451,0.05375303726289363,0.06054203782135276,0.06733103837981186,0.07412003893827099,0.08090903949673012,0.08769804005518922,0.09448704061364835,0.10127604117210748,0.10806504173056658,0.11485404228902571,0.12164304284748484,0.12843204340594394,0.13522104396440307,0.14201004452286217,0.1487990450813213,0.15558804563978043,0.16237704619823953,0.16916604675669866,0.17595504731515776,0.18274404787361692,0.18953304843207602,0.19632204899053513,0.20311104954899423,0.20990005010745338,0.21668905066591249,0.2234780512243716,0.23026705178283075,0.23705605234128985,0.24384505289974895,0.2506340534582081,0.2574230540166672,0.2642120545751263,0.27100105513358547,0.27779005569204457,0.28457905625050367,0.2913680568089628,0.29815705736742193,0.30494605792588103,0.3117350584843402,0.3185240590427993,0.3253130596012584,0.3321020601597175,0.33889106071817665,0.34568006127663575,0.35246906183509485,0.359258062393554,0.3660470629520131],"_type":"histogram","values":[2,3,1,1,12,12,8,4,5,5,4,4,6,6,2,11,8,6,8,1,3,0,1,1,2,1,1,0,0,1,1,2,0,2,0,1,1,0,0,0,0,0,0,0,0,0,0,0,0,1,0,0,0,0,0,0,0,0,0,0,0,0,0,1]},"learning_rate":0.001,"biases/layer_5":{"_type":"histogram","values":[1,0,0,0,0,0,0,0,0,0,1,1,0,0,0,0,0,0,1,0,1,1,0,0,0,0,0,0,1,0,0,0,1,0,0,0,0,0,0,0,0,0,0,0,0,0,0,0,0,0,0,0,0,0,0,0,0,1,0,0,0,0,0,1],"bins":[-0.650841352328567,-0.6274146304692264,-0.6039879086098858,-0.5805611867505452,-0.5571344648912047,-0.5337077430318641,-0.5102810211725235,-0.48685429931318286,-0.4634275774538423,-0.4400008555945017,-0.4165741337351611,-0.39314741187582053,-0.3697206900164799,-0.3462939681571393,-0.3228672462977987,-0.29944052443845814,-0.27601380257911756,-0.252587080719777,-0.2291603588604364,-0.20573363700109581,-0.18230691514175523,-0.1588801932824146,-0.13545347142307407,-0.11202674956373349,-0.08860002770439279,-0.06517330584505221,-0.04174658398571163,-0.018319862126371045,0.0051068597329695375,0.02853358159231012,0.0519603034516507,0.07538702531099128,0.09881374717033187,0.12224046902967245,0.14566719088901303,0.16909391274835361,0.1925206346076942,0.21594735646703478,0.23937407832637536,0.26280080018571594,0.2862275220450565,0.3096542439043972,0.3330809657637378,0.3565076876230784,0.37993440948241886,0.40336113134175955,0.4267878532011,0.4502145750604407,0.4736412969197814,0.4970680187791219,0.5204947406384626,0.543921462497803,0.5673481843571437,0.5907749062164842,0.6142016280758249,0.6376283499351654,0.6610550717945061,0.6844817936538465,0.7079085155131872,0.7313352373725277,0.7547619592318684,0.7781886810912089,0.8016154029505496,0.82504212480989,0.8484688466692307]},