{"train_loss":0.9807963304403443,"epoch":10,"weights/layer_0":{"bins":[-0.3303555906699314,-0.3203754868405611,-0.3103953830111908,-0.3004152791818204,-0.2904351753524501,-0.2804550715230798,-0.2704749676937095,-0.2604948638643392,-0.25051476003496886,-0.2405346562055985,-0.23055455237622818,-0.22057444854685787,-0.21059434471748756,-0.20061424088811722,-0.1906341370587469,-0.18065403322937656,-0.17067392940000625,-0.16069382557063594,-0.1507137217412656,-0.1407336179118953,-0.13075351408252495,-0.12077341025315463,-0.11079330642378432,-0.10081320259441398,-0.09083309876504367,-0.08085299493567336,-0.07087289110630302,-0.0608927872769327,-0.05091268344756239,-0.04093257961819208,-0.03095247578882171,-0.020972371959451397,-0.010992268130081084,-0.0010121643007107717,0.008967939528659541,0.01894804335802991,0.02892814718740022,0.038908251016770534,0.04888835484614085,0.05886845867551116,0.06884856250488153,0.07882866633425184,0.08880877016362215,0.09878887399299247,0.10876897782236278,0.11874908165173309,0.12872918548110346,0.13870928931047377,0.14868939313984408,0.1586694969692144,0.1686496007985847,0.17862970462795508,0.1886098084573254,0.1985899122866957,0.20857001611606601,0.21855011994543633,0.22853022377480664,0.23851032760417695,0.24849043143354727,0.2584705352629177,0.268450639092288,0.2784307429216583,0.2884108467510286,0.29839095058039894,0.3083710544097692],"_type":"histogram","values":[1,1,4,10,22,34,44,72,93,131,140,236,285,328,361,508,573,617,684,766,804,1011,1190,1435,1771,2276,2752,3501,4229,4994,5878,6498,6888,7054,6903,6382,5852,5085,4260,3519,3009,2621,2228,1531,1119,810,528,302,244,160,143,141,119,71,50,32,27,10,8,1,1,2,1,2]},"learning_rate":0.0001,"weights/layer_3":{"values":[14,39,70,140,114,47,24,14,3,0,1,6,20,30,59,163,330,578,1118,1305,1242,1055,975,1006,1035,888,621,550,483,477,559,609,391,271,199,143,113,94,49,47,28,11,6,3,3,19,10,51,225,347,307,223,91,26,22,25,20,9,3,19,20,18,12,4],"bins":[-0.44463332198399863,-0.4273059808298962,-0.40997863967579373,-0.3926512985216912,-0.3753239573675888,-0.35799661621348633,-0.3406692750593839,-0.32334193390528143,-0.3060145927511789,-0.28868725159707653,-0.27135991044297403,-0.2540325692888716,-0.23670522813476913,-0.21937788698066665,-0.2020505458265642,-0.18472320467246173,-0.16739586351835928,-0.15006852236425683,-0.13274118121015438,-0.11541384005605188,-0.09808649890194943,-0.08075915774784698,-0.06343181659374453,-0.04610447543964208,-0.02877713428553963,-0.011449793131437125,0.005877548022665324,0.023204889176767773,0.04053223033087022,0.05785957148497267,0.07518691263907518,0.09251425379317757,0.10984159494728007,0.12716893610138258,0.14449627725548497,0.16182361840958748,0.17915095956368987,0.19647830071779238,0.21380564187189488,0.23113298302599727,0.24846032418009978,0.26578766533420217,0.2831150064883047,0.3004423476424072,0.3177696887965096,0.3350970299506121,0.3524243711047145,0.369751712258817,0.38707905341291937,0.4044063945670219,0.4217337357211244,0.4390610768752268,0.4563884180293293,0.4737157591834317,0.4910431003375342,0.5083704414916367,0.5256977826457391,0.5430251237998416,0.560352464953944,0.5776798061080466,0.595007147262149,0.6123344884162514,0.6296618295703538,0.6469891707244564,0.6643165118785588],"_type":"histogram"},"train_acc":0.5991666666666666,"biases/layer_2":{"_type":"histogram","values":[12,39,21,22,15,4,0,0,0,0,0,0,0,0,0,0,0,0,0,0,0,0,0,0,0,0,0,0,0,0,0,0,0,0,0,0,0,0,0,0,0,0,0,0,0,0,0,0,0,0,0,0,0,0,0,0,0,0,0,0,0,0,1,14],"bins":[-0.6014772471573702,-0.5830840840491709,-0.5646909209409716,-0.5462977578327723,-0.5279045947245731,-0.5095114316163738,-0.4911182685081745,-0.47272510539997525,-0.454331942291776,-0.4359387791835767,-0.41754561607537743,-0.39915245296717816,-0.3807592898589789,-0.3623661267507796,-0.34397296364258034,-0.32557980053438107,-0.3071866374261818,-0.2887934743179825,-0.27040031120978325,-0.252007148101584,-0.2336139849933847,-0.21522082188518543,-0.19682765877698616,-0.17843449566878689,-0.1600413325605876,-0.14164816945238834,-0.12325500634418907,-0.1048618432359898,-0.08646868012779052,-0.06807551701959125,-0.049682353911391974,-0.0312891908031927,-0.012896027694993428,0.005497135413205845,0.023890298521405118,0.04228346162960439,0.060676624737803664,0.07906978784600294,0.09746295095420221,0.11585611406240148,0.13424927717060076,0.15264244027880003,0.1710356033869993,0.18942876649519858,0.20782192960339785,0.22621509271159712,0.2446082558197964,0.26300141892799567,0.28139458203619494,0.2997877451443942,0.3181809082525935,0.33657407136079276,0.35496723446899203,0.3733603975771913,0.3917535606853906,0.41014672379358985,0.4285398869017891,0.4469330500099884,0.46532621311818767,0.48371937622638694,0.5021125393345862,0.5205057024427855,0.5388988655509848,0.557292028659184,0.5756851917673832]},"_timestamp":1.7415188003190174e+09,"weights/layer_4":{"_type":"histogram","values":[2,3,1,3,0,2,0,1,0,0,1,0,7,9,9,5,6,5,9,16,14,14,20,25,32,28,33,27,33,26,21,14,35,20,21,33,38,31,20,16,14,25,18,23,35,43,35,47,47,79,71,52,33,29,26,19,28,21,12,11,12,10,8,2],"bins":[-0.5383730730392677,-0.5264694045095325,-0.5145657359797972,-0.5026620674500619,-0.49075839892032663,-0.47885473039059134,-0.46695106186085605,-0.45504739333112076,-0.4431437248013855,-0.4312400562716502,-0.41933638774191495,-0.4074327192121796,-0.39552905068244437,-0.3836253821527091,-0.3717217136229738,-0.35981804509323856,-0.3479143765635032,-0.336010708033768,-0.3241070395040327,-0.3122033709742974,-0.3002997024445621,-0.2883960339148268,-0.27649236538509153,-0.2645886968553563,-0.252685028325621,-0.24078135979588572,-0.22887769126615043,-0.21697402273641514,-0.20507035420667985,-0.19316668567694462,-0.18126301714720933,-0.16935934861747404,-0.15745568008773875,-0.14555201155800346,-0.13364834302826817,-0.12174467449853288,-0.10984100596879764,-0.09793733743906236,-0.08603366890932707,-0.07413000037959178,-0.06222633184985649,-0.0503226633201212,-0.03841899479038596,-0.026515326260650673,-0.014611657730915328,-0.0027079892011800943,0.00919567932855514,0.021099347858290485,0.03300301638802572,0.044906684917761064,0.0568103534474963,0.06871402197723164,0.08061769050696688,0.09252135903670211,0.10442502756643746,0.11632869609617269,0.12823236462590804,0.14013603315564327,0.1520397016853785,0.16394337021511385,0.17584703874484908,0.18775070727458443,0.19965437580431966,0.211558044334055,0.22346171286379027]},"val_loss":0.9807963304403443,"_step":14,"biases/layer_0":{"values":[1,1,0,0,7,10,5,4,4,3,1,2,1,3,4,10,3,0,1,1,1,1,0,0,1,1,2,0,2,2,0,3,1,5,0,0,3,9,12,12,1,1,0,0,0,0,0,0,0,0,0,1,3,2,1,0,0,0,0,1,0,1,0,1],"bins":[-0.13558651581189865,-0.13151114634482483,-0.127435776877751,-0.12336040741067719,-0.11928503794360337,-0.11520966847652955,-0.11113429900945575,-0.10705892954238193,-0.10298356007530811,-0.09890819060823429,-0.09483282114116047,-0.09075745167408666,-0.08668208220701284,-0.08260671273993903,-0.0785313432728652,-0.07445597380579139,-0.07038060433871757,-0.06630523487164375,-0.06222986540456993,-0.05815449593749611,-0.05407912647042229,-0.050003757003348484,-0.045928387536274665,-0.041853018069200845,-0.037777648602127026,-0.033702279135053206,-0.029626909667979387,-0.025551540200905568,-0.021476170733831762,-0.017400801266757943,-0.013325431799684123,-0.009250062332610304,-0.005174692865536484,-0.001099323398462665,0.0029760460686111545,0.007051415535684974,0.011126785002758793,0.015202154469832613,0.019277523936906432,0.02335289340398025,0.02742826287105407,0.03150363233812786,0.03557900180520168,0.0396543712722755,0.04372974073934932,0.04780511020642314,0.05188047967349696,0.05595584914057078,0.0600312186076446,0.06410658807471842,0.06818195754179224,0.07225732700886606,0.07633269647593988,0.0804080659430137,0.08448343541008752,0.08855880487716133,0.09263417434423513,0.09670954381130895,0.10078491327838277,0.10486028274545658,0.1089356522125304,0.11301102167960422,0.11708639114667804,0.12116176061375186,0.12523713008082568],"_type":"histogram"},"_runtime":78.8667008,