{"epoch":10,"_step":15,"biases/layer_2":{"values":[2,0,0,0,1,0,0,1,0,0,1,0,0,1,0,2,1,0,1,3,5,3,4,1,5,8,2,4,3,1,3,5,5,4,3,8,2,3,2,3,3,3,0,3,4,4,4,2,5,1,2,1,1,3,0,0,2,1,0,0,0,1,0,1],"bins":[-7.093045658346034e-05,-6.977916925250067e-05,-6.8627881921541e-05,-6.747659459058132e-05,-6.632530725962166e-05,-6.517401992866199e-05,-6.402273259770231e-05,-6.287144526674264e-05,-6.172015793578297e-05,-6.056887060482329e-05,-5.941758327386362e-05,-5.826629594290395e-05,-5.711500861194428e-05,-5.5963721280984605e-05,-5.481243395002494e-05,-5.3661146619065264e-05,-5.250985928810559e-05,-5.1358571957145916e-05,-5.020728462618624e-05,-4.9055997295226576e-05,-4.79047099642669e-05,-4.675342263330723e-05,-4.560213530234756e-05,-4.445084797138789e-05,-4.329956064042821e-05,-4.214827330946854e-05,-4.0996985978508866e-05,-3.98456986475492e-05,-3.8694411316589525e-05,-3.754312398562985e-05,-3.6391836654670184e-05,-3.524054932371051e-05,-3.4089261992750836e-05,-3.293797466179116e-05,-3.178668733083149e-05,-3.063539999987182e-05,-2.9484112668912148e-05,-2.8332825337952474e-05,-2.7181538006992807e-05,-2.6030250676033133e-05,-2.487896334507346e-05,-2.3727676014113786e-05,-2.2576388683154112e-05,-2.1425101352194445e-05,-2.027381402123477e-05,-1.9122526690275097e-05,-1.797123935931543e-05,-1.6819952028355756e-05,-1.5668664697396083e-05,-1.4517377366436409e-05,-1.3366090035476735e-05,-1.2214802704517068e-05,-1.1063515373557394e-05,-9.91222804259772e-06,-8.760940711638053e-06,-7.609653380678379e-06,-6.458366049718706e-06,-5.307078718759032e-06,-4.155791387799358e-06,-3.004504056839684e-06,-1.853216725880024e-06,-7.019293949203501e-07,4.493579360393237e-07,1.6006452669989975e-06,2.7519325979586747e-06],"_type":"histogram"},"biases/layer_3":{"bins":[-0.0027280215442861302,-0.0026428102433477393,-0.0025575989424093484,-0.0024723876414709575,-0.002387176340532567,-0.002301965039594176,-0.002216753738655785,-0.002131542437717394,-0.0020463311367790032,-0.0019611198358406128,-0.0018759085349022216,-0.001790697233963831,-0.00170548593302544,-0.001620274632087049,-0.0015350633311486581,-0.0014498520302102674,-0.0013646407292718765,-0.0012794294283334855,-0.0011942181273950948,-0.001109006826456704,-0.001023795525518313,-0.0009385842245799223,-0.0008533729236415313,-0.0007681616227031406,-0.0006829503217647497,-0.0005977390208263588,-0.0005125277198879678,-0.0004273164189495769,-0.000342105118011186,-0.0002568938170727955,-0.00017168251613440457,-8.647121519601364e-05,-1.2599142576227157e-06,8.395138668076821e-05,0.00016916268761915914,0.00025437398855755007,0.00033958528949594056,0.0004247965904343315,0.0005100078913727224,0.0005952191923111133,0.0006804304932495043,0.0007656417941878952,0.0008508530951262857,0.0009360643960646766,0.0010212756970030675,0.0011064869979414585,0.001191698298879849,0.0012769095998182403,0.0013621209007566308,0.0014473322016950222,0.0015325435026334127,0.001617754803571804,0.0017029661045101945,0.001788177405448585,0.0018733887063869764,0.001958600007325367,0.0020438113082637582,0.0021290226092021487,0.0022142339101405392,0.0022994452110789306,0.002384656512017321,0.0024698678129557125,0.002555079113894103,0.0026402904148324943,0.002725501715770885],"_type":"histogram","values":[1,0,0,0,0,0,1,0,1,0,0,0,0,0,0,0,0,0,0,0,0,0,0,0,1,0,0,0,0,0,0,0,0,2,0,0,0,0,0,0,0,0,1,0,0,0,0,0,0,0,0,1,0,0,1,0,0,0,0,0,0,0,0,1]},"weights/layer_1":{"_type":"histogram","values":[1,0,0,1,2,1,2,4,11,10,10,24,29,60,56,55,92,112,136,165,224,261,331,412,449,450,566,608,694,744,813,749,829,822,842,784,788,713,633,622,525,453,461,351,323,257,207,163,132,109,75,71,50,32,16,20,11,8,6,3,1,2,2,1],"bins":[-0.04154167098836627,-0.0402956411489604,-0.039049611309554526,-0.03780358147014866,-0.036557551630742785,-0.03531152179133692,-0.03406549195193105,-0.03281946211252518,-0.03157343227311931,-0.03032740243371344,-0.02908137259430757,-0.027835342754901703,-0.026589312915495832,-0.025343283076089962,-0.024097253236684095,-0.022851223397278225,-0.021605193557872354,-0.020359163718466484,-0.019113133879060613,-0.017867104039654746,-0.016621074200248876,-0.015375044360843006,-0.014129014521437139,-0.012882984682031268,-0.011636954842625398,-0.010390925003219528,-0.009144895163813657,-0.00789886532440779,-0.006652835485001923,-0.0054068056455960495,-0.0041607758061901826,-0.0029147459667843087,-0.0016687161273784418,-0.00042268628797257485,0.000823343551433299,0.002069373390839166,0.00331540323024504,0.004561433069650907,0.005807462909056774,0.0070534927484626475,0.008299522587868514,0.009545552427274381,0.010791582266680255,0.012037612106086122,0.013283641945491989,0.014529671784897863,0.01577570162430373,0.017021731463709604,0.01826776130311547,0.019513791142521338,0.02075982098192721,0.02200585082133308,0.023251880660738952,0.024497910500144812,0.025743940339550686,0.02698997017895656,0.02823600001836242,0.029482029857768294,0.030728059697174168,0.03197408953658004,0.0332201193759859,0.034466149215391775,0.03571217905479765,0.03695820889420351,0.038204238733609376]},"confusion_matrix_table":{"ncols":3,"nrows":100,"_type":"table-file","sha256":"092281ae5df4c4312bf26c01ad1d2041b373d2707e2425c2ce9e11621c5582cf","size":3002,"artifact_path":"wandb-client-artifact://fmlodrssczdh339khy3ckf5fdw9e0kdbsnogixa91dn7tkanb4mhx2jmd61yv27bsh7u8572js0rjwha5wn25gmq4mj5x174ntt61t0ue2woits95e5g6lbz9mq0mgxq/confusion_matrix_table.table.json","_latest_artifact_path":"wandb-client-artifact://6xm0gh27f5m7gbryojy1epshw43h8n2y2wl6r7vehfqlamlocia02zsyakdcjrv84y4m915xn3z50awe4s1rgpt2s86nuyxms8zxubnecw7gy10hy4m08xe2aheb1y9m:latest/confusion_matrix_table.table.json","path":"media/table/confusion_matrix_table_14_092281ae5df4c4312bf2.table.json"},"_runtime":35.287107,"biases/layer_1":{"values":[1,1,0,0,1,1,0,2,0,2,1,0,2,0,0,0,2,3,6,5,5,3,4,6,5,3,2,5,4,6,4,4,2,4,2,5,3,7,2,2,1,3,4,1,2,1,2,1,1,0,1,0,1,0,0,0,0,1,1,1,0,1,0,1],"bins":[-2.5039744005404396e-06,-2.42254371484918e-06,-2.3411130291579205e-06,-2.2596823434666607e-06,-2.178251657775401e-06,-2.096820972084141e-06,-2.0153902863928818e-06,-1.933959600701622e-06,-1.8525289150103622e-06,-1.7710982293191026e-06,-1.689667543627843e-06,-1.6082368579365833e-06,-1.5268061722453237e-06,-1.445375486554064e-06,-1.3639448008628043e-06,-1.2825141151715446e-06,-1.201083429480285e-06,-1.1196527437890254e-06,-1.0382220580977656e-06,-9.56791372406506e-07,-8.753606867152463e-07,-7.939300010239867e-07,-7.124993153327269e-07,-6.310686296414674e-07,-5.496379439502078e-07,-4.68207258258948e-07,-3.8677657256768824e-07,-3.053458868764289e-07,-2.239152011851691e-07,-1.4248451549390931e-07,-6.105382980264953e-08,2.0376855888609825e-08,1.0180754157986961e-07,1.832382272711294e-07,2.6466891296238875e-07,3.4609959865364853e-07,4.275302843449083e-07,5.089609700361681e-07,5.903916557274275e-07,6.718223414186872e-07,7.53253027109947e-07,8.346837128012064e-07,9.161143984924662e-07,9.97545084183726e-07,1.0789757698749857e-06,1.160406455566245e-06,1.2418371412575049e-06,1.3232678269487646e-06,1.404698512640024e-06,1.4861291983312842e-06,1.5675598840225436e-06,1.648990569713803e-06,1.7304212554050631e-06,1.8118519410963225e-06,1.8932826267875818e-06,1.974713312478842e-06,2.0561439981701014e-06,2.1375746838613608e-06,2.219005369552621e-06,2.3004360552438803e-06,2.3818667409351405e-06,2.4632974266264e-06,2.5447281123176592e-06,2.6261587980089195e-06,2.707589483700179e-06],"_type":"histogram"},