{"train_acc":0.8765,"sample_predictions":{"format":"png","count":10,"filenames":["media/images/sample_predictions_21_606215d87f87b2f00799.png","media/images/sample_predictions_21_80c07028ea3856542be4.png","media/images/sample_predictions_21_9cf40359a3dec85636e5.png","media/images/sample_predictions_21_ce5b739914bcd72b66df.png","media/images/sample_predictions_21_07a347c11e27a0aa79ca.png","media/images/sample_predictions_21_d99b4985df3c791d3f16.png","media/images/sample_predictions_21_379b818d067226d80795.png","media/images/sample_predictions_21_1fed2768e0601d187e72.png","media/images/sample_predictions_21_736760c82067caaa8fe3.png","media/images/sample_predictions_21_26363bd2a04602ee6a04.png"],"captions":["True: 1, Pred: 1","True: 5, Pred: 5","True: 2, Pred: 2","True: 3, Pred: 3","True: 9, Pred: 9","True: 0, Pred: 0","True: 9, Pred: 9","True: 0, Pred: 3","True: 1, Pred: 1","True: 8, Pred: 8"],"_type":"images/separated","width":28,"height":28},"biases/layer_0":{"values":[1,0,0,0,0,1,0,1,1,0,0,0,2,2,3,1,1,2,0,1,2,0,3,2,0,1,6,2,2,6,3,4,10,5,5,4,2,1,3,6,8,5,3,3,5,7,1,4,1,2,1,1,1,0,2,0,0,0,0,0,0,0,0,1],"bins":[-0.8486034801932187,-0.8290199497462989,-0.8094364192993792,-0.7898528888524593,-0.7702693584055396,-0.7506858279586197,-0.7311022975117,-0.7115187670647801,-0.6919352366178604,-0.6723517061709405,-0.6527681757240208,-0.6331846452771009,-0.6136011148301812,-0.5940175843832614,-0.5744340539363415,-0.5548505234894218,-0.535266993042502,-0.5156834625955822,-0.4960999321486624,-0.4765164017017426,-0.4569328712548228,-0.437349340807903,-0.4177658103609832,-0.3981822799140634,-0.37859874946714356,-0.35901521902022376,-0.33943168857330397,-0.31984815812638423,-0.3002646276794644,-0.28068109723254464,-0.2610975667856248,-0.24151403633870505,-0.2219305058917852,-0.20234697544486535,-0.1827634449979456,-0.16317991455102576,-0.14359638410410602,-0.12401285365718617,-0.10442932321026643,-0.08484579276334658,-0.06526226231642684,-0.045678731869506994,-0.026095201422587255,-0.006511670975667405,0.013071859471252334,0.032655389918172184,0.05223892036509192,0.07182245081201177,0.09140598125893162,0.11098951170585136,0.1305730421527712,0.15015657259969095,0.1697401030466108,0.18932363349353065,0.20890716394045028,0.22849069438737013,0.24807422483428998,0.26765775528120983,0.28724128572812946,0.3068248161750493,0.32640834662196916,0.345991877068889,0.36557540751580864,0.3851589379627285,0.4047424684096483],"_type":"histogram"},"confusion_matrix_table":{"size":3020,"artifact_path":"wandb-client-artifact://lqm4jdjq5bbqdplccuqzawvf6e7nxp2a3jhlxao2mfaaxuc2vd6dcvmgacot18mrw8qs1acjc7wypbdkzme72jubrp9mp3kcav0ej1cwafxo8qezt59h83tios5ky121/confusion_matrix_table.table.json","_latest_artifact_path":"wandb-client-artifact://uyko9cb8daku5hcb7z6tcq39f7ndo1h8l6j04xlazi7p9umi2qahdqy6uimyp2mmepw5mil75l7aopzce6teacadniv4x057k57dwiqoi9v2hox9798v4hjdbyvdktni:latest/confusion_matrix_table.table.json","path":"media/table/confusion_matrix_table_20_a7d77527023fe9267d94.table.json","ncols":3,"nrows":100,"_type":"table-file","sha256":"a7d77527023fe9267d947e3474b75f81eeb381bb649fcd94186a22de53ec9702"},"learning_rate":0.001,"biases/layer_1":{"bins":[-0.35678716873455996,-0.34645730976349703,-0.33612745079243406,-0.32579759182137114,-0.31546773285030816,-0.30513787387924524,-0.29480801490818226,-0.28447815593711934,-0.27414829696605636,-0.26381843799499344,-0.2534885790239305,-0.24315872005286754,-0.23282886108180462,-0.22249900211074167,-0.21216914313967872,-0.20183928416861577,-0.19150942519755282,-0.18117956622648987,-0.17084970725542692,-0.16051984828436397,-0.15018998931330102,-0.1398601303422381,-0.12953027137117515,-0.1192004124001122,-0.10887055342904925,-0.0985406944579863,-0.08821083548692338,-0.0778809765158604,-0.06755111754479748,-0.0572212585737345,-0.04689139960267158,-0.0365615406316086,-0.02623168166054568,-0.01590182268948276,-0.005571963718419781,0.004757895252643141,0.015087754223706118,0.02541761319476904,0.03574747216583202,0.04607733113689494,0.056407190107957916,0.06673704907902084,0.07706690805008376,0.08739676702114674,0.09772662599220966,0.10805648496327264,0.11838634393433556,0.12871620290539854,0.13904606187646146,0.14937592084752438,0.15970577981858736,0.17003563878965033,0.1803654977607132,0.19069535673177618,0.20102521570283916,0.21135507467390213,0.221684933644965,0.23201479261602798,0.24234465158709095,0.2526745105581538,0.2630043695292168,0.2733342285002798,0.28366408747134275,0.2939939464424056,0.30432380541346865],"_type":"histogram","values":[4,2,1,2,2,2,1,1,2,2,4,5,6,2,2,3,4,4,3,9,3,5,10,5,2,1,3,2,0,0,0,3,0,0,2,1,1,0,0,0,0,0,0,1,1,0,1,0,1,2,1,0,0,0,0,0,0,0,2,5,5,2,5,3]},"weights/layer_2":{"_type":"histogram","values":[12,11,11,18,21,36,62,67,61,53,79,72,88,132,162,157,179,206,246,299,306,286,283,329,312,308,321,288,352,371,447,404,437,493,592,1035,1104,1053,828,836,740,520,509,422,337,306,240,192,205,136,103,61,68,52,28,30,24,18,15,9,6,3,2,1],"bins":[-0.9333243276857504,-0.9069660231428577,-0.880607718599965,-0.8542494140570723,-0.8278911095141797,-0.801532804971287,-0.7751745004283943,-0.7488161958855016,-0.722457891342609,-0.6960995867997163,-0.6697412822568236,-0.6433829777139309,-0.6170246731710383,-0.5906663686281456,-0.5643080640852529,-0.5379497595423602,-0.5115914549994676,-0.4852331504565749,-0.4588748459136822,-0.43251654137078954,-0.40615823682789687,-0.3797999322850042,-0.3534416277421115,-0.32708332319921885,-0.30072501865632617,-0.2743667141134335,-0.24800840957054082,-0.22165010502764815,-0.19529180048475547,-0.1689334959418628,-0.14257519139897012,-0.11621688685607745,-0.08985858231318478,-0.0635002777702921,-0.03714197322739943,-0.010783668684506753,0.015574635858385921,0.041932940401278596,0.06829124494417127,0.09464954948706383,0.12100785402995662,0.1473661585728494,0.17372446311574197,0.20008276765863453,0.22644107220152732,0.2527993767444201,0.27915768128731266,0.30551598583020523,0.331874290373098,0.3582325949159908,0.38459089945888336,0.4109492040017759,0.4373075085446687,0.4636658130875615,0.49002411763045406,0.5163824221733466,0.5427407267162394,0.5690990312591322,0.5954573358020248,0.6218156403449173,0.6481739448878101,0.6745322494307029,0.7008905539735955,0.727248858516488,0.7536071630593809]},"_runtime":58.3823032,"biases/layer_4":{"values":[1,1,0,0,0,1,1,0,0,0,0,0,0,0,0,0,0,0,0,0,0,0,0,0,0,1,0,0,1,0,0,0,0,0,0,0,0,0,0,0,1,0,0,1,0,0,0,0,1,0,0,0,0,0,0,0,0,0,0,0,0,0,0,1],"bins":[-1.1205811181761736,-1.0780846654247196,-1.0355882126732656,-0.9930917599218116,-0.9505953071703577,-0.9080988544189037,-0.8656024016674497,-0.8231059489159958,-0.7806094961645418,-0.7381130434130878,-0.6956165906616338,-0.6531201379101799,-0.6106236851587259,-0.5681272324072719,-0.525630779655818,-0.483134326904364,-0.44063787415291,-0.39814142140145603,-0.35564496865000206,-0.3131485158985481,-0.2706520631470941,-0.22815561039564014,-0.18565915764418617,-0.1431627048927322,-0.10066625214127822,-0.05816979938982425,-0.015673346638370278,0.026823106113083695,0.06931955886453767,0.11181601161599164,0.1543124643674456,0.19680891711889958,0.23930536987035356,0.28180182262180753,0.3242982753732615,0.3667947281247155,0.40929118087616945,0.4517876336276234,0.4942840863790774,0.5367805391305314,0.5792769918819853,0.6217734446334393,0.6642698973848933,0.7067663501363473,0.7492628028878012,0.7917592556392552,0.8342557083907092,0.8767521611421631,0.9192486138936171,0.9617450666450711,1.004241519396525,1.046737972147979,1.089234424899433,1.131730877650887,1.174227330402341,1.216723783153795,1.259220235905249,1.3017166886567029,1.3442131414081568,1.3867095941596108,1.4292060469110648,1.4717024996625188,1.5141989524139727,1.5566954051654267,1.5991918579168807],"_type":"histogram"},"train_loss":0.36014281117967245,"epoch":15,