{"biases/layer_1":{"bins":[-0.5126203027393265,-0.49796617756268513,-0.4833120523860438,-0.4686579272094025,-0.4540038020327612,-0.43934967685611986,-0.4246955516794786,-0.41004142650283726,-0.39538730132619593,-0.3807331761495546,-0.36607905097291327,-0.351424925796272,-0.33677080061963066,-0.32211667544298933,-0.30746255026634806,-0.2928084250897067,-0.2781542999130654,-0.26350017473642406,-0.24884604955978273,-0.23419192438314146,-0.21953779920650013,-0.2048836740298588,-0.19022954885321752,-0.1755754236765762,-0.16092129849993486,-0.14626717332329353,-0.1316130481466522,-0.11695892297001093,-0.1023047977933696,-0.08765067261672826,-0.07299654744008699,-0.05834242226344566,-0.04368829708680433,-0.029034171910162998,-0.014380046733521668,0.000274078443119663,0.014928203619760994,0.029582328796402213,0.044236453973043544,0.058890579149684874,0.0735447043263262,0.08819882950296754,0.10285295467960887,0.1175070798562502,0.13216120503289142,0.14681533020953275,0.16146945538617408,0.1761235805628154,0.19077770573945674,0.20543183091609807,0.2200859560927394,0.23474008126938073,0.24939420644602206,0.2640483316226633,0.2787024567993046,0.29335658197594594,0.30801070715258727,0.3226648323292286,0.33731895750586993,0.35197308268251126,0.3666272078591525,0.3812813330357938,0.39593545821243514,0.4105895833890765,0.4252437085657178],"_type":"histogram","values":[1,0,0,1,0,0,0,0,1,2,2,0,0,0,1,0,2,5,2,2,4,1,2,8,5,4,2,4,4,4,3,4,0,1,2,1,0,1,2,2,2,1,3,3,7,9,2,3,2,0,2,3,2,2,2,2,1,3,1,2,0,2,0,1]},"biases/layer_2":{"bins":[-0.3789343250768881,-0.3669645508441536,-0.35499477661141904,-0.3430250023786845,-0.33105522814595,-0.31908545391321547,-0.3071156796804809,-0.2951459054477464,-0.28317613121501184,-0.27120635698227735,-0.2592365827495428,-0.24726680851680827,-0.23529703428407373,-0.2233272600513392,-0.21135748581860467,-0.19938771158587015,-0.1874179373531356,-0.17544816312040107,-0.16347838888766655,-0.151508614654932,-0.1395388404221975,-0.12756906618946295,-0.11559929195672841,-0.10362951772399387,-0.09165974349125933,-0.07968996925852484,-0.0677201950257903,-0.055750420793055755,-0.04378064656032121,-0.03181087232758667,-0.019841098094852183,-0.00787132386211764,0.004098450370616902,0.016068224603351444,0.028037998836085987,0.040007773068820474,0.051977547301555016,0.06394732153428956,0.0759170957670241,0.08788686999975864,0.09985664423249313,0.11182641846522767,0.12379619269796222,0.1357659669306967,0.1477357411634313,0.1597055153961658,0.17167528962890038,0.18364506386163487,0.19561483809436947,0.20758461232710396,0.21955438655983844,0.23152416079257304,0.24349393502530753,0.2554637092580421,0.2674334834907766,0.2794032577235111,0.2913730319562457,0.3033428061889802,0.3153125804217148,0.32728235465444927,0.33925212888718376,0.35122190311991835,0.36319167735265284,0.37516145158538744,0.387131225818122],"_type":"histogram","values":[1,0,1,0,0,0,0,1,2,0,5,0,2,5,2,3,5,1,5,3,2,1,2,2,3,2,3,2,2,3,0,5,1,0,2,5,0,3,2,2,1,5,2,1,5,2,5,3,2,3,7,5,1,2,2,1,0,0,0,1,0,1,0,1]},"_step":21,"weights/layer_1":{"bins":[-1.4051680938525855,-1.3660549919267628,-1.3269418900009402,-1.2878287880751178,-1.2487156861492952,-1.2096025842234726,-1.1704894822976502,-1.1313763803718275,-1.092263278446005,-1.0531501765201823,-1.0140370745943597,-0.9749239726685373,-0.9358108707427146,-0.896697768816892,-0.8575846668910695,-0.818471564965247,-0.7793584630394244,-0.7402453611136017,-0.7011322591877792,-0.6620191572619567,-0.6229060553361341,-0.5837929534103115,-0.5446798514844889,-0.5055667495586664,-0.4664536476328438,-0.4273405457070212,-0.38822744378119856,-0.34911434185537615,-0.31000123992955353,-0.2708881380037309,-0.2317750360779085,-0.19266193415208588,-0.15354883222626325,-0.11443573030044063,-0.075322628374618,-0.036209526448795604,0.0029035754770270206,0.042016677402849645,0.08112977932867205,0.12024288125449467,0.1593559831803173,0.19846908510613992,0.23758218703196254,0.27669528895778495,0.31580839088360757,0.3549214928094302,0.3940345947352526,0.4331476966610752,0.47226079858689785,0.5113739005127205,0.5504870024385431,0.5896001043643655,0.6287132062901883,0.6678263082160107,0.7069394101418331,0.746052512067656,0.7851656139934784,0.8242787159193008,0.8633918178451236,0.902504919770946,0.9416180216967684,0.9807311236225913,1.0198442255484137,1.0589573274742365,1.0980704294000587],"_type":"histogram","values":[1,0,0,0,1,0,0,0,2,1,2,0,1,2,3,10,17,12,25,41,66,89,107,164,214,274,328,384,487,554,655,715,870,988,1114,1115,1161,1065,1025,873,711,620,532,499,414,304,241,217,136,101,80,53,41,23,11,6,13,6,4,3,0,1,1,1]},"learning_rate":0.001,"val_loss":0.39243203364586027,"biases/layer_3":{"_type":"histogram","values":[3,0,1,1,1,0,2,1,1,1,2,0,2,1,2,4,2,1,1,1,2,3,1,3,5,5,3,4,4,4,2,5,5,2,4,3,1,2,3,2,1,3,2,3,2,2,0,1,0,3,1,0,1,0,2,3,3,1,1,4,0,2,2,1],"bins":[-0.2470478202222169,-0.2388789471600846,-0.23071007409795224,-0.22254120103581992,-0.2143723279736876,-0.20620345491155526,-0.19803458184942294,-0.1898657087872906,-0.18169683572515827,-0.17352796266302595,-0.1653590896008936,-0.15719021653876128,-0.14902134347662893,-0.1408524704144966,-0.1326835973523643,-0.12451472429023196,-0.11634585122809962,-0.1081769781659673,-0.10000810510383495,-0.09183923204170263,-0.08367035897957029,-0.07550148591743797,-0.06733261285530565,-0.0591637397931733,-0.05099486673104098,-0.04282599366890866,-0.03465712060677631,-0.02648824754464399,-0.01831937448251167,-0.010150501420379321,-0.0019816283582470007,0.006187244703885347,0.014356117766017668,0.022524990828149988,0.030693863890282308,0.038862736952414684,0.047031610014547004,0.055200483076679324,0.06336935613881164,0.07153822920094396,0.07970710226307634,0.08787597532520866,0.09604484838734098,0.1042137214494733,0.11238259451160562,0.12055146757373794,0.12872034063587032,0.13688921369800264,0.14505808676013496,0.15322695982226728,0.1613958328843996,0.16956470594653197,0.1777335790086643,0.18590245207079661,0.19407132513292893,0.20224019819506125,0.21040907125719358,0.21857794431932595,0.22674681738145827,0.2349156904435906,0.2430845635057229,0.25125343656785526,0.2594223096299876,0.2675911826921199,0.2757600557542522]},"_timestamp":1.7415333260525873e+09,"weights/layer_2":{"_type":"histogram","values":[1,1,3,0,2,5,7,9,4,5,8,7,11,18,41,54,75,81,96,118,160,222,316,423,582,843,1045,1252,1349,1579,1502,1363,1277,1016,776,533,417,269,216,138,129,96,79,71,47,44,27,14,7,10,4,8,6,6,3,2,0,3,2,1,0,0,0,1],"bins":[-1.100194676426504,-1.0634719007797997,-1.0267491251330954,-0.990026349486391,-0.9533035738396867,-0.9165807981929823,-0.879858022546278,-0.8431352468995736,-0.8064124712528693,-0.769689695606165,-0.7329669199594606,-0.6962441443127563,-0.6595213686660519,-0.6227985930193476,-0.5860758173726432,-0.5493530417259389,-0.5126302660792346,-0.4759074904325302,-0.4391847147858259,-0.40246193913912154,-0.3657391634924172,-0.32901638784571285,-0.2922936121990085,-0.25557083655230417,-0.21884806090559983,-0.1821252852588955,-0.14540250961219114,-0.1086797339654868,-0.07195695831878246,-0.03523418267207812,0.0014885929746262239,0.038211368621330566,0.07493414426803491,0.11165691991473925,0.1483796955614436,0.18510247120814793,0.22182524685485228,0.2585480225015566,0.29527079814826096,0.3319935737949653,0.36871634944166964,0.405439125088374,0.44216190073507833,0.47888467638178267,0.515607452028487,0.5523302276751914,0.5890530033218957,0.6257757789686,0.6624985546153044,0.6992213302620087,0.7359441059087131,0.7726668815554174,0.8093896572021217,0.8461124328488261,0.8828352084955304,0.9195579841422348,0.9562807597889391,0.9930035354356435,1.0297263110823478,1.0664490867290521,1.1031718623757565,1.1398946380224608,1.1766174136691652,1.2133401893158695,1.2500629649625736]},"train_acc":0.864,