{"weights/layer_2":{"values":[1,0,3,0,3,0,2,0,2,2,1,3,1,4,2,1,3,6,13,9,8,5,3,11,15,9,9,48,166,164,231,310,430,870,913,917,992,1043,999,946,1128,1637,3392,1120,188,118,134,113,98,73,93,52,37,21,16,6,6,0,1,1,1,2,1,1],"bins":[-1.2094102249140262,-1.1782419747314123,-1.1470737245487985,-1.1159054743661847,-1.0847372241835709,-1.053568974000957,-1.0224007238183432,-0.9912324736357293,-0.9600642234531155,-0.9288959732705017,-0.8977277230878878,-0.8665594729052739,-0.8353912227226601,-0.8042229725400463,-0.7730547223574324,-0.7418864721748186,-0.7107182219922048,-0.679549971809591,-0.6483817216269772,-0.6172134714443633,-0.5860452212617495,-0.5548769710791356,-0.5237087208965218,-0.49254047071390794,-0.4613722205312941,-0.4302039703486803,-0.3990357201660665,-0.36786746998345266,-0.3366992198008387,-0.3055309696182249,-0.2743627194356111,-0.24319446925299726,-0.21202621907038344,-0.18085796888776962,-0.1496897187051558,-0.11852146852254197,-0.08735321833992815,-0.05618496815731433,-0.02501671797470051,0.006151532207913313,0.037319782390527134,0.06848803257314118,0.099656282755755,0.13082453293836882,0.16199278312098264,0.19316103330359646,0.22432928348621028,0.2554975336688241,0.2866657838514379,0.31783403403405175,0.34900228421666557,0.3801705343992794,0.4113387845818932,0.44250703476450703,0.47367528494712086,0.5048435351297347,0.5360117853123487,0.5671800354949625,0.5983482856775764,0.6295165358601902,0.660684786042804,0.6918530362254178,0.7230212864080316,0.7541895365906455,0.7853577867732592],"_type":"histogram"},"learning_rate":0.001,"biases/layer_1":{"values":[41,20,11,8,0,0,0,0,0,1,6,8,1,0,0,0,0,0,0,0,0,0,0,1,0,0,1,4,1,0,0,0,0,0,0,0,3,3,4,1,2,2,3,2,0,1,0,1,1,0,0,0,0,0,0,0,0,0,1,0,0,0,0,1],"bins":[-1.0365256286163413,-1.0256043716567265,-1.0146831146971116,-1.003761857737497,-0.992840600777882,-0.9819193438182672,-0.9709980868586523,-0.9600768298990375,-0.9491555729394227,-0.9382343159798079,-0.927313059020193,-0.9163918020605781,-0.9054705451009634,-0.8945492881413485,-0.8836280311817337,-0.8727067742221188,-0.861785517262504,-0.8508642603028892,-0.8399430033432743,-0.8290217463836596,-0.8181004894240447,-0.8071792324644298,-0.796257975504815,-0.7853367185452003,-0.7744154615855854,-0.7634942046259705,-0.7525729476663556,-0.7416516907067409,-0.7307304337471261,-0.7198091767875112,-0.7088879198278963,-0.6979666628682815,-0.6870454059086667,-0.6761241489490519,-0.665202891989437,-0.6542816350298222,-0.6433603780702073,-0.6324391211105925,-0.6215178641509778,-0.6105966071913629,-0.599675350231748,-0.5887540932721331,-0.5778328363125184,-0.5669115793529036,-0.5559903223932887,-0.5450690654336738,-0.5341478084740591,-0.5232265515144442,-0.5123052945548294,-0.5013840375952145,-0.49046278063559967,-0.4795415236759849,-0.46862026671637,-0.45769900975675526,-0.4467777527971404,-0.4358564958375255,-0.42493523887791074,-0.41401398191829586,-0.4030927249586811,-0.3921714679990662,-0.38125021103945134,-0.37032895407983657,-0.3594076971202217,-0.3484864401606069,-0.337565183200992],"_type":"histogram"},"_wandb":{"runtime":73},"weights/layer_4":{"bins":[-0.8275315975327214,-0.7989195907026099,-0.7703075838724983,-0.7416955770423868,-0.7130835702122752,-0.6844715633821636,-0.655859556552052,-0.6272475497219405,-0.5986355428918289,-0.5700235360617174,-0.5414115292316057,-0.5127995224014943,-0.4841875155713826,-0.45557550874127106,-0.4269635019111595,-0.39835149508104795,-0.3697394882509364,-0.34112748142082483,-0.31251547459071327,-0.2839034677606017,-0.25529146093049015,-0.2266794541003786,-0.19806744727026704,-0.16945544044015548,-0.1408434336100438,-0.11223142677993225,-0.0836194199498207,-0.055007413119709136,-0.02639540628959758,0.00221660054051398,0.030828607370625538,0.059440614200737096,0.08805262103084865,0.11666462786096021,0.14527663469107177,0.17388864152118344,0.2025006483512949,0.23111265518140656,0.259724662011518,0.2883366688416297,0.3169486756717411,0.3455606825018528,0.37417268933196424,0.4027846961620759,0.43139670299218735,0.460008709822299,0.48862071665241047,0.5172327234825221,0.5458447303126338,0.5744567371427453,0.6030687439728569,0.6316807508029684,0.66029275763308,0.6889047644631915,0.7175167712933032,0.7461287781234146,0.7747407849535263,0.8033527917836377,0.8319647986137494,0.8605768054438608,0.8891888122739725,0.917800819104084,0.9464128259341956,0.9750248327643071,1.0036368395944189],"_type":"histogram","values":[3,9,12,26,20,19,18,20,55,76,109,112,197,306,387,552,484,367,493,513,434,661,794,1056,1461,1304,892,816,641,608,531,447,409,335,388,340,239,214,211,186,148,84,54,42,49,47,31,26,25,18,14,13,19,10,15,7,11,5,4,7,4,2,1,3]},"_runtime":73.2822474,"weights/layer_5":{"_type":"histogram","values":[1,1,0,0,0,0,0,0,0,0,0,0,1,0,2,2,4,5,0,8,6,11,12,11,20,17,20,23,30,73,57,71,63,47,72,97,74,93,104,63,36,68,45,32,20,14,11,15,8,7,8,10,2,2,3,2,2,0,0,0,1,0,3,3],"bins":[-1.5580249819038947,-1.5155317864597255,-1.4730385910155563,-1.4305453955713872,-1.388052200127218,-1.3455590046830488,-1.3030658092388796,-1.2605726137947104,-1.2180794183505412,-1.175586222906372,-1.1330930274622029,-1.0905998320180335,-1.0481066365738643,-1.005613441129695,-0.9631202456855259,-0.9206270502413567,-0.8781338547971875,-0.8356406593530183,-0.7931474639088492,-0.75065426846468,-0.7081610730205108,-0.6656678775763415,-0.6231746821321723,-0.5806814866880031,-0.5381882912438338,-0.49569509579966464,-0.45320190035549546,-0.41070870491132627,-0.3682155094671571,-0.3257223140229879,-0.2832291185788187,-0.24073592313464953,-0.19824272769048035,-0.15574953224631116,-0.11325633680214198,-0.07076314135797279,-0.028269945913803607,0.014223249530365578,0.05671644497453476,0.09920964041870395,0.14170283586287313,0.18419603130704254,0.22668922675121173,0.2691824221953809,0.3116756176395501,0.3541688130837193,0.39666200852788847,0.43915520397205765,0.48164839941622706,0.5241415948603962,0.5666347903045654,0.6091279857487346,0.6516211811929038,0.694114376637073,0.7366075720812422,0.7791007675254114,0.8215939629695805,0.8640871584137497,0.9065803538579189,0.9490735493020881,0.9915667447462573,1.0340599401904265,1.0765531356345956,1.1190463310787648,1.1615395265229338]},"biases/layer_5":{"bins":[-1.3325732665802938,-1.2797051756273756,-1.2268370846744572,-1.173968993721539,-1.1211009027686205,-1.0682328118157023,-1.015364720862784,-0.9624966299098657,-0.9096285389569474,-0.8567604480040291,-0.8038923570511107,-0.7510242660981925,-0.6981561751452742,-0.6452880841923558,-0.5924199932394376,-0.5395519022865193,-0.48668381133360095,-0.4338157203806826,-0.3809476294277643,-0.32807953847484606,-0.2752114475219276,-0.2223433565690094,-0.16947526561609116,-0.11660717466317272,-0.0637390837102545,-0.010870992757336273,0.04199709819558217,0.0948651891485004,0.14773328010141862,0.20060137105433706,0.2534694620072553,0.30633755296017373,0.35920564391309195,0.4120737348660102,0.4649418258189286,0.5178099167718468,0.5706780077247653,0.6235460986776835,0.6764141896306017,0.72928228058352,0.7821503715364386,0.8350184624893568,0.8878865534422751,0.9407546443951933,0.9936227353481115,1.0464908263010297,1.0993589172539484,1.1522270082068666,1.2050950991597849,1.257963190112703,1.3108312810656213,1.36369937201854,1.4165674629714582,1.4694355539243764,1.5223036448772946,1.5751717358302129,1.628039826783131,1.6809079177360498,1.733776008688968,1.7866440996418862,1.8395121905948044,1.8923802815477226,1.9452483725006413,1.9981164634535595,2.0509845544064778],"_type":"histogram","values":[1,0,0,0,0,2,2,1,0,0,0,0,0,0,0,0,0,0,0,0,0,0,0,0,0,0,0,0,0,0,0,1,0,0,0,0,0,0,0,0,0,0,0,0,0,0,0,0,0,0,0,0,0,0,0,1,0,0,0,1,0,0,0,1]},