{"biases/layer_2":{"_type":"histogram","values":[2,1,0,0,0,0,0,0,0,0,0,0,0,0,0,0,0,0,0,0,0,0,0,0,0,0,0,0,0,0,0,0,0,0,0,0,0,0,0,0,1,1,0,0,0,0,2,6,3,2,0,2,2,1,1,2,1,2,1,0,0,0,1,1],"bins":[-0.7032092688205639,-0.6684280856452622,-0.6336469024699606,-0.5988657192946589,-0.5640845361193572,-0.5293033529440555,-0.49452216976875385,-0.4597409865934522,-0.4249598034181505,-0.39017862024284883,-0.3553974370675471,-0.32061625389224546,-0.2858350707169438,-0.2510538875416421,-0.21627270436634044,-0.18149152119103873,-0.14671033801573707,-0.11192915484043542,-0.07714797166513376,-0.042366788489832,-0.0075856053145303415,0.027195577860771314,0.06197676103607297,0.09675794421137462,0.13153912738667628,0.16632031056197805,0.2011014937372797,0.23588267691258136,0.270663860087883,0.30544504326318467,0.34022622643848643,0.375007409613788,0.40978859278908975,0.4445697759643915,0.47935095913969306,0.5141321423149948,0.5489133254902964,0.5836945086655981,0.6184756918408999,0.6532568750162014,0.6880380581915032,0.7228192413668048,0.7576004245421065,0.7923816077174083,0.8271627908927098,0.8619439740680116,0.8967251572433131,0.9315063404186149,0.9662875235939165,1.0010687067692183,1.03584988994452,1.0706310731198214,1.1054122562951232,1.140193439470425,1.1749746226457267,1.2097558058210285,1.2445369889963298,1.2793181721716316,1.3140993553469333,1.348880538522235,1.3836617216975369,1.4184429048728386,1.45322408804814,1.4880052712234417,1.5227864543987433]},"weights/layer_1":{"_type":"histogram","values":[1,1,2,0,0,0,0,2,3,3,1,0,2,3,1,2,7,2,12,6,6,13,29,17,19,19,18,15,21,15,28,13,13,17,30,33,28,36,49,44,56,56,49,54,48,53,33,25,35,19,19,14,8,5,6,4,6,7,4,2,5,2,0,3],"bins":[-1.9317342261600612,-1.8823735195298623,-1.8330128128996634,-1.7836521062694644,-1.7342913996392655,-1.6849306930090666,-1.6355699863788677,-1.5862092797486689,-1.5368485731184698,-1.487487866488271,-1.438127159858072,-1.388766453227873,-1.339405746597674,-1.2900450399674752,-1.2406843333372763,-1.1913236267070775,-1.1419629200768786,-1.0926022134466797,-1.0432415068164806,-0.9938808001862818,-0.9445200935560828,-0.8951593869258838,-0.845798680295685,-0.7964379736654861,-0.7470772670352872,-0.6977165604050883,-0.6483558537748892,-0.5989951471446904,-0.5496344405144915,-0.5002737338842926,-0.45091302725409355,-0.4015523206238947,-0.3521916139936958,-0.30283090736349694,-0.25347020073329807,-0.20410949410309898,-0.1547487874729001,-0.10538808084270124,-0.05602737421250237,-0.006666667582303276,0.04269403904789559,0.09205474567809424,0.14141545230829355,0.19077615893849242,0.2401368655686913,0.28949757219889016,0.33885827882908903,0.3882189854592879,0.43757969208948677,0.48694039871968564,0.5363011053498845,0.5856618119800838,0.6350225186102827,0.6843832252404816,0.7337439318706804,0.7831046385008793,0.8324653451310782,0.881826051761277,0.9311867583914759,0.9805474650216748,1.029908171651874,1.079268878282073,1.1286295849122718,1.1779902915424707,1.2273509981726696]},"train_acc":0.8098333333333333,"biases/layer_0":{"values":[1,0,0,1,0,0,1,0,0,0,1,1,1,0,0,0,1,1,1,0,1,2,2,0,1,2,1,1,0,0,0,0,0,1,3,0,1,1,1,1,1,0,0,1,0,0,0,0,0,1,0,1,0,0,0,0,0,0,0,0,0,0,0,1],"bins":[-0.9001959034084834,-0.8794386766658108,-0.8586814499231381,-0.8379242231804656,-0.8171669964377929,-0.7964097696951202,-0.7756525429524476,-0.7548953162097749,-0.7341380894671024,-0.7133808627244297,-0.692623635981757,-0.6718664092390845,-0.6511091824964117,-0.6303519557537391,-0.6095947290110665,-0.5888375022683938,-0.5680802755257213,-0.5473230487830485,-0.5265658220403759,-0.5058085952977033,-0.48505136855503067,-0.464294141812358,-0.4435369150696854,-0.42277968832701274,-0.4020224615843401,-0.3812652348416674,-0.36050800809899486,-0.3397507813563222,-0.31899355461364953,-0.29823632787097687,-0.2774791011283043,-0.25672187438563165,-0.235964647642959,-0.21520742090028633,-0.19445019415761366,-0.1736929674149411,-0.15293574067226845,-0.1321785139295958,-0.11142128718692312,-0.09066406044425057,-0.06990683370157791,-0.049149606958905245,-0.028392380216232582,-0.007635153473559919,0.013122073269112633,0.033879300011785296,0.05463652675445796,0.07539375349713062,0.09615098023980329,0.11690820698247584,0.1376654337251486,0.15842266046782116,0.17917988721049372,0.1999371139531665,0.22069434069583904,0.2414515674385116,0.26220879418118437,0.2829660209238569,0.3037232476665297,0.32448047440920225,0.3452377011518748,0.3659949278945476,0.3867521546372201,0.4075093813798929,0.42826660812256545],"_type":"histogram"},"_step":10,"_timestamp":1.741524452443987e+09,"_runtime":9.6311633,"weights/layer_0":{"values":[2,1,0,0,3,3,6,6,6,8,15,12,12,11,22,30,41,75,92,112,156,164,239,311,413,549,687,943,1235,1490,1891,2393,3244,2842,2163,1824,1254,808,494,409,263,195,161,101,62,65,46,54,39,33,20,17,15,14,8,5,8,8,1,0,4,1,0,2],"bins":[-1.0067239519736226,-0.9761961600260892,-0.9456683680785559,-0.9151405761310225,-0.8846127841834891,-0.8540849922359558,-0.8235572002884224,-0.7930294083408891,-0.7625016163933557,-0.7319738244458223,-0.701446032498289,-0.6709182405507556,-0.6403904486032221,-0.6098626566556888,-0.5793348647081554,-0.548807072760622,-0.5182792808130887,-0.4877514888655553,-0.4572236969180219,-0.4266959049704886,-0.3961681130229552,-0.36564032107542177,-0.33511252912788847,-0.30458473718035506,-0.27405694523282165,-0.24352915328528835,-0.21300136133775494,-0.18247356939022152,-0.15194577744268822,-0.12141798549515481,-0.0908901935476214,-0.0603624016000881,-0.02983460965255469,0.0006931822949787225,0.031220974242512023,0.06174876619004532,0.09227655813757885,0.12280435008511215,0.15333214203264545,0.18385993398017897,0.21438772592771227,0.24491551787524557,0.2754433098227791,0.3059711017703124,0.3364988937178457,0.3670266856653792,0.3975544776129125,0.4280822695604458,0.45861006150797934,0.48913785345551264,0.5196656454030459,0.5501934373505795,0.5807212292981128,0.6112490212456461,0.6417768131931796,0.6723046051407129,0.7028323970882462,0.7333601890357797,0.763887980983313,0.7944157729308463,0.8249435648783798,0.8554713568259131,0.8859991487734464,0.91652694072098,0.9470547326685133],"_type":"histogram"},"epoch":5,"learning_rate":0.001,"confusion_matrix_table":{"artifact_path":"wandb-client-artifact://ta3gs6lklto4945gzsn1oploodoezpr8sxqtkgvj1z2vn1rdb0uzpm11gpvmx3nm05ezfdu7rqn617rql7kypzeehlyzk3irj67jo0popjtwsxc1ldsdu2w0tuywqdn9/confusion_matrix_table.table.json","_latest_artifact_path":"wandb-client-artifact://yphv9xjmdzr4lqylqxv51wz0ca08lr8l5dp8jg55f0shns53t9o16q7ynmholpvz5pnua8gjt35y7mnfb9hdcee87fspqj95dqt0s91ju0sw08yy62mqlsn6cu9x0pio:latest/confusion_matrix_table.table.json","path":"media/table/confusion_matrix_table_9_90c153cf0414ec760332.table.json","ncols":3,"nrows":100,"_type":"table-file","sha256":"90c153cf0414ec76033280fe9a9cc2d1a7472a7fab76d81ce42f6fe71e67e3cc","size":3027},"sample_predictions":{"count":10,"filenames":["media/images/sample_predictions_10_606215d87f87b2f00799.png","media/images/sample_predictions_10_80c07028ea3856542be4.png","media/images/sample_predictions_10_9cf40359a3dec85636e5.png","media/images/sample_predictions_10_ce5b739914bcd72b66df.png","media/images/sample_predictions_10_07a347c11e27a0aa79ca.png","media/images/sample_predictions_10_d99b4985df3c791d3f16.png","media/images/sample_predictions_10_379b818d067226d80795.png","media/images/sample_predictions_10_1fed2768e0601d187e72.png","media/images/sample_predictions_10_736760c82067caaa8fe3.png","media/images/sample_predictions_10_26363bd2a04602ee6a04.png"],"captions":["True: 1, Pred: 1","True: 5, Pred: 5","True: 2, Pred: 2","True: 3, Pred: 3","True: 9, Pred: 9","True: 0, Pred: 0","True: 9, Pred: 9","True: 0, Pred: 3","True: 1, Pred: 1","True: 8, Pred: 8"],"_type":"images/separated","width":28,"height":28,"format":"png"},"_wandb":{"runtime":9},