{"train_loss":2.302658739805536,"_runtime":16.4600867,"train_acc":0.10183333333333333,"val_loss":2.302658739805536,"_timestamp":1.7415251406064284e+09,"weights/layer_0":{"values":[32,32,160,32,64,96,32,32,32,32,96,64,32,64,128,64,64,192,320,160,224,192,352,288,384,160,128,448,704,576,288,608,384,544,640,576,1152,1920,1024,832,480,352,512,416,480,448,416,448,384,608,640,608,320,320,320,448,352,608,832,672,672,704,544,352],"bins":[-0.021890840815360923,-0.021305252175127423,-0.020719663534893924,-0.020134074894660424,-0.019548486254426928,-0.018962897614193428,-0.01837730897395993,-0.01779172033372643,-0.01720613169349293,-0.01662054305325943,-0.01603495441302593,-0.015449365772792432,-0.014863777132558932,-0.014278188492325433,-0.013692599852091935,-0.013107011211858435,-0.012521422571624936,-0.011935833931391436,-0.011350245291157936,-0.010764656650924439,-0.010179068010690939,-0.00959347937045744,-0.009007890730223941,-0.008422302089990442,-0.007836713449756942,-0.0072511248095234425,-0.006665536169289943,-0.006079947529056443,-0.005494358888822947,-0.0049087702485894474,-0.004323181608355948,-0.003737592968122448,-0.0031520043278889485,-0.002566415687655449,-0.0019808270474219493,-0.0013952384071884497,-0.00080964976695495,-0.00022406112672145387,0.00036152751351204576,0.0009471161537455454,0.001532704793979045,0.0021182934342125447,0.0027038820744460443,0.003289470714679544,0.00387505935491304,0.00446064799514654,0.005046236635380039,0.005631825275613539,0.006217413915847039,0.006803002556080538,0.007388591196314038,0.007974179836547537,0.008559768476781037,0.009145357117014533,0.009730945757248036,0.010316534397481533,0.010902123037715029,0.011487711677948532,0.012073300318182028,0.012658888958415531,0.013244477598649027,0.01383006623888253,0.014415654879116026,0.01500124351934953,0.015586832159583027],"_type":"histogram"},"biases/layer_2":{"values":[1,0,0,0,0,0,0,0,0,0,0,0,0,1,0,0,2,1,1,0,0,1,0,1,0,0,4,1,0,1,0,2,1,0,2,2,1,1,1,0,1,0,1,1,1,1,0,1,0,0,0,1,0,0,0,0,0,0,0,0,0,0,0,1],"bins":[0.03589508488159486,0.037945420156631354,0.03999575543166785,0.04204609070670434,0.044096425981740836,0.04614676125677733,0.04819709653181382,0.05024743180685031,0.052297767081886805,0.0543481023569233,0.05639843763195979,0.05844877290699628,0.060499108182032774,0.06254944345706927,0.06459977873210576,0.06665011400714226,0.06870044928217875,0.07075078455721524,0.07280111983225174,0.07485145510728823,0.07690179038232473,0.0789521256573612,0.08100246093239771,0.08305279620743419,0.0851031314824707,0.08715346675750718,0.08920380203254369,0.09125413730758017,0.09330447258261666,0.09535480785765316,0.09740514313268965,0.09945547840772614,0.10150581368276264,0.10355614895779913,0.10560648423283563,0.10765681950787212,0.10970715478290861,0.11175749005794511,0.1138078253329816,0.1158581606080181,0.11790849588305459,0.11995883115809107,0.12200916643312756,0.12405950170816406,0.12610983698320055,0.12816017225823706,0.13021050753327354,0.13226084280831002,0.13431117808334653,0.13636151335838304,0.13841184863341952,0.140462183908456,0.1425125191834925,0.144562854458529,0.1466131897335655,0.14866352500860197,0.15071386028363848,0.15276419555867496,0.15481453083371144,0.15686486610874795,0.15891520138378445,0.16096553665882096,0.16301587193385741,0.16506620720889392,0.16711654248393043],"_type":"histogram"},"biases/layer_4":{"values":[1,0,0,0,0,0,0,0,0,0,0,0,0,0,0,0,0,0,0,0,1,0,1,0,1,0,1,0,0,0,0,1,0,0,0,1,0,0,0,1,0,0,0,0,0,0,0,0,0,0,0,0,0,0,0,1,0,0,0,0,0,0,0,1],"bins":[-0.0037921933090786803,-0.003686522653390991,-0.0035808519977033014,-0.0034751813420156124,-0.003369510686327923,-0.0032638400306402335,-0.003158169374952544,-0.003052498719264855,-0.0029468280635771655,-0.002841157407889476,-0.0027354867522017866,-0.002629816096514097,-0.0025241454408264077,-0.0024184747851387187,-0.0023128041294510292,-0.00220713347376334,-0.0021014628180756507,-0.0019957921623879613,-0.0018901215067002718,-0.0017844508510125824,-0.001678780195324893,-0.001573109539637204,-0.0014674388839495144,-0.001361768228261825,-0.0012560975725741355,-0.001150426916886446,-0.001044756261198757,-0.0009390856055110676,-0.0008334149498233781,-0.0007277442941356887,-0.0006220736384479997,-0.0005164029827603102,-0.00041073232707262075,-0.0003050616713849313,-0.00019939101569724184,-9.372036000955281e-05,1.1950295678136644e-05,0.0001176209513658261,0.00022329160705351556,0.000328962262741205,0.00043463291842889447,0.0005403035741165839,0.0006459742298042725,0.000751644885491962,0.0008573155411796514,0.0009629861968673409,0.0010686568525550303,0.0011743275082427198,0.0012799981639304093,0.0013856688196180987,0.0014913394753057882,0.0015970101309934768,0.0017026807866811662,0.0018083514423688557,0.0019140220980565451,0.0020196927537442346,0.002125363409431924,0.0022310340651196135,0.002336704720807303,0.0024423753764949924,0.002548046032182681,0.0026537166878703704,0.00275938734355806,0.0028650579992457494,0.002970728654933439],"_type":"histogram"},"biases/layer_1":{"_type":"histogram","values":[1,0,0,0,0,0,0,1,1,0,0,2,0,0,1,1,1,1,1,2,2,0,0,1,0,2,0,0,0,0,1,2,1,2,0,1,1,1,1,0,0,1,1,0,0,0,0,0,0,0,0,0,0,0,0,0,0,0,0,2,0,0,0,1],"bins":[0.14087129695833617,0.14109744763741766,0.14132359831649913,0.14154974899558062,0.1417758996746621,0.14200205035374358,0.14222820103282505,0.14245435171190654,0.142680502390988,0.1429066530700695,0.14313280374915097,0.14335895442823246,0.14358510510731395,0.14381125578639542,0.1440374064654769,0.14426355714455838,0.14448970782363987,0.14471585850272134,0.14494200918180283,0.1451681598608843,0.1453943105399658,0.14562046121904726,0.14584661189812875,0.14607276257721025,0.1462989132562917,0.1465250639353732,0.14675121461445467,0.14697736529353617,0.14720351597261763,0.14742966665169913,0.1476558173307806,0.14788196800986209,0.14810811868894358,0.14833426936802505,0.14856042004710654,0.148786570726188,0.1490127214052695,0.14923887208435097,0.14946502276343246,0.14969117344251393,0.14991732412159542,0.15014347480067688,0.15036962547975838,0.15059577615883984,0.15082192683792134,0.15104807751700283,0.1512742281960843,0.1515003788751658,0.15172652955424726,0.15195268023332875,0.15217883091241022,0.1524049815914917,0.15263113227057318,0.15285728294965467,0.15308343362873617,0.15330958430781763,0.15353573498689913,0.1537618856659806,0.15398803634506208,0.15421418702414355,0.15444033770322504,0.1546664883823065,0.154892639061388,0.15511878974046947,0.15534494041955096]},"val_acc":0.10183333333333333,"weights/layer_4":{"bins":[-0.02758933329777359,-0.026788042018555454,-0.025986750739337316,-0.02518545946011918,-0.024384168180901042,-0.023582876901682905,-0.022781585622464767,-0.02198029434324663,-0.021179003064028493,-0.020377711784810355,-0.019576420505592218,-0.01877512922637408,-0.01797383794715594,-0.017172546667937803,-0.016371255388719665,-0.015569964109501528,-0.01476867283028339,-0.013967381551065253,-0.013166090271847116,-0.012364798992628979,-0.011563507713410841,-0.010762216434192704,-0.009960925154974567,-0.00915963387575643,-0.008358342596538289,-0.0075570513173201515,-0.006755760038102014,-0.005954468758883877,-0.0051531774796657395,-0.004351886200447602,-0.003550594921229465,-0.0027493036420113276,-0.0019480123627931903,-0.001146721083575053,-0.00034542980435691567,0.00045586147486122164,0.001257152754079359,0.0020584440332974963,0.0028597353125156336,0.003661026591733771,0.004462317870951908,0.0052636091501700455,0.006064900429388183,0.00686619170860632,0.007667482987824457,0.008468774267042595,0.009270065546260732,0.01007135682547887,0.010872648104697014,0.011673939383915151,0.012475230663133288,0.013276521942351426,0.014077813221569563,0.0148791045007877,0.015680395780005837,0.016481687059223975,0.017282978338442112,0.01808426961766025,0.018885560896878387,0.019686852176096524,0.02048814345531466,0.0212894347345328,0.022090726013750936,0.022892017292969073,0.023693308572187214],"_type":"histogram",