{"weights/layer_0":{"values":[1,0,0,0,0,0,5,3,3,4,3,18,12,25,32,56,98,126,187,217,251,268,251,229,260,244,328,345,392,458,653,908,1269,1634,2103,5688,22934,3256,1674,1368,821,593,522,489,432,360,237,195,141,133,143,144,154,149,121,78,60,37,22,14,16,6,4,2],"bins":[-7.089336256022074e-05,-6.894561316613586e-05,-6.699786377205099e-05,-6.505011437796612e-05,-6.310236498388125e-05,-6.115461558979639e-05,-5.9206866195711514e-05,-5.725911680162664e-05,-5.531136740754177e-05,-5.3363618013456895e-05,-5.141586861937202e-05,-4.9468119225287156e-05,-4.752036983120228e-05,-4.557262043711741e-05,-4.3624871043032544e-05,-4.167712164894767e-05,-3.97293722548628e-05,-3.7781622860777925e-05,-3.583387346669305e-05,-3.3886124072608186e-05,-3.193837467852331e-05,-2.999062528443844e-05,-2.8042875890353574e-05,-2.60951264962687e-05,-2.4147377102183828e-05,-2.2199627708098955e-05,-2.0251878314014082e-05,-1.8304128919929216e-05,-1.6356379525844343e-05,-1.440863013175947e-05,-1.2460880737674604e-05,-1.051313134358973e-05,-8.565381949504858e-06,-6.617632555419985e-06,-4.669883161335112e-06,-2.722133767250239e-06,-7.743843731653659e-07,1.1733650209194935e-06,3.1211144150043664e-06,5.068863809089239e-06,7.016613203174112e-06,8.964362597258985e-06,1.0912111991343858e-05,1.2859861385428731e-05,1.480761077951359e-05,1.6755360173598463e-05,1.8703109567683336e-05,2.065085896176821e-05,2.2598608355853082e-05,2.4546357749937955e-05,2.6494107144022828e-05,2.84418565381077e-05,3.0389605932192574e-05,3.2337355326277433e-05,3.4285104720362306e-05,3.623285411444718e-05,3.818060350853205e-05,4.0128352902616925e-05,4.20761022967018e-05,4.402385169078667e-05,4.597160108487153e-05,4.7919350478956403e-05,4.9867099873041276e-05,5.181484926712615e-05,5.3762598661211036e-05],"_type":"histogram"},"learning_rate":0.0001,"sample_predictions":{"captions":["True: 1, Pred: 8","True: 5, Pred: 8","True: 2, Pred: 8","True: 3, Pred: 8","True: 9, Pred: 8","True: 0, Pred: 8","True: 9, Pred: 8","True: 0, Pred: 8","True: 1, Pred: 8","True: 8, Pred: 8"],"_type":"images/separated","width":28,"height":28,"format":"png","count":10,"filenames":["media/images/sample_predictions_15_606215d87f87b2f00799.png","media/images/sample_predictions_15_80c07028ea3856542be4.png","media/images/sample_predictions_15_9cf40359a3dec85636e5.png","media/images/sample_predictions_15_ce5b739914bcd72b66df.png","media/images/sample_predictions_15_07a347c11e27a0aa79ca.png","media/images/sample_predictions_15_d99b4985df3c791d3f16.png","media/images/sample_predictions_15_379b818d067226d80795.png","media/images/sample_predictions_15_1fed2768e0601d187e72.png","media/images/sample_predictions_15_736760c82067caaa8fe3.png","media/images/sample_predictions_15_26363bd2a04602ee6a04.png"]},"biases/layer_2":{"values":[1,0,0,0,0,0,0,0,0,0,0,0,0,0,0,0,0,0,0,0,0,0,0,0,0,0,1,0,0,1,2,1,1,2,1,2,2,2,2,0,2,2,0,3,2,2,5,3,1,1,1,2,0,2,0,4,3,2,1,2,2,1,3,2],"bins":[-0.08612298463253802,-0.08521849401950163,-0.08431400340646523,-0.08340951279342886,-0.08250502218039246,-0.08160053156735607,-0.08069604095431968,-0.0797915503412833,-0.0788870597282469,-0.07798256911521051,-0.07707807850217412,-0.07617358788913772,-0.07526909727610134,-0.07436460666306495,-0.07346011605002856,-0.07255562543699216,-0.07165113482395577,-0.07074664421091939,-0.069842153597883,-0.0689376629848466,-0.06803317237181022,-0.06712868175877382,-0.06622419114573744,-0.06531970053270104,-0.06441520991966465,-0.06351071930662827,-0.06260622869359188,-0.061701738080555485,-0.06079724746751909,-0.0598927568544827,-0.05898826624144631,-0.058083775628409925,-0.05717928501537353,-0.05627479440233714,-0.05537030378930075,-0.05446581317626436,-0.05356132256322797,-0.05265683195019158,-0.05175234133715519,-0.0508478507241188,-0.04994336011108241,-0.04903886949804602,-0.04813437888500963,-0.04722988827197324,-0.04632539765893685,-0.04542090704590046,-0.04451641643286407,-0.04361192581982768,-0.04270743520679129,-0.041802944593754894,-0.04089845398071851,-0.039993963367682114,-0.03908947275464573,-0.038184982141609335,-0.03728049152857295,-0.036376000915536555,-0.03547151030250016,-0.034567019689463775,-0.03366252907642738,-0.032758038463390995,-0.0318535478503546,-0.030949057237318216,-0.030044566624281822,-0.029140076011245436,-0.02823558539820904],"_type":"histogram"},"weights/layer_3":{"bins":[-0.010504671401924232,-0.010195236521721766,-0.0098858016415193,-0.009576366761316834,-0.009266931881114368,-0.008957497000911903,-0.008648062120709437,-0.008338627240506971,-0.008029192360304506,-0.007719757480102039,-0.007410322599899573,-0.007100887719697108,-0.006791452839494642,-0.006482017959292176,-0.00617258307908971,-0.005863148198887244,-0.005553713318684778,-0.005244278438482313,-0.004934843558279846,-0.004625408678077381,-0.004315973797874914,-0.004006538917672449,-0.0036971040374699834,-0.003387669157267517,-0.0030782342770650515,-0.002768799396862586,-0.0024593645166601195,-0.002149929636457654,-0.0018404947562551885,-0.001531059876052723,-0.0012216249958502557,-0.0009121901156477902,-0.0006027552354453247,-0.0002933203552428591,1.61145249596064e-05,0.00032554940516207366,0.0006349842853645392,0.0009444191655670047,0.0012538540457694702,0.0015632889259719358,0.001872723806174403,0.0021821586863768686,0.002491593566579334,0.0028010284467817996,0.003110463326984265,0.0034198982071867307,0.003729333087389198,0.0040387679675916634,0.004348202847794129,0.0046576377279965945,0.00496707260819906,0.0052765074884015255,0.005585942368603993,0.005895377248806457,0.006204812129008924,0.006514247009211391,0.006823681889413855,0.007133116769616322,0.007442551649818786,0.007751986530021253,0.00806142141022372,0.008370856290426184,0.008680291170628652,0.008989726050831115,0.00929916093103358],"_type":"histogram","values":[4,1,1,0,2,0,0,6,1,2,3,3,5,8,6,4,8,9,8,17,15,12,20,4,16,21,16,20,22,19,17,19,21,18,31,24,15,20,21,23,20,11,16,13,14,9,12,14,9,9,12,4,5,2,6,4,1,4,1,3,3,4,1,1]},"_runtime":30.282579,"_timestamp":1.7415246445078468e+09,"train_acc":0.10183333333333333,"weights/layer_2":{"values":[64,0,0,0,0,0,0,64,49,79,128,11,53,128,128,64,256,0,244,76,64,192,64,0,0,37,27,256,384,64,256,64,64,64,128,0,87,169,64,128,64,0,0,64,64,192,0,64,0,64,0,0,0,0,0,0,64,0,0,0,0,0,0,64],"bins":[-0.0007771349610361436,-0.0007543904932216002,-0.000731646025407057,-0.0007089015575925136,-0.0006861570897779702,-0.0006634126219634269,-0.0006406681541488835,-0.0006179236863343401,-0.0005951792185197968,-0.0005724347507052535,-0.0005496902828907101,-0.0005269458150761667,-0.0005042013472616234,-0.00048145687944708005,-0.00045871241163253666,-0.0004359679438179933,-0.00041322347600345,-0.00039047900818890664,-0.0003677345403743633,-0.0003449900725598199,-0.00032224560474527656,-0.0002995011369307332,-0.00027675666911618983,-0.00025401220130164654,-0.00023126773348710315,-0.00020852326567255975,-0.00018577879785801647,-0.00016303433004347307,-0.00014028986222892968,-0.00011754539441438639,-9.4800926599843e-05,-7.205645878529971e-05,-4.9311990970756316e-05,-2.6567523156212922e-05,-3.823055341669636e-06,1.892141247287376e-05,4.1665880287417045e-05,6.441034810196044e-05,8.715481591650383e-05,0.00010989928373104712,0.00013264375154559051,0.0001553882193601339,0.0001781326871746772,0.00020087715498922048,0.00022362162280376398,0.00024636609061830727,0.00026911055843285056,0.00029185502624739406,0.00031459949406193735,0.00033734396187648063,0.00036008842969102413,0.0003828328975055674,0.0004055773653201107,0.0004283218331346542,0.0004510663009491975,0.0004738107687637408,0.0004965552365782843,0.0005192997043928276,0.0005420441722073709,0.0005647886400219141,0.0005875331078364576,0.0006102775756510009,0.0006330220434655442,0.0006557665112800877,0.0006785109790946311],"_type":"histogram"},"_step":15,"biases/layer_1":{"values":[2,1,0,1,0,0,0,0,1,0,1,0,1,1,1,1,1,0,1,3,2,3,2,1,4,0,0,2,0,1,1,3,0,2,3,0,3,2,1,0,1,2,1,0,1,0,2,1,0,2,1,1,0,0,2,0,1,0,0,0,1,0,1,2],