{"val_loss":2.3026246528421344,"val_acc":0.09233333333333334,"_timestamp":1.741459843048285e+09,"_runtime":89.7506395,"_step":10,"epoch":9,"_wandb":{"runtime":89}}