{"train_acc":0.6325,"_step":11,"biases/layer_0":{"_type":"histogram","values":[1,1,1,1,1,0,0,2,0,0,1,1,0,0,2,0,3,1,2,1,3,1,0,0,1,1,3,2,1,1,1,1,6,0,0,2,2,2,2,0,0,0,0,0,1,1,1,2,2,0,1,1,0,0,0,0,0,0,1,0,1,0,1,5],"bins":[-0.9784666797598309,-0.9471731047477223,-0.9158795297356137,-0.8845859547235051,-0.8532923797113965,-0.8219988046992879,-0.7907052296871793,-0.7594116546750707,-0.728118079662962,-0.6968245046508534,-0.6655309296387448,-0.6342373546266362,-0.6029437796145275,-0.5716502046024189,-0.5403566295903103,-0.5090630545782017,-0.47776947956609306,-0.44647590455398445,-0.41518232954187584,-0.38388875452976723,-0.3525951795176586,-0.32130160450555,-0.2900080294934414,-0.2587144544813328,-0.22742087946922407,-0.19612730445711546,-0.16483372944500685,-0.13354015443289824,-0.10224657942078963,-0.07095300440868102,-0.03965942939657241,-0.0083658543844638,0.02292772062764481,0.05422129563975342,0.08551487065186203,0.11680844566397064,0.14810202067607925,0.17939559568818786,0.21068917070029647,0.24198274571240508,0.2732763207245137,0.3045698957366223,0.3358634707487309,0.3671570457608395,0.3984506207729481,0.42974419578505674,0.46103777079716535,0.49233134580927396,0.5236249208213828,0.5549184958334914,0.5862120708456,0.6175056458577086,0.6487992208698172,0.6800927958819258,0.7113863708940344,0.7426799459061431,0.7739735209182517,0.8052670959303603,0.8365606709424689,0.8678542459545775,0.8991478209666861,0.9304413959787947,0.9617349709909033,0.9930285460030119,1.0243221210151205]},"learning_rate":0.001,"biases/layer_2":{"values":[2,0,1,2,2,2,1,2,0,0,0,0,0,0,0,2,3,1,0,2,1,0,2,2,2,6,2,1,3,0,3,1,3,1,1,0,0,0,2,0,0,1,0,0,1,0,0,3,1,0,1,2,0,1,1,0,2,0,0,0,0,0,0,1],"bins":[-0.47142992012088186,-0.45473058923664417,-0.4380312583524065,-0.42133192746816883,-0.4046325965839312,-0.3879332656996935,-0.37123393481545586,-0.35453460393121816,-0.33783527304698047,-0.3211359421627428,-0.3044366112785052,-0.2877372803942675,-0.2710379495100298,-0.2543386186257921,-0.23763928774155446,-0.22093995685731682,-0.20424062597307913,-0.18754129508884143,-0.1708419642046038,-0.1541426333203661,-0.13744330243612846,-0.12074397155189076,-0.10404464066765312,-0.08734530978341543,-0.07064597889917773,-0.05394664801494009,-0.037247317130702395,-0.020547986246464756,-0.0038486553622270603,0.01285067552201058,0.02955000640624822,0.046249337290485915,0.06294866817472361,0.0796479990589613,0.096347329943199,0.11304666082743658,0.12974599171167428,0.14644532259591198,0.16314465348014967,0.17984398436438725,0.19654331524862495,0.21324264613286265,0.22994197701710034,0.24664130790133804,0.2633406387855756,0.2800399696698133,0.296739300554051,0.3134386314382887,0.3301379623225264,0.346837293206764,0.3635366240910017,0.3802359549752394,0.39693528585947707,0.41363461674371466,0.43033394762795235,0.44703327851219005,0.46373260939642774,0.48043194028066544,0.497131271164903,0.5138306020491408,0.5305299329333784,0.5472292638176162,0.5639285947018537,0.5806279255860916,0.597327256470329],"_type":"histogram"},"biases/layer_3":{"values":[2,2,0,1,0,3,0,1,2,1,0,0,0,0,0,0,1,1,0,0,1,1,1,1,4,0,2,0,0,2,1,2,0,2,2,4,3,4,2,0,5,3,0,1,0,0,0,1,0,2,0,0,0,0,0,1,0,1,1,1,0,0,1,1],"bins":[-0.4004739577619256,-0.38735277128651113,-0.37423158481109664,-0.36111039833568215,-0.34798921186026766,-0.33486802538485316,-0.3217468389094387,-0.30862565243402423,-0.29550446595860974,-0.28238327948319525,-0.26926209300778076,-0.2561409065323663,-0.2430197200569518,-0.2298985335815373,-0.21677734710612284,-0.20365616063070835,-0.19053497415529386,-0.17741378767987936,-0.16429260120446487,-0.1511714147290504,-0.1380502282536359,-0.12492904177822145,-0.11180785530280696,-0.09868666882739247,-0.08556548235197797,-0.07244429587656348,-0.05932310940114899,-0.046201922925734495,-0.03308073645032006,-0.019959549974905566,-0.006838363499491074,0.006282822975923419,0.01940400945133791,0.032525195926752404,0.045646382402166896,0.05876756887758139,0.07188875535299588,0.08500994182841032,0.09813112830382481,0.11125231477923936,0.12437350125465385,0.13749468773006823,0.15061587420548272,0.16373706068089722,0.1768582471563117,0.1899794336317262,0.2031006201071407,0.2162218065825552,0.22934299305796968,0.24246417953338417,0.25558536600879866,0.26870655248421316,0.28182773895962765,0.29494892543504214,0.30807011191045663,0.3211912983858711,0.3343124848612855,0.3474336713367,0.3605548578121145,0.373676044287529,0.3867972307629435,0.39991841723835797,0.41303960371377246,0.42616079018918696,0.4392819766646014],"_type":"histogram"},"weights/layer_2":{"_type":"histogram","values":[2,4,1,1,2,6,13,13,7,1,10,32,31,44,52,33,15,27,35,60,49,73,116,166,148,156,186,226,194,174,84,62,35,47,73,155,225,236,199,155,172,137,111,87,59,48,35,28,27,32,54,43,24,12,16,7,11,23,12,6,1,0,1,2],"bins":[-1.4867654350263846,-1.4409835630421775,-1.3952016910579703,-1.3494198190737632,-1.3036379470895563,-1.2578560751053491,-1.212074203121142,-1.1662923311369349,-1.1205104591527277,-1.0747285871685206,-1.0289467151843135,-0.9831648432001064,-0.9373829712158993,-0.8916010992316922,-0.8458192272474852,-0.800037355263278,-0.7542554832790709,-0.7084736112948637,-0.6626917393106566,-0.6169098673264496,-0.5711279953422425,-0.5253461233580353,-0.4795642513738283,-0.43378237938962116,-0.38800050740541403,-0.3422186354212069,-0.29643676343699976,-0.2506548914527926,-0.20487301946858572,-0.15909114748437858,-0.11330927550017145,-0.06752740351596431,-0.02174553153175718,0.024036340452449956,0.06981821243665709,0.11560008442086422,0.16138195640507136,0.20716382838927827,0.2529457003734854,0.29872757235769254,0.3445094443418997,0.3902913163261068,0.43607318831031394,0.4818550602945211,0.527636932278728,0.5734188042629353,0.6192006762471423,0.6649825482313496,0.7107644202155565,0.7565462921997634,0.8023281641839708,0.8481100361681777,0.8938919081523851,0.939673780136592,0.9854556521207993,1.0312375241050062,1.0770193960892132,1.1228012680734205,1.1685831400576274,1.2143650120418348,1.2601468840260417,1.305928756010249,1.351710627994456,1.3974924999786633,1.4432743719628702]},"val_loss":0.9907898919877883,"biases/layer_4":{"_type":"histogram","values":[1,0,0,1,0,1,0,0,0,0,0,0,0,0,1,0,0,0,0,1,0,0,1,0,0,0,1,0,0,0,0,0,1,0,0,0,0,0,0,0,0,1,0,0,0,0,0,0,0,0,0,0,0,0,0,0,0,0,0,0,0,0,0,1],"bins":[-0.11050130240398273,-0.10578331985296184,-0.10106533730194094,-0.09634735475092004,-0.09162937219989914,-0.08691138964887825,-0.08219340709785736,-0.07747542454683645,-0.07275744199581555,-0.06803945944479466,-0.06332147689377376,-0.05860349434275286,-0.05388551179173197,-0.04916752924071107,-0.04444954668969017,-0.03973156413866927,-0.035013581587648376,-0.030295599036627485,-0.02557761648560658,-0.02085963393458569,-0.016141651383564784,-0.011423668832543893,-0.006705686281522988,-0.0019877037305020967,0.0027302788205187944,0.0074482613715396995,0.01216624392256059,0.016884226473581482,0.021602209024602387,0.026320191575623292,0.031038174126644197,0.035756156677665074,0.04047413922868598,0.045192121779706884,0.04991010433072776,0.054628086881748666,0.05934606943276957,0.06406405198379048,0.06878203453481135,0.07350001708583226,0.07821799963685316,0.08293598218787404,0.08765396473889495,0.09237194728991585,0.09708992984093676,0.10180791239195763,0.10652589494297854,0.11124387749399944,0.11596186004502032,0.12067984259604123,0.12539782514706213,0.13011580769808304,0.1348337902491039,0.13955177280012485,0.1442697553511457,0.1489877379021666,0.1537057204531875,0.1584237030042084,0.16314168555522932,0.16785966810625022,0.17257765065727113,0.17729563320829198,0.18201361575931288,0.18673159831033379,0.1914495808613547]},"_timestamp":1.74152496841174e+09,"biases/layer_1":{"_type":"histogram","values":[1,0,0,1,2,2,0,2,3,1,2,2,2,2,4,2,1,1,0,0,1,2,0,1,0,1,1,0,0,0,0,0,0,0,0,0,0,0,0,0,0,0,0,2,0,0,1,0,3,1,1,0,0,0,2,0,0,0,2,3,0,9,3,3],