{"weights/layer_3":{"bins":[-0.036253074509630695,-0.03516240945645066,-0.03407174440327063,-0.0329810793500906,-0.03189041429691057,-0.030799749243730537,-0.029709084190550506,-0.028618419137370475,-0.027527754084190444,-0.026437089031010413,-0.025346423977830383,-0.02425575892465035,-0.023165093871470317,-0.02207442881829029,-0.020983763765110255,-0.019893098711930225,-0.018802433658750194,-0.017711768605570163,-0.016621103552390132,-0.015530438499210101,-0.01443977344603007,-0.013349108392850036,-0.012258443339670005,-0.011167778286489974,-0.010077113233309943,-0.008986448180129912,-0.007895783126949881,-0.00680511807376985,-0.005714453020589816,-0.004623787967409788,-0.003533122914229754,-0.0024424578610497266,-0.0013517928078696922,-0.0002611277546896579,0.0008295372984903696,0.001920202351670404,0.0030108674048504314,0.004101532458030466,0.005192197511210493,0.0062828625643905275,0.007373527617570555,0.00846419267075059,0.009554857723930624,0.010645522777110651,0.011736187830290686,0.012826852883470713,0.013917517936650747,0.015008182989830775,0.01609884804301081,0.017189513096190843,0.01828017814937087,0.019370843202550905,0.020461508255730933,0.021552173308910967,0.022642838362090995,0.02373350341527103,0.024824168468451063,0.02591483352163109,0.027005498574811118,0.028096163627991153,0.029186828681171187,0.03027749373435122,0.03136815878753124,0.032458823840711276,0.03354948889389132],"_type":"histogram","values":[1,0,0,1,1,2,0,3,3,3,0,1,2,8,6,3,12,12,12,12,21,25,21,34,42,38,38,28,55,61,57,65,48,53,50,64,46,57,55,47,36,31,40,28,27,18,19,18,20,9,15,10,8,4,3,1,1,2,0,2,0,0,0,1]},"biases/layer_3":{"bins":[-0.00379283660974633,-0.003654849682701993,-0.0035168627556576553,-0.003378875828613318,-0.003240888901568981,-0.003102901974524643,-0.002964915047480306,-0.0028269281204359687,-0.002688941193391631,-0.002550954266347294,-0.0024129673393029566,-0.002274980412258619,-0.0021369934852142817,-0.0019990065581699445,-0.001861019631125607,-0.0017230327040812696,-0.0015850457770369324,-0.0014470588499925952,-0.0013090719229482575,-0.0011710849959039203,-0.001033098068859583,-0.0008951111418152454,-0.0007571242147709082,-0.0006191372877265709,-0.0004811503606822333,-0.00034316343363789605,-0.00020517650659355883,-6.71895795492216e-05,7.079734749511606e-05,0.0002087842745394533,0.00034677120158379095,0.00048475812862812774,0.0006227450556724654,0.0007607319827168031,0.0008987189097611399,0.0010367058368054775,0.0011746927638498152,0.001312679690894152,0.0014506666179384896,0.0015886535449828273,0.001726640472027164,0.0018646273990715018,0.0020026143261158394,0.002140601253160176,0.002278588180204514,0.0024165751072488515,0.0025545620342931883,0.002692548961337526,0.0028305358883818636,0.0029685228154262004,0.003106509742470538,0.003244496669514875,0.0033824835965592125,0.00352047052360355,0.003658457450647887,0.0037964443776922247,0.003934431304736563,0.0040724182317808996,0.004210405158825236,0.004348392085869573,0.004486379012913912,0.0046243659399582485,0.004762352867002585,0.004900339794046924,0.0050383267210912614],"_type":"histogram","values":[1,0,0,0,0,0,0,0,0,0,0,0,0,0,1,0,0,0,0,2,1,0,0,0,0,1,0,0,0,0,0,1,0,0,0,0,1,0,0,0,0,0,1,0,0,0,0,0,0,0,0,0,0,0,0,0,0,0,0,0,0,0,0,1]},"weights/layer_0":{"_type":"histogram","values":[2,3,0,2,10,9,24,21,37,52,85,132,210,276,381,554,723,1004,1287,1570,1965,2463,2817,3280,3872,4281,4724,5086,5321,5634,5533,5477,5459,5174,5008,4521,4169,3666,3246,2705,2137,1749,1427,1074,926,599,488,350,265,176,132,73,76,41,23,15,7,8,0,0,1,0,0,2],"bins":[-0.04232103483932766,-0.04094734480521281,-0.039573654771097956,-0.0381999647369831,-0.03682627470286824,-0.03545258466875339,-0.034078894634638535,-0.03270520460052368,-0.03133151456640883,-0.029957824532293974,-0.02858413449817912,-0.027210444464064263,-0.02583675442994941,-0.024463064395834556,-0.0230893743617197,-0.021715684327604845,-0.02034199429348999,-0.018968304259375138,-0.017594614225260284,-0.016220924191145427,-0.014847234157030573,-0.01347354412291572,-0.012099854088800863,-0.010726164054686009,-0.009352474020571155,-0.007978783986456302,-0.006605093952341448,-0.0052314039182265945,-0.003857713884111734,-0.0024840238499968803,-0.0011103338158820267,0.00026335621823282696,0.0016370462523476806,0.0030107362864625342,0.004384426320577388,0.0057581163546922415,0.007131806388807095,0.008505496422921956,0.00987918645703681,0.011252876491151663,0.012626566525266517,0.01400025655938137,0.015373946593496224,0.016747636627611077,0.018121326661725938,0.01949501669584079,0.020868706729955645,0.022242396764070492,0.023616086798185353,0.024989776832300213,0.02636346686641506,0.02773715690052992,0.029110846934644767,0.030484536968759628,0.031858227002874474,0.033231917036989335,0.034605607071104195,0.03597929710521904,0.0373529871393339,0.03872667717344875,0.04010036720756361,0.04147405724167846,0.04284774727579332,0.044221437309908164,0.04559512734402302]},"_step":20,"_wandb":{"runtime":26},"_timestamp":1.7415249004435096e+09,"train_loss":2.3026545745493077,"val_loss":2.3026545745493077,"epoch":15,"confusion_matrix_table":{"sha256":"0e0a3e12d8de0bf8bb382b4baa65b12a8c31db4189b15dcbb54f1d07fd73ca2e","size":3002,"artifact_path":"wandb-client-artifact://6hrppq5n41hr7v8cbne8gscmt8qedgodnoomvmztueu1cmwsql5cig9p61yqky7xlemtajvi01ye873ycegbln3vhzpxecnv6obl6ov3mu37s5pkftj2pdqsd7co63pc/confusion_matrix_table.table.json","_latest_artifact_path":"wandb-client-artifact://p6kmbnlq9qlwtv1mevt4o0rn7eg53ha87ys53ewoyijbbaaap3jr5p7v7jt2kzcdcgzvemnhvojaruxtchzsijv9zsgiugqzvo8f0rfpdjjwdlca79ho5ijw711025un:latest/confusion_matrix_table.table.json","path":"media/table/confusion_matrix_table_19_0e0a3e12d8de0bf8bb38.table.json","ncols":3,"nrows":100,"_type":"table-file"},"learning_rate":0.0001,"_runtime":26.1623241,"biases/layer_1":{"values":[1,2,1,0,0,0,0,0,1,0,1,0,0,4,0,2,2,1,3,2,3,3,8,10,7,18,10,3,5,3,2,2,4,1,5,3,2,2,3,1,1,1,1,1,2,1,1,1,0,0,1,0,1,1,0,0,0,0,0,0,0,0,0,1],"bins":[-0.0006787611202424715,-0.0006524345268577793,-0.0006261079334730872,-0.000599781340088395,-0.0005734547467037028,-0.0005471281533190107,-0.0005208015599343185,-0.0004944749665496263,-0.0004681483731649341,-0.00044182177978024196,-0.0004154951863955498,-0.0003891685930108576,-0.00036284199962616546,-0.00033651540624147325,-0.0003101888128567811,-0.0002838622194720889,-0.00025753562608739675,-0.0002312090327027046,-0.0002048824393180124,-0.0001785558459333202,-0.0001522292525486281,-0.0001259026591639359,-9.957606577924369e-05,-7.324947239455148e-05,-4.692287900985939e-05,-2.0596285625167185e-05,5.730307759525019e-06,3.2056901144217114e-05,5.838349452890932e-05,8.471008791360152e-05,0.00011103668129829373,0.00013736327468298582,0.00016368986806767803,0.00019001646145237023,0.00021634305483706233,0.00024266964822175453,0.00026899624160644673,0.00029532283499113894,0.00032164942837583114,0.00034797602176052335,0.00037430261514521533,0.00040062920852990754,0.00042695580191459974,0.00045328239529929194,0.00047960898868398415,0.0005059355820686764,0.0005322621754533686,0.0005585887688380605,0.0005849153622227527,0.000611241955607445,0.0006375685489921372,0.0006638951423768294,0.0006902217357615216,0.0007165483291462138,0.0007428749225309058,0.000769201515915598,0.0007955281093002902,0.0008218547026849824,0.0008481812960696746,0.0008745078894543668,0.000900834482839059,0.000927161076223751,0.0009534876696084432,0.0009798142629931354,0.0010061408563778276],"_type":"histogram"},"weights/layer_1":{"values":[4,3,0,4,7,8,18,11,14,35,38,37,66,85,119,150,163,235,271,347,399,424,515,544,551,651,691,715,738,756,758,734,766,717,681,632,636,571,554,442,402,382,293,234,231,161,137,117,92,61,51,47,29,20,9,13,7,2,2,1,0,0,2,1],