{"val_loss":2.3026054696532854,"_wandb":{"runtime":27},"val_acc":0.09233333333333334,"_timestamp":1.741459878126921e+09,"_runtime":27.4594092,"_step":10,"epoch":9}