{"_step":11,"train_loss":2.3027229595976113,"biases/layer_0":{"bins":[-0.0018792194524236566,-0.0018330039530863765,-0.0017867884537490963,-0.0017405729544118162,-0.0016943574550745358,-0.0016481419557372557,-0.0016019264563999756,-0.0015557109570626954,-0.0015094954577254153,-0.0014632799583881352,-0.001417064459050855,-0.0013708489597135747,-0.0013246334603762948,-0.0012784179610390144,-0.0012322024617017343,-0.0011859869623644542,-0.001139771463027174,-0.001093555963689894,-0.0010473404643526138,-0.0010011249650153336,-0.0009549094656780534,-0.0009086939663407733,-0.000862478467003493,-0.0008162629676662129,-0.0007700474683289328,-0.0007238319689916526,-0.0006776164696543725,-0.0006314009703170924,-0.000585185470979812,-0.0005389699716425319,-0.0004927544723052517,-0.0004465389729679716,-0.0004003234736306915,-0.00035410797429341135,-0.0003078924749561312,-0.0002616769756188511,-0.00021546147628157095,-0.0001692459769442906,-0.00012303047760701047,-7.681497826973033e-05,-3.05994789324502e-05,1.5616020404829933e-05,6.183151974211007e-05,0.0001080470190793902,0.00015426251841667055,0.00020047801775395046,0.0002466935170912308,0.00029290901642851073,0.0003391245157657911,0.00038534001510307143,0.00043155551444035135,0.0004777710137776317,0.0005239865131149116,0.000570202012452192,0.0006164175117894719,0.0006626330111267522,0.0007088485104640326,0.0007550640098013125,0.0008012795091385928,0.0008474950084758728,0.0008937105078131531,0.000939926007150433,0.0009861415064877134,0.0010323570058249933,0.0010785725051622734],"_type":"histogram","values":[1,0,0,0,1,0,0,0,0,0,0,0,0,1,0,0,0,1,0,1,0,0,3,3,0,2,1,1,1,1,1,1,1,3,2,2,0,2,1,3,3,1,2,3,1,1,1,2,1,2,1,2,1,0,1,1,1,0,0,1,1,1,1,3]},"biases/layer_4":{"bins":[-0.01121370777754532,-0.010933972777205113,-0.010654237776864904,-0.010374502776524698,-0.010094767776184491,-0.009815032775844282,-0.009535297775504076,-0.009255562775163869,-0.008975827774823662,-0.008696092774483454,-0.008416357774143247,-0.008136622773803039,-0.007856887773462832,-0.007577152773122625,-0.0072974177727824175,-0.007017682772442211,-0.006737947772102003,-0.006458212771761796,-0.006178477771421589,-0.005898742771081381,-0.0056190077707411745,-0.005339272770400967,-0.005059537770060759,-0.004779802769720553,-0.004500067769380345,-0.004220332769040137,-0.003940597768699931,-0.003660862768359723,-0.0033811277680195154,-0.0031013927676793087,-0.002821657767339102,-0.0025419227669988935,-0.0022621877666586868,-0.00198245276631848,-0.0017027177659782716,-0.0014229827656380648,-0.001143247765297858,-0.0008635127649576496,-0.0005837777646174429,-0.00030404276427723614,-2.430776393702941e-05,0.00025542723640317906,0.0005351622367433858,0.0008148972370835925,0.001094632237423801,0.0013743672377640077,0.0016541022381042145,0.001933837238444423,0.0022135722387846297,0.0024933072391248364,0.002773042239465045,0.0030527772398052516,0.0033325122401454584,0.003612247240485667,0.0038919822408258736,0.00417171724116608,0.004451452241506289,0.0047311872418464955,0.005010922242186702,0.005290657242526909,0.005570392242867116,0.005850127243207326,0.006129862243547533,0.006409597243887739,0.006689332244227945],"_type":"histogram","values":[1,0,0,0,0,0,0,0,0,0,0,0,0,0,0,0,0,0,0,0,0,0,0,1,0,0,0,0,0,0,0,1,0,0,0,0,0,0,0,1,0,1,0,0,1,0,0,0,0,1,0,1,0,0,1,0,0,0,0,0,0,0,0,1]},"weights/layer_0":{"_type":"histogram","values":[3,1,5,14,8,6,12,4,11,8,14,9,18,23,13,18,15,21,23,22,38,41,42,53,37,74,65,114,150,222,651,47093,308,170,104,106,87,63,50,49,44,32,27,37,28,29,18,22,17,21,7,15,5,6,11,8,14,25,19,9,7,6,2,2],"bins":[-0.00041936057879723163,-0.0004059087414815326,-0.0003924569041658335,-0.0003790050668501345,-0.0003655532295344354,-0.0003521013922187364,-0.00033864955490303737,-0.00032519771758733834,-0.00031174588027163926,-0.0002982940429559402,-0.00028484220564024116,-0.00027139036832454213,-0.0002579385310088431,-0.00024448669369314403,-0.000231034856377445,-0.00021758301906174595,-0.0002041311817460469,-0.00019067934443034784,-0.0001772275071146488,-0.00016377566979894977,-0.0001503238324832507,-0.00013687199516755166,-0.00012342015785185264,-0.00010996832053615356,-9.651648322045453e-05,-8.30646459047555e-05,-6.961280858905643e-05,-5.61609712733574e-05,-4.2709133957658375e-05,-2.9257296641959296e-05,-1.580545932626027e-05,-2.3536220105611905e-06,1.1098215305137835e-05,2.455005262083686e-05,3.800188993653594e-05,5.1453727252234965e-05,6.490556456793405e-05,7.835740188363307e-05,9.18092391993321e-05,0.00010526107651503112,0.00011871291383073026,0.00013216475114642928,0.0001456165884621283,0.00015906842577782733,0.00017252026309352636,0.00018597210040922538,0.00019942393772492452,0.00021287577504062354,0.00022632761235632257,0.0002397794496720216,0.0002532312869877206,0.00026668312430341975,0.0002801349616191188,0.0002935867989348178,0.00030703863625051683,0.00032049047356621585,0.0003339423108819149,0.000347394148197614,0.00036084598551331304,0.00037429782282901206,0.0003877496601447111,0.0004012014974604101,0.00041465333477610925,0.0004281051720918083,0.0004415570094075073]},"train_acc":0.10033333333333333,"learning_rate":0.001,"_runtime":12.3993295,"epoch":5,"confusion_matrix_table":{"nrows":100,"_type":"table-file","sha256":"3854b167ac5f0d5c884f11a607cbe70d47d60a5c6de070603865681376798e8c","size":3002,"artifact_path":"wandb-client-artifact://c4r9fnfrit4uf4xppbwmk9teuvmesrcvbrv88nvaaeqpoob1g03ovpse6eqf21wx4u0m333b8j81j69c3gjidfel2knj8r4sbctm1ugdpxs5m35cswq66db0os5ozshq/confusion_matrix_table.table.json","_latest_artifact_path":"wandb-client-artifact://4fh9bzxdbkorooxmtk7l5m11qyfwfzlc18inbgi7t3vvvteahbp88x9kmjy1g0apon82hmmvt9pa524foyyaxaurxigox3durbxy9k9rfyku5pjtrgylngh098t4m9mf:latest/confusion_matrix_table.table.json","path":"media/table/confusion_matrix_table_10_3854b167ac5f0d5c884f.table.json","ncols":3},"val_acc":0.10033333333333333,"val_loss":2.3027229595976113,"_wandb":{"runtime":12},"biases/layer_1":{"values":[1,0,0,0,1,1,1,2,0,0,2,1,0,0,0,1,1,1,1,1,1,1,1,2,1,0,1,1,2,3,2,0,3,2,1,1,3,1,2,2,1,1,2,1,3,1,1,0,0,1,3,4,0,0,0,0,0,0,1,0,0,0,0,1],"bins":[0.3428452914226205,0.3436665728194784,0.34448785421633626,0.34530913561319415,0.34613041701005204,0.3469516984069099,0.3477729798037678,0.3485942612006257,0.3494155425974836,0.3502368239943415,0.35105810539119936,0.3518793867880572,0.3527006681849151,0.35352194958177297,0.35434323097863085,0.35516451237548874,0.3559857937723466,0.3568070751692045,0.3576283565660624,0.3584496379629203,0.3592709193597782,0.36009220075663606,0.36091348215349395,0.36173476355035183,0.3625560449472097,0.3633773263440676,0.3641986077409255,0.3650198891377834,0.36584117053464127,0.36666245193149916,0.36748373332835704,0.36830501472521493,0.3691262961220728,0.36994757751893065,0.37076885891578854,0.3715901403126464,0.3724114217095043,0.3732327031063622,0.3740539845032201,0.37487526590007797,0.37569654729693586,0.37651782869379374,0.37733911009065163,0.3781603914875095,0.3789816728843674,0.3798029542812253,0.3806242356780832,0.38144551707494107,0.38226679847179895,0.38308807986865684,0.3839093612655147,0.3847306426623726,0.38555192405923044,0.38637320545608833,0.3871944868529462,0.3880157682498041,0.388837049646662,0.3896583310435199,0.39047961244037777,0.39130089383723565,0.39212217523409354,0.3929434566309514,0.3937647380278093,0.3945860194246672,0.3954073008215251],"_type":"histogram"},