{"biases/layer_2":{"values":[1,1,1,2,0,3,1,2,0,0,2,2,4,3,2,1,2,3,3,0,7,0,3,0,2,5,4,2,2,3,0,1,0,1,0,3,4,4,0,4,1,2,3,1,3,3,5,3,2,3,2,4,2,1,2,2,1,0,2,3,3,0,0,2],"bins":[-0.7905409327785731,-0.7660691938141605,-0.7415974548497478,-0.7171257158853352,-0.6926539769209227,-0.6681822379565101,-0.6437104989920974,-0.6192387600276849,-0.5947670210632723,-0.5702952820988596,-0.545823543134447,-0.5213518041700345,-0.4968800652056218,-0.4724083262412092,-0.4479365872767966,-0.423464848312384,-0.3989931093479714,-0.37452137038355876,-0.3500496314191462,-0.32557789245473356,-0.301106153490321,-0.2766344145259083,-0.25216267556149574,-0.22769093659708317,-0.2032191976326705,-0.17874745866825792,-0.15427571970384535,-0.12980398073943278,-0.1053322417750201,-0.08086050281060753,-0.056388763846194956,-0.031917024881782274,-0.007445285917369704,0.017026453047042867,0.04149819201145555,0.06596993097586812,0.09044166994028069,0.11491340890469337,0.13938514786910594,0.1638568868335185,0.18832862579793108,0.21280036476234376,0.23727210372675644,0.2617438426911689,0.2862155816555816,0.31068732061999427,0.3351590595844067,0.3596307985488194,0.3841025375132321,0.40857427647764455,0.43304601544205723,0.4575177544064697,0.48198949337088237,0.506461232335295,0.5309329712997075,0.5554047102641202,0.5798764492285329,0.6043481881929453,0.628819927157358,0.6532916661217707,0.6777634050861832,0.7022351440505958,0.7267068830150085,0.751178621979421,0.7756503609438337],"_type":"histogram"},"biases/layer_5":{"values":[3,0,0,0,0,0,0,0,0,0,0,0,0,0,0,1,0,0,0,0,1,1,0,0,0,0,0,0,0,0,0,0,0,0,0,0,1,0,0,0,0,0,0,0,1,0,0,0,0,0,0,0,0,0,0,0,0,0,0,0,1,0,0,1],"bins":[-0.2992600604151446,-0.2878434371185322,-0.27642681382191986,-0.2650101905253075,-0.2535935672286951,-0.24217694393208275,-0.23076032063547036,-0.219343697338858,-0.20792707404224564,-0.19651045074563328,-0.18509382744902092,-0.17367720415240853,-0.16226058085579617,-0.1508439575591838,-0.13942733426257142,-0.12801071096595906,-0.1165940876693467,-0.10517746437273434,-0.09376084107612198,-0.0823442177795096,-0.07092759448289723,-0.05951097118628487,-0.048094347889672484,-0.036677724593060124,-0.025261101296447763,-0.013844477999835403,-0.0024278547032230424,0.008988768593389318,0.020405391890001734,0.031822015186614094,0.043238638483226455,0.054655261779838815,0.06607188507645118,0.07748850837306354,0.0889051316696759,0.10032175496628826,0.11173837826290062,0.12315500155951303,0.1345716248561254,0.14598824815273775,0.15740487144935011,0.16882149474596247,0.18023811804257484,0.1916547413391872,0.2030713646357996,0.21448798793241192,0.22590461122902433,0.23732123452563664,0.24873785782224905,0.26015448111886147,0.2715711044154738,0.2829877277120862,0.2944043510086985,0.3058209743053109,0.3172375976019232,0.32865422089853563,0.34007084419514805,0.35148746749176035,0.36290409078837277,0.3743207140849851,0.3857373373815975,0.3971539606782098,0.4085705839748222,0.4199872072714345,0.43140383056804693],"_type":"histogram"},"learning_rate":0.001,"weights/layer_1":{"_type":"histogram","values":[1,0,0,0,1,0,0,0,2,0,7,7,3,6,6,6,6,11,13,21,40,43,79,144,188,271,334,380,466,627,913,1130,1292,1358,1423,1291,1416,1186,899,684,477,438,345,228,189,157,105,64,41,14,18,17,4,5,3,4,9,4,3,1,2,0,1,1],"bins":[-4.013981985181208,-3.897759758091773,-3.7815375310023382,-3.6653153039129034,-3.5490930768234685,-3.4328708497340337,-3.3166486226445993,-3.2004263955551644,-3.0842041684657295,-2.9679819413762947,-2.85175971428686,-2.7355374871974254,-2.6193152601079905,-2.5030930330185557,-2.386870805929121,-2.270648578839686,-2.154426351750251,-2.0382041246608162,-1.9219818975713814,-1.8057596704819465,-1.6895374433925117,-1.5733152163030772,-1.4570929892136424,-1.3408707621242075,-1.2246485350347727,-1.1084263079453378,-0.992204080855903,-0.8759818537664681,-0.7597596266770337,-0.6435373995875988,-0.527315172498164,-0.4110929454087291,-0.29487071831929423,-0.17864849122985937,-0.062426264140424514,0.053795962949010345,0.1700181900384452,0.28624041712788006,0.4024626442173149,0.5186848713067498,0.6349070983961846,0.7511293254856186,0.8673515525750535,0.9835737796644883,1.0997960067539232,1.216018233843358,1.332240460932793,1.4484626880222278,1.5646849151116626,1.6809071422010975,1.7971293692905324,1.9133515963799672,2.029573823469402,2.145796050558837,2.262018277648272,2.3782405047377067,2.4944627318271406,2.6106849589165755,2.7269071860060103,2.843129413095445,2.95935164018488,3.075573867274315,3.19179609436375,3.3080183214531846,3.42424054854262]},"_runtime":209.645595,"confusion_matrix_table":{"artifact_path":"wandb-client-artifact://q63uosrtq7xliw2qeql8axdwslj5j48s205j9q3z48ikmfxsnhqexdelzak9aj6fba5wwbw2jjma8yl5w7ll792snoryo1pq1avwxo7xnketetk767c1fyrfwrgknjrj/confusion_matrix_table.table.json","_latest_artifact_path":"wandb-client-artifact://xnx56463ggls38haahefb345myj4j9fyu9f30f6i46r8n4h7241iz8koe7ymfdng2cpzxs8qyrndv7aka2b9nglsxomh22ugvvir6y4zpge5i31g4rce27ucjtq5w1t5:latest/confusion_matrix_table.table.json","path":"media/table/confusion_matrix_table_21_0a0d313dbb8234c566c4.table.json","ncols":3,"nrows":100,"_type":"table-file","sha256":"0a0d313dbb8234c566c41b276bd23dbcca0cc223d57db57f2c2a9c508e940a0d","size":3025},"biases/layer_0":{"_type":"histogram","values":[2,2,1,0,0,0,0,1,1,0,2,2,3,1,2,2,5,3,4,2,3,4,6,5,2,4,2,3,1,2,3,4,8,6,2,3,6,2,1,3,3,3,1,3,1,0,0,2,1,3,3,2,1,0,0,0,0,1,0,0,0,0,0,1],"bins":[-1.4661718509078976,-1.411325125821643,-1.3564784007353883,-1.3016316756491337,-1.246784950562879,-1.1919382254766244,-1.1370915003903699,-1.0822447753041153,-1.0273980502178606,-0.9725513251316059,-0.9177046000453513,-0.8628578749590967,-0.8080111498728421,-0.7531644247865874,-0.6983176997003329,-0.6434709746140782,-0.5886242495278236,-0.5337775244415689,-0.47893079935531424,-0.4240840742690597,-0.36923734918280493,-0.3143906240965504,-0.25954389901029584,-0.20469717392404108,-0.14985044883778653,-0.09500372375153199,-0.04015699866527722,0.014689726420977323,0.06953645150723187,0.12438317659348663,0.17922990167974118,0.23407662676599594,0.2889233518522505,0.34377007693850503,0.3986168020247598,0.45346352711101434,0.5083102521972691,0.5631569772835237,0.6180037023697782,0.6728504274560327,0.7276971525422877,0.7825438776285423,0.8373906027147968,0.8922373278010514,0.9470840528873059,1.0019307779735604,1.0567775030598154,1.11162422814607,1.1664709532323245,1.221317678318579,1.2761644034048336,1.3310111284910886,1.3858578535773431,1.4407045786635977,1.4955513037498522,1.5503980288361068,1.6052447539223613,1.6600914790086163,1.7149382040948709,1.7697849291811254,1.82463165426738,1.8794783793536345,1.9343251044398895,1.989171829526144,2.0440185546123986]},"weights/layer_4":{"_type":"histogram","values":[2,2,2,0,1,2,0,1,7,6,8,10,16,14,21,44,46,62,97,117,202,247,317,447,575,795,972,1238,1481,1629,1572,1388,1153,965,727,538,397,358,234,164,148,95,77,53,45,31,25,14,6,11,6,2,5,2,2,0,0,1,2,0,0,0,0,2],