{"biases/layer_1":{"_type":"histogram","values":[2,0,0,1,0,0,0,0,0,2,1,0,0,0,1,0,1,3,0,17,5,0,0,0,2,0,2,0,2,0,1,3,2,1,2,1,1,0,4,1,1,0,1,1,2,0,1,0,0,0,0,1,0,0,0,0,0,0,0,0,1,0,0,1],"bins":[-0.16577931784734434,-0.15762890523480022,-0.14947849262225607,-0.14132808000971195,-0.13317766739716783,-0.12502725478462368,-0.11687684217207955,-0.10872642955953543,-0.1005760169469913,-0.09242560433444716,-0.08427519172190304,-0.0761247791093589,-0.06797436649681476,-0.05982395388427064,-0.051673541271726506,-0.043523128659182383,-0.03537271604663825,-0.027222303434094125,-0.019071890821549975,-0.010921478209005853,-0.0027710655964617303,0.00537934701608242,0.013529759628626542,0.021680172241170664,0.029830584853714814,0.03798099746625894,0.04613141007880306,0.05428182269134718,0.06243223530389133,0.07058264791643545,0.07873306052897958,0.08688347314152373,0.09503388575406785,0.10318429836661197,0.11133471097915609,0.11948512359170022,0.1276355362042444,0.13578594881678852,0.14393636142933264,0.15208677404187676,0.16023718665442088,0.168387599266965,0.17653801187950918,0.1846884244920533,0.19283883710459743,0.20098924971714155,0.20913966232968567,0.2172900749422298,0.22544048755477397,0.2335909001673181,0.24174131277986222,0.24989172539240634,0.25804213800495046,0.2661925506174946,0.2743429632300387,0.2824933758425829,0.290643788455127,0.29879420106767113,0.30694461368021525,0.3150950262927594,0.3232454389053035,0.3313958515178477,0.3395462641303918,0.3476966767429359,0.35584708935548004]},"train_acc":0.8181666666666667,"epoch":5,"sample_predictions":{"captions":["True: 1, Pred: 1","True: 5, Pred: 5","True: 2, Pred: 2","True: 3, Pred: 3","True: 9, Pred: 9","True: 0, Pred: 0","True: 9, Pred: 9","True: 0, Pred: 3","True: 1, Pred: 1","True: 8, Pred: 8"],"_type":"images/separated","width":28,"height":28,"format":"png","count":10,"filenames":["media/images/sample_predictions_10_606215d87f87b2f00799.png","media/images/sample_predictions_10_80c07028ea3856542be4.png","media/images/sample_predictions_10_9cf40359a3dec85636e5.png","media/images/sample_predictions_10_ce5b739914bcd72b66df.png","media/images/sample_predictions_10_07a347c11e27a0aa79ca.png","media/images/sample_predictions_10_d99b4985df3c791d3f16.png","media/images/sample_predictions_10_379b818d067226d80795.png","media/images/sample_predictions_10_1fed2768e0601d187e72.png","media/images/sample_predictions_10_736760c82067caaa8fe3.png","media/images/sample_predictions_10_26363bd2a04602ee6a04.png"]},"val_acc":0.8181666666666667,"learning_rate":0.001,"weights/layer_0":{"values":[1,2,0,2,3,6,8,13,7,6,7,5,5,15,16,27,43,65,81,132,174,262,337,466,704,999,1474,2292,3488,4858,14751,6338,4872,3269,1880,1123,761,475,328,234,150,114,90,58,43,39,30,18,21,16,10,7,11,3,8,10,2,3,5,3,1,2,2,1],"bins":[-0.7560710125861256,-0.7313125350195144,-0.7065540574529032,-0.681795579886292,-0.6570371023196808,-0.6322786247530696,-0.6075201471864584,-0.5827616696198472,-0.558003192053236,-0.5332447144866248,-0.5084862369200136,-0.48372775935340245,-0.4589692817867913,-0.4342108042201801,-0.4094523266535689,-0.3846938490869577,-0.3599353715203465,-0.3351768939537353,-0.3104184163871241,-0.2856599388205129,-0.2609014612539017,-0.23614298368729048,-0.21138450612067927,-0.18662602855406807,-0.16186755098745698,-0.13710907342084577,-0.11235059585423457,-0.08759211828762337,-0.06283364072101216,-0.03807516315440096,-0.013316685587789756,0.011441791978821447,0.03620026954543265,0.060958747112043854,0.08571722467865506,0.11047570224526626,0.13523417981187746,0.15999265737848867,0.18475113494509987,0.20950961251171107,0.23426809007832228,0.2590265676449335,0.2837850452115447,0.3085435227781559,0.3333020003447671,0.3580604779113783,0.3828189554779895,0.4075774330446007,0.4323359106112117,0.4570943881778229,0.4818528657444341,0.5066113433110453,0.5313698208776565,0.5561282984442677,0.5808867760108789,0.6056452535774901,0.6304037311441013,0.6551622087107125,0.6799206862773237,0.7046791638439349,0.7294376414105461,0.7541961189771573,0.7789545965437685,0.8037130741103797,0.828471551676991],"_type":"histogram"},"biases/layer_2":{"_type":"histogram","values":[3,0,1,0,0,2,0,0,0,0,0,0,1,0,0,0,2,0,0,0,0,0,2,1,0,0,3,0,19,1,2,1,1,3,1,1,0,1,3,1,1,2,4,2,1,0,0,0,1,0,0,1,0,0,0,1,0,0,0,0,1,0,0,1],"bins":[-0.6731828469586356,-0.6498627008691967,-0.6265425547797578,-0.6032224086903191,-0.5799022626008802,-0.5565821165114413,-0.5332619704220024,-0.5099418243325635,-0.4866216782431247,-0.46330153215368586,-0.43998138606424697,-0.4166612399748081,-0.3933410938853692,-0.37002094779593037,-0.3467008017064915,-0.32338065561705265,-0.30006050952761376,-0.2767403634381749,-0.25342021734873604,-0.23010007125929716,-0.20677992516985833,-0.18345977908041944,-0.16013963299098055,-0.13681948690154166,-0.11349934081210278,-0.090179194722664,-0.06685904863322512,-0.04353890254378623,-0.020218756454347342,0.003101389635091545,0.02642153572453032,0.04974168181396921,0.0730618279034081,0.09638197399284698,0.11970212008228587,0.14302226617172464,0.16634241226116353,0.18966255835060242,0.2129827044400413,0.2363028505294802,0.25962299661891897,0.28294314270835785,0.30626328879779674,0.3295834348872355,0.3529035809766745,0.3762237270661133,0.3995438731555523,0.42286401924499106,0.44618416533443006,0.46950431142386884,0.4928244575133076,0.5161446036027466,0.5394647496921854,0.5627848957816244,0.5861050418710632,0.6094251879605019,0.6327453340499409,0.6560654801393797,0.6793856262288187,0.7027057723182575,0.7260259184076963,0.7493460644971353,0.772666210586574,0.795986356676013,0.8193065027654518]},"weights/layer_1":{"bins":[-0.2936824327904877,-0.2808560248447491,-0.2680296168990104,-0.25520320895327175,-0.2423768010075331,-0.22955039306179442,-0.21672398511605578,-0.20389757717031712,-0.19107116922457845,-0.1782447612788398,-0.16541835333310112,-0.15259194538736248,-0.13976553744162382,-0.12693912949588515,-0.11411272155014651,-0.10128631360440785,-0.08845990565866918,-0.07563349771293051,-0.06280708976719185,-0.04998068182145321,-0.037154273875714516,-0.024327865929975878,-0.01150145798423724,0.0013249499615014537,0.014151357907240092,0.02697776585297873,0.039804173798717424,0.05263058174445606,0.0654569896901947,0.0782833976359334,0.09110980558167203,0.10393621352741073,0.11676262147314936,0.129589029418888,0.1424154373646267,0.15524184531036533,0.16806825325610403,0.18089466120184267,0.1937210691475813,0.20654747709331994,0.2193738850390587,0.23220029298479733,0.24502670093053597,0.2578531088762746,0.27067951682201324,0.2835059247677519,0.29633233271349063,0.30915874065922927,0.3219851486049679,0.33481155655070655,0.3476379644964452,0.36046437244218393,0.37329078038792257,0.3861171883336612,0.39894359627939985,0.4117700042251385,0.4245964121708771,0.4374228201166159,0.4502492280623545,0.46307563600809315,0.4759020439538318,0.4887284518995704,0.5015548598453092,0.5143812677910478,0.5272076757367864],"_type":"histogram","values":[2,1,0,1,3,3,2,4,7,6,4,8,6,5,11,10,20,35,47,78,188,249,1864,168,142,124,160,206,162,159,125,87,53,38,26,20,19,11,11,8,5,6,3,0,0,0,2,0,1,0,1,1,0,1,0,1,0,0,0,0,0,1,0,1]},"val_loss":0.5151735371438266,"weights/layer_2":{"_type":"histogram","values":[1,0,0,0,0,0,0,0,0,0,0,0,1,0,2,7,3,1,1,1,3,1,2,3,6,4,16,8,10,14,15,18,25,52,76,102,128,227,2052,161,117,119,112,140,112,136,111,81,70,33,37,29,23,10,4,8,6,2,1,0,2,0,2,1],