{"weights/layer_2":{"bins":[-0.4541196087597712,-0.43755510794471636,-0.4209906071296615,-0.40442610631460674,-0.3878616054995519,-0.37129710468449706,-0.3547326038694423,-0.33816810305438744,-0.3216036022393326,-0.30503910142427776,-0.2884746006092229,-0.27191009979416814,-0.2553455989791133,-0.23878109816405846,-0.22221659734900365,-0.20565209653394884,-0.189087595718894,-0.17252309490383916,-0.15595859408878432,-0.13939409327372954,-0.1228295924586747,-0.10626509164361986,-0.08970059082856507,-0.07313609001351024,-0.056571589198455396,-0.04000708838340056,-0.02344258756834572,-0.006878086753290935,0.009686414061763904,0.026250914876818743,0.042815415691873526,0.05937991650692842,0.0759444173219832,0.09250891813703799,0.10907341895209288,0.12563791976714767,0.14220242058220256,0.15876692139725734,0.17533142221231213,0.19189592302736702,0.2084604238424218,0.2250249246574766,0.24158942547253148,0.25815392628758627,0.27471842710264105,0.29128292791769594,0.3078474287327507,0.3244119295478056,0.3409764303628604,0.3575409311779152,0.3741054319929701,0.39066993280802487,0.40723443362307976,0.42379893443813454,0.44036343525318933,0.4569279360682442,0.473492436883299,0.4900569376983538,0.5066214385134087,0.5231859393284635,0.5397504401435183,0.556314940958573,0.572879441773628,0.5894439425886828,0.6060084434037375],"_type":"histogram","values":[1,0,0,0,1,2,2,2,3,1,7,11,16,17,19,15,14,15,13,20,18,40,58,123,348,1224,3707,5281,2140,965,783,579,320,173,88,74,31,45,29,28,31,24,25,13,11,5,9,13,15,9,4,3,1,1,0,1,0,2,2,0,1,0,0,1]},"weights/layer_3":{"values":[1,0,0,0,1,0,0,0,0,0,0,0,0,0,1,0,0,0,0,0,0,0,0,0,0,0,0,0,0,0,0,0,0,0,0,0,0,0,0,1,1,6,15,48,85,121,225,426,2281,8908,2291,995,586,229,92,41,10,9,0,2,4,2,1,2],"bins":[-1.3001429211890811,-1.2738975646893214,-1.2476522081895618,-1.221406851689802,-1.1951614951900424,-1.1689161386902827,-1.1426707821905229,-1.1164254256907633,-1.0901800691910035,-1.0639347126912437,-1.0376893561914842,-1.0114439996917244,-0.9851986431919647,-0.958953286692205,-0.9327079301924452,-0.9064625736926856,-0.8802172171929259,-0.8539718606931662,-0.8277265041934065,-0.8014811476936468,-0.7752357911938871,-0.7489904346941274,-0.7227450781943676,-0.6964997216946079,-0.6702543651948483,-0.6440090086950886,-0.6177636521953289,-0.5915182956955691,-0.5652729391958095,-0.5390275826960498,-0.51278222619629,-0.4865368696965303,-0.46029151319677064,-0.43404615669701097,-0.4078008001972513,-0.3815554436974915,-0.3553100871977318,-0.32906473069797215,-0.30281937419821237,-0.2765740176984528,-0.250328661198693,-0.22408330469893323,-0.19783794819917366,-0.17159259169941388,-0.1453472351996541,-0.11910187869989453,-0.09285652220013474,-0.06661116570037517,-0.04036580920061539,-0.014120452700855601,0.012124903798903963,0.03837026029866375,0.06461561679842331,0.0908609732981831,0.11710632979794289,0.14335168629770245,0.16959704279746224,0.19584239929722203,0.2220877557969816,0.24833311229674138,0.27457846879650116,0.3008238252962607,0.3270691817960205,0.3533145382957801,0.37955989479553986],"_type":"histogram"},"_wandb":{"runtime":50},"epoch":15,"_timestamp":1.741532525300973e+09,"weights/layer_0":{"bins":[-0.8024843524449271,-0.7779517754902445,-0.7534191985355618,-0.7288866215808792,-0.7043540446261967,-0.6798214676715141,-0.6552888907168314,-0.6307563137621488,-0.6062237368074662,-0.5816911598527836,-0.5571585828981009,-0.5326260059434184,-0.5080934289887358,-0.48356085203405313,-0.4590282750793705,-0.4344956981246879,-0.4099631211700053,-0.38543054421532263,-0.36089796726064005,-0.3363653903059574,-0.31183281335127483,-0.2873002363965922,-0.2627676594419096,-0.23823508248722702,-0.21370250553254433,-0.18916992857786175,-0.16463735162317916,-0.14010477466849647,-0.11557219771381388,-0.0910396207591313,-0.06650704380444872,-0.04197446684976602,-0.01744188989508344,0.007090687059599143,0.03162326401428184,0.05615584096896442,0.080688417923647,0.10522099487832959,0.12975357183301228,0.15428614878769487,0.17881872574237745,0.20335130269706003,0.22788387965174273,0.2524164566064254,0.2769490335611079,0.3014816105157906,0.32601418747047306,0.35054676442515575,0.37507934137983845,0.3996119183345209,0.4241444952892036,0.4486770722438863,0.4732096491985688,0.4977422261532515,0.5222748031079342,0.5468073800626166,0.5713399570172993,0.595872533971982,0.6204051109266645,0.6449376878813472,0.6694702648360297,0.6940028417907124,0.7185354187453951,0.7430679957000775,0.7676005726547602],"_type":"histogram","values":[2,3,3,4,7,3,5,10,13,16,21,15,32,28,68,74,95,114,158,195,236,343,400,500,635,849,1174,1551,2284,3635,5768,11499,35642,14257,7090,4679,3073,1835,1166,823,577,426,298,194,142,101,72,66,38,26,27,23,15,10,14,4,4,0,3,1,0,4,1,1]},"_runtime":50.8617197,"biases/layer_0":{"_type":"histogram","values":[1,0,0,0,0,0,0,2,0,1,1,1,0,0,4,1,1,4,3,4,2,5,39,7,2,6,3,6,1,3,2,1,1,0,3,2,1,2,2,3,2,1,0,0,1,0,0,1,1,0,0,1,0,0,2,2,0,0,1,0,0,0,1,1],"bins":[-0.2511598928165531,-0.24042720609867407,-0.22969451938079505,-0.21896183266291602,-0.208229145945037,-0.19749645922715797,-0.18676377250927897,-0.17603108579139995,-0.16529839907352092,-0.1545657123556419,-0.14383302563776287,-0.13310033891988388,-0.12236765220200485,-0.11163496548412583,-0.1009022787662468,-0.09016959204836777,-0.07943690533048875,-0.06870421861260972,-0.0579715318947307,-0.047238845176851674,-0.03650615845897265,-0.02577347174109365,-0.015040785023214626,-0.0043080983053356,0.006424588412543397,0.017157275130422422,0.027889961848301448,0.03862264856618047,0.0493553352840595,0.060088022001938524,0.07082070871981755,0.08155339543769657,0.0922860821555756,0.10301876887345462,0.11375145559133365,0.12448414230921268,0.1352168290270917,0.14594951574497073,0.15668220246284975,0.16741488918072878,0.1781475758986078,0.18888026261648677,0.1996129493343658,0.21034563605224482,0.22107832277012385,0.23181100948800287,0.2425436962058819,0.2532763829237609,0.2640090696416399,0.274741756359519,0.28547444307739794,0.296207129795277,0.306939816513156,0.3176725032310351,0.32840518994891404,0.3391378766667931,0.3498705633846721,0.3606032501025512,0.37133593682043015,0.3820686235383092,0.3928013102561882,0.4035339969740673,0.41426668369194625,0.42499937040982533,0.4357320571277043]},"val_acc":0.869,"biases/layer_2":{"_type":"histogram","values":[1,0,0,0,0,2,3,6,5,1,10,9,8,43,3,3,6,3,5,7,4,3,0,2,0,0,0,0,1,0,0,0,0,0,0,0,0,0,0,0,0,0,0,0,0,0,0,0,0,0,0,0,0,0,0,0,1,0,0,0,1,0,0,1],"bins":[-0.14797950699632934,-0.1371973485589767,-0.12641519012162403,-0.11563303168427139,-0.10485087324691875,-0.09406871480956609,-0.08328655637221344,-0.0725043979348608,-0.061722239497508144,-0.05094008106015549,-0.04015792262280285,-0.029375764185450196,-0.01859360574809754,-0.007811447310744901,0.002970711126607739,0.013752869563960407,0.024535028001313047,0.03531718643866569,0.046099344876018356,0.056881503313370996,0.06766366175072364,0.0784458201880763,0.08922797862542894,0.10001013706278158,0.11079229550013425,0.12157445393748689,0.13235661237483953,0.14313877081219217,0.1539209292495448,0.1647030876868975,0.17548524612425015,0.1862674045616028,0.19704956299895543,0.20783172143630807,0.2186138798736607,0.22939603831101335,0.24017819674836605,0.2509603551857187,0.2617425136230713,0.27252467206042397,0.2833068304977766,0.29408898893512925,0.30487114737248194,0.3156533058098346,0.3264354642471872,0.33721762268453986,0.3479997811218925,0.3587819395592452,0.36956409799659784,0.3803462564339505,0.3911284148713031,0.40191057330865576,0.4126927317460084,0.42347489018336104,0.4342570486207137,0.4450392070580663,0.45582136549541896,0.4666035239327716,0.47738568237012435,0.488167840807477,0.49894999924482963,0.5097321576821823,0.5205143161195349,0.5312964745568876,0.5420786329942402]},