{"_timestamp":1.7415419877117105e+09,"epoch":5,"train_acc":0.09233333333333334,"val_acc":0.09233333333333334,"train_loss":2.302599310798413,"learning_rate":0.0001,"_step":4,"_wandb":{"runtime":180},"_runtime":166.2580634,"val_loss":2.302599310798413}