{"_wandb":{"runtime":9},"epoch":5,"_runtime":9.5950609,"val_loss":0.5858140756399999,"biases/layer_2":{"values":[1,0,0,0,0,0,2,0,0,0,0,0,0,0,0,0,1,0,0,1,0,0,0,0,2,0,1,0,0,0,1,1,0,2,1,1,3,2,2,2,3,21,5,1,0,1,2,0,0,1,1,1,0,0,0,1,1,1,1,0,0,0,0,1],"bins":[-0.2914365044248777,-0.2844993128615162,-0.2775621212981547,-0.27062492973479324,-0.26368773817143176,-0.2567505466080703,-0.2498133550447088,-0.24287616348134736,-0.23593897191798588,-0.2290017803546244,-0.22206458879126292,-0.21512739722790145,-0.20819020566453997,-0.2012530141011785,-0.19431582253781704,-0.18737863097445556,-0.18044143941109408,-0.1735042478477326,-0.16656705628437113,-0.15962986472100965,-0.15269267315764817,-0.1457554815942867,-0.13881829003092522,-0.13188109846756374,-0.12494390690420226,-0.11800671534084078,-0.1110695237774793,-0.10413233221411786,-0.09719514065075638,-0.0902579490873949,-0.08332075752403342,-0.07638356596067195,-0.06944637439731047,-0.06250918283394899,-0.05557199127058751,-0.048634799707226034,-0.041697608143864556,-0.034760416580503106,-0.02782322501714163,-0.02088603345378015,-0.013948841890418673,-0.007011650327057195,-7.445876369571724e-05,0.0068627327996657606,0.013799924363027238,0.020737115926388716,0.027674307489750194,0.03461149905311167,0.04154869061647315,0.04848588217983463,0.055423073743196105,0.06236026530655758,0.06929745686991906,0.07623464843328054,0.08317183999664196,0.09010903156000344,0.09704622312336492,0.1039834146867264,0.11092060625008787,0.11785779781344935,0.12479498937681083,0.1317321809401723,0.13866937250353378,0.14560656406689526,0.15254375563025674],"_type":"histogram"},"weights/layer_3":{"values":[1,6,5,6,5,6,2,2,1,2,3,4,2,5,3,5,2,5,4,1,1,3,1,2,6,5,11,11,8,4,9,14,22,23,19,18,15,85,253,574,830,776,454,212,97,29,35,42,71,72,62,57,53,45,24,15,16,14,9,7,4,9,4,5],"bins":[-0.30306341330583925,-0.29569071433564814,-0.28831801536545704,-0.28094531639526593,-0.2735726174250749,-0.2661999184548838,-0.25882721948469267,-0.25145452051450157,-0.24408182154431046,-0.23670912257411936,-0.22933642360392828,-0.22196372463373717,-0.2145910256635461,-0.207218326693355,-0.1998456277231639,-0.19247292875297278,-0.18510022978278168,-0.1777275308125906,-0.1703548318423995,-0.1629821328722084,-0.1556094339020173,-0.1482367349318262,-0.1408640359616351,-0.133491336991444,-0.12611863802125292,-0.11874593905106182,-0.11137324008087071,-0.10400054111067963,-0.09662784214048853,-0.08925514317029742,-0.08188244420010632,-0.07450974522991524,-0.06713704625972414,-0.05976434728953303,-0.052391648319341955,-0.04501894934915085,-0.037646250378959745,-0.03027355140876864,-0.022900852438577535,-0.01552815346838643,-0.00815545449819538,-0.0007827555280042753,0.00658994344218683,0.013962642412377935,0.02133534138256904,0.028708040352760145,0.03608073932295125,0.0434534382931423,0.050826137263333404,0.05819883623352451,0.06557153520371561,0.07294423417390672,0.08031693314409782,0.08768963211428893,0.09506233108447998,0.10243503005467108,0.10980772902486219,0.1171804279950533,0.1245531269652444,0.1319258259354355,0.1392985249056266,0.14667122387581766,0.15404392284600876,0.16141662181619987,0.16878932078639097],"_type":"histogram"},"biases/layer_3":{"bins":[-1.7687503510756253,-1.7104907262058404,-1.6522311013360553,-1.5939714764662705,-1.5357118515964856,-1.4774522267267005,-1.4191926018569156,-1.3609329769871308,-1.3026733521173457,-1.2444137272475608,-1.1861541023777757,-1.1278944775079909,-1.069634852638206,-1.0113752277684211,-0.9531156028986361,-0.8948559780288512,-0.8365963531590662,-0.7783367282892812,-0.7200771034194964,-0.6618174785497113,-0.6035578536799264,-0.5452982288101416,-0.4870386039403565,-0.4287789790705716,-0.37051935420078674,-0.31225972933100166,-0.2540001044612168,-0.19574047959143193,-0.13748085472164684,-0.07922122985186197,-0.02096160498207711,0.03729801988770798,0.09555764475749284,0.1538172696272777,0.2120768944970628,0.27033651936684766,0.3285961442366325,0.3868557691064174,0.4451153939762027,0.5033750188459876,0.5616346437157724,0.6198942685855573,0.6781538934553422,0.736413518325127,0.7946731431949123,0.8529327680646972,0.9111923929344821,0.9694520178042669,1.0277116426740518,1.0859712675438367,1.144230892413622,1.2024905172834068,1.2607501421531917,1.3190097670229766,1.3772693918927614,1.4355290167625463,1.4937886416323316,1.5520482665021165,1.6103078913719013,1.6685675162416862,1.726827141111471,1.785086765981256,1.8433463908510412,1.901606015720826,1.959865640590611],"_type":"histogram","values":[1,0,0,0,0,0,0,0,0,0,0,0,0,0,0,1,1,0,2,0,0,0,1,1,0,1,2,1,0,2,33,1,3,0,2,3,2,1,2,0,0,0,0,1,0,1,0,1,0,0,0,0,0,0,0,0,0,0,0,0,0,0,0,1]},"biases/layer_4":{"values":[1,0,0,0,0,0,0,0,0,0,0,0,0,0,0,0,0,0,0,0,0,0,1,0,1,1,1,0,0,0,0,1,0,0,1,0,0,0,1,0,0,0,0,0,0,1,0,0,0,0,0,0,0,0,0,0,0,0,0,0,0,0,0,1],"bins":[-1.3429846799359075,-1.301267220283596,-1.2595497606312842,-1.2178323009789727,-1.1761148413266609,-1.1343973816743493,-1.0926799220220376,-1.050962462369726,-1.0092450027174142,-0.9675275430651027,-0.9258100834127909,-0.8840926237604794,-0.8423751641081677,-0.800657704455856,-0.7589402448035444,-0.7172227851512327,-0.6755053254989211,-0.6337878658466094,-0.5920704061942977,-0.5503529465419861,-0.5086354868896744,-0.46691802723736275,-0.4252005675850511,-0.38348310793273943,-0.3417656482804279,-0.3000481886281161,-0.25833072897580456,-0.21661326932349279,-0.17489580967118123,-0.13317835001886946,-0.09146089036655791,-0.04974343071424614,-0.00802597106193459,0.03369148859037696,0.07540894824268873,0.11712640789500028,0.15884386754731206,0.2005613271996236,0.24227878685193538,0.28399624650424693,0.3257137061565587,0.36743116580887025,0.409148625461182,0.4508660851134936,0.49258354476580535,0.5343010044181169,0.5760184640704287,0.6177359237227402,0.6594533833750518,0.7011708430273633,0.7428883026796753,0.7846057623319869,0.8263232219842984,0.86804068163661,0.909758141288922,0.9514756009412335,0.9931930605935451,1.0349105202458566,1.0766279798981686,1.1183454395504802,1.1600628992027917,1.2017803588551033,1.2434978185074153,1.2852152781597268,1.3269327378120384],"_type":"histogram"},"weights/layer_1":{"values":[1,0,1,5,5,5,11,12,14,9,4,6,30,121,304,594,1035,681,318,237,208,121,74,74,55,25,30,15,7,9,15,11,7,6,10,10,9,6,4,2,1,0,0,0,0,1,1,1,0,0,0,0,0,0,0,0,0,0,0,0,0,0,0,1],"bins":[-0.2652290321217795,-0.24924094435900787,-0.23325285659623624,-0.21726476883346463,-0.201276681070693,-0.18528859330792136,-0.16930050554514975,-0.1533124177823781,-0.13732433001960648,-0.12133624225683484,-0.1053481544940632,-0.0893600667312916,-0.07337197896851996,-0.05738389120574833,-0.04139580344297672,-0.025407715680205084,-0.009419627917433449,0.006568459845338159,0.022556547608109823,0.03854463537088143,0.054532723133653094,0.0705208108964247,0.08650889865919631,0.10249698642196797,0.11848507418473958,0.1344731619475112,0.15046124971028285,0.16644933747305446,0.18243742523582607,0.19842551299859773,0.21441360076136934,0.230401688524141,0.2463897762869126,0.2623778640496842,0.2783659518124558,0.29435403957522754,0.31034212733799915,0.32633021510077076,0.34231830286354237,0.358306390626314,0.3742944783890857,0.3902825661518573,0.4062706539146289,0.4222587416774005,0.4382468294401721,0.45423491720294373,0.47022300496571545,0.48621109272848706,0.5021991804912587,0.5181872682540303,0.5341753560168019,0.5501634437795736,0.5661515315423452,0.5821396193051168,0.5981277070678884,0.61411579483066,0.6301038825934316,0.6460919703562034,0.662080058118975,0.6780681458817466,0.6940562336445182,0.7100443214072898,0.7260324091700615,0.7420204969328331,0.7580085846956048],"_type":"histogram"},"confusion_matrix_table":{"path":"media/table/confusion_matrix_table_10_48b5fcb73139b43aafa8.table.json","ncols":3,"nrows":100,"_type":"table-file","sha256":"48b5fcb73139b43aafa88830ee7c00a96c5af2da2b4a747cbf1e2d279d7ddfba","size":3034,