{"weights/layer_0":{"values":[5,14,20,17,9,14,7,6,6,6,12,29,13,13,16,23,36,29,24,37,35,52,45,60,62,70,94,142,164,226,403,20861,1065,317,212,141,119,92,66,48,47,39,48,33,36,22,18,36,17,15,14,23,16,9,5,9,8,12,5,8,19,25,9,5],"bins":[-0.0009616685064420672,-0.0009314749119775836,-0.0009012813175130999,-0.0008710877230486163,-0.0008408941285841327,-0.000810700534119649,-0.0007805069396551655,-0.0007503133451906819,-0.0007201197507261983,-0.0006899261562617147,-0.000659732561797231,-0.0006295389673327474,-0.0005993453728682639,-0.0005691517784037802,-0.0005389581839392966,-0.000508764589474813,-0.0004785709950103294,-0.00044837740054584575,-0.00041818380608136217,-0.0003879902116168786,-0.0003577966171523949,-0.0003276030226879113,-0.00029740942822342774,-0.00026721583375894416,-0.00023702223929446048,-0.0002068286448299769,-0.00017663505036549332,-0.00014644145590100963,-0.00011624786143652605,-8.605426697204247e-05,-5.586067250755889e-05,-2.56670780430752e-05,4.52651642140838e-06,3.472011088589196e-05,6.491370535037565e-05,9.510729981485912e-05,0.0001253008942793428,0.0001554944887438265,0.00018568808320830997,0.00021588167767279366,0.00024607527213727734,0.0002762688666017608,0.0003064624610662445,0.0003366560555307282,0.00036684964999521166,0.00039704324445969535,0.0004272368389241788,0.0004574304333886625,0.0004876240278531462,0.0005178176223176297,0.0005480112167821134,0.000578204811246597,0.0006083984057110805,0.0006385920001755642,0.0006687855946400479,0.0006989791891045314,0.0007291727835690151,0.0007593663780334987,0.0007895599724979822,0.0008197535669624659,0.0008499471614269494,0.0008801407558914331,0.0009103343503559168,0.0009405279448204002,0.0009707215392848839],"_type":"histogram"},"val_loss":2.3026502619802627,"train_acc":0.10216666666666667,"biases/layer_2":{"values":[1,2,1,0,0,0,2,0,3,0,0,0,0,0,0,1,0,0,0,0,0,0,0,1,1,0,0,0,0,0,0,1,1,0,0,0,2,1,0,0,0,0,2,0,0,0,0,1,0,3,1,0,0,2,1,1,0,1,0,0,2,0,0,1],"bins":[1.841990468825902,1.84232334478061,1.8426562207353179,1.842989096690026,1.843321972644734,1.8436548485994422,1.8439877245541503,1.8443206005088582,1.8446534764635663,1.8449863524182744,1.8453192283729822,1.8456521043276903,1.8459849802823984,1.8463178562371065,1.8466507321918146,1.8469836081465225,1.8473164841012306,1.8476493600559387,1.8479822360106466,1.8483151119653547,1.8486479879200628,1.848980863874771,1.849313739829479,1.8496466157841869,1.849979491738895,1.850312367693603,1.850645243648311,1.850978119603019,1.8513109955577272,1.8516438715124353,1.8519767474671434,1.8523096234218512,1.8526424993765593,1.8529753753312674,1.8533082512859753,1.8536411272406834,1.8539740031953915,1.8543068791500996,1.8546397551048077,1.8549726310595156,1.8553055070142237,1.8556383829689318,1.8559712589236397,1.8563041348783478,1.8566370108330559,1.856969886787764,1.857302762742472,1.85763563869718,1.857968514651888,1.8583013906065962,1.858634266561304,1.8589671425160121,1.8593000184707202,1.8596328944254283,1.8599657703801364,1.8602986463348443,1.8606315222895524,1.8609643982442605,1.8612972741989684,1.8616301501536765,1.8619630261083846,1.8622959020630927,1.8626287780178008,1.8629616539725087,1.8632945299272168],"_type":"histogram"},"_timestamp":1.7415251950915067e+09,"sample_predictions":{"_type":"images/separated","width":28,"height":28,"format":"png","count":10,"filenames":["media/images/sample_predictions_21_606215d87f87b2f00799.png","media/images/sample_predictions_21_80c07028ea3856542be4.png","media/images/sample_predictions_21_9cf40359a3dec85636e5.png","media/images/sample_predictions_21_ce5b739914bcd72b66df.png","media/images/sample_predictions_21_07a347c11e27a0aa79ca.png","media/images/sample_predictions_21_d99b4985df3c791d3f16.png","media/images/sample_predictions_21_379b818d067226d80795.png","media/images/sample_predictions_21_1fed2768e0601d187e72.png","media/images/sample_predictions_21_736760c82067caaa8fe3.png","media/images/sample_predictions_21_26363bd2a04602ee6a04.png"],"captions":["True: 1, Pred: 0","True: 5, Pred: 0","True: 2, Pred: 0","True: 3, Pred: 0","True: 9, Pred: 0","True: 0, Pred: 0","True: 9, Pred: 0","True: 0, Pred: 0","True: 1, Pred: 0","True: 8, Pred: 0"]},"_runtime":22.9563815,"_step":21,"epoch":15,"train_loss":2.3026502619802627,"weights/layer_3":{"_type":"histogram","values":[54,10,9,55,46,18,0,15,17,0,0,32,52,15,28,1,8,24,0,0,5,27,0,0,0,0,18,14,0,0,18,36,14,51,9,0,31,33,0,0,0,23,31,10,0,0,32,0,0,40,24,0,15,69,44,0,47,17,0,0,0,0,0,32],"bins":[0.00028823999294634334,0.0002909218127873619,0.00029360363262838054,0.0002962854524693991,0.0002989672723104177,0.00030164909215143625,0.00030433091199245487,0.00030701273183347344,0.000309694551674492,0.0003123763715155106,0.0003150581913565292,0.0003177400111975478,0.00032042183103856635,0.00032310365087958497,0.00032578547072060354,0.0003284672905616221,0.0003311491104026407,0.0003338309302436593,0.0003365127500846779,0.00033919456992569644,0.00034187638976671507,0.00034455820960773364,0.0003472400294487522,0.0003499218492897708,0.0003526036691307894,0.000355285488971808,0.00035796730881282654,0.00036064912865384517,0.00036333094849486374,0.0003660127683358823,0.0003686945881769009,0.0003713764080179195,0.0003740582278589381,0.00037674004769995664,0.00037942186754097527,0.00038210368738199384,0.0003847855072230124,0.000387467327064031,0.0003901491469050496,0.00039283096674606817,0.00039551278658708674,0.00039819460642810537,0.00040087642626912394,0.0004035582461101425,0.0004062400659511611,0.0004089218857921797,0.00041160370563319827,0.00041428552547421684,0.00041696734531523547,0.00041964916515625404,0.0004223309849972726,0.0004250128048382912,0.00042769462467930975,0.00043037644452032837,0.00043305826436134694,0.00043574008420236557,0.00043842190404338414,0.0004411037238844027,0.0004437855437254213,0.00044646736356643985,0.00044914918340745847,0.00045183100324847704,0.00045451282308949566,0.00045719464293051423,0.0004598764627715328]},"confusion_matrix_table":{"ncols":3,"nrows":100,"_type":"table-file","sha256":"b73e6f42aa57082242ebcf3af7f91cb29e00dc963191b810a8f9e42e5e28deb4","size":3002,"artifact_path":"wandb-client-artifact://6djg5br5vsu022p0luor4hhtobgq514aknyb60dqj905e7oascm1ajf3o58iq2w9fd6ps3otmpmq5okvm1miwsemwnuunojki9ivr0dwotj6oga7k1eyblcuimkrx3mn/confusion_matrix_table.table.json","_latest_artifact_path":"wandb-client-artifact://c9az4lm7draojv8bzstblzw0ifvp5w6kauq2jwzg7vcsu8vub102i3zgrsua47bdxtgnpxa5u4d9akb4uxsvv78kpumlyduztxebh05w7q1bkrbo78l4szs14so50dld:latest/confusion_matrix_table.table.json","path":"media/table/confusion_matrix_table_20_b73e6f42aa57082242eb.table.json"},"biases/layer_4":{"values":[1,1,0,1,0,0,0,0,0,0,0,0,0,0,0,0,0,0,0,0,1,0,0,0,0,0,0,0,0,0,0,1,1,0,0,0,0,0,0,0,0,0,0,1,0,0,0,0,0,0,0,0,0,0,1,0,0,1,0,0,0,0,0,1],