{"_timestamp":1.7415270748549707e+09,"biases/layer_1":{"_type":"histogram","values":[2,1,4,2,0,2,6,6,1,4,2,3,3,7,2,0,1,0,0,3,2,4,2,3,0,0,6,3,4,1,1,0,2,1,2,2,2,1,4,2,3,3,3,3,2,6,1,2,0,2,1,3,0,1,1,2,1,1,0,0,1,0,0,1],"bins":[-0.011625163127555845,-0.011118930029741672,-0.0106126969319275,-0.010106463834113327,-0.009600230736299155,-0.009093997638484981,-0.008587764540670808,-0.008081531442856636,-0.007575298345042463,-0.00706906524722829,-0.006562832149414118,-0.006056599051599944,-0.0055503659537857715,-0.005044132855971599,-0.0045378997581574255,-0.004031666660343253,-0.0035254335625290803,-0.003019200464714907,-0.002512967366900735,-0.0020067342690865617,-0.00150050117127239,-0.0009942680734582165,-0.000488034975644043,1.81981221701287e-05,0.0005244312199843022,0.0010306643177984756,0.0015368974156126473,0.002043130513426821,0.0025493636112409943,0.003055596709055166,0.0035618298068693394,0.004068062904683513,0.004574296002497685,0.005080529100311856,0.0055867621981260315,0.006092995295940203,0.006599228393754375,0.00710546149156855,0.007611694589382722,0.008117927687196894,0.008624160785011065,0.00913039388282524,0.009636626980639412,0.010142860078453584,0.01064909317626776,0.011155326274081931,0.011661559371896103,0.012167792469710278,0.01267402556752445,0.013180258665338621,0.013686491763152796,0.014192724860966968,0.01469895795878114,0.015205191056595315,0.015711424154409487,0.01621765725222366,0.016723890350037834,0.017230123447852005,0.017736356545666177,0.01824258964348035,0.018748822741294524,0.019255055839108696,0.01976128893692287,0.02026752203473704,0.020773755132551218]},"val_acc":0.09033333333333333,"weights/layer_3":{"_type":"histogram","values":[1279,0,0,0,0,0,0,0,0,0,0,0,0,0,0,0,0,0,0,0,0,0,0,0,0,0,0,0,0,0,0,0,0,0,0,0,0,0,0,0,0,0,0,0,0,0,0,0,0,0,0,0,0,0,0,0,0,0,0,0,0,0,0,1],"bins":[-1.0552005677505458e-05,3.2157359624291064e-05,7.48667249260876e-05,0.00011757609022788411,0.00016028545552968063,0.00020299482083147716,0.0002457041861332737,0.00028841355143507025,0.00033112291673686675,0.00037383228203866325,0.0004165416473404598,0.0004592510126422563,0.0005019603779440528,0.0005446697432458493,0.0005873791085476459,0.0006300884738494423,0.0006727978391512389,0.0007155072044530354,0.0007582165697548319,0.0008009259350566284,0.000843635300358425,0.0008863446656602215,0.000929054030962018,0.0009717633962638145,0.0010144727615656111,0.0010571821268674077,0.0010998914921692042,0.0011426008574710008,0.0011853102227727974,0.0012280195880745937,0.0012707289533763903,0.0013134383186781868,0.0013561476839799834,0.00139885704928178,0.0014415664145835765,0.001484275779885373,0.0015269851451871694,0.001569694510488966,0.0016124038757907625,0.001655113241092559,0.0016978226063943556,0.0017405319716961522,0.0017832413369979485,0.001825950702299745,0.0018686600676015416,0.0019113694329033382,0.0019540787982051345,0.0019967881635069313,0.0020394975288087276,0.0020822068941105244,0.0021249162594123207,0.0021676256247141175,0.002210334990015914,0.00225304435531771,0.002295753720619507,0.0023384630859213033,0.0023811724512231,0.0024238818165248964,0.0024665911818266928,0.0025093005471284895,0.002552009912430286,0.0025947192777320827,0.002637428643033879,0.0026801380083356758,0.002722847373637472]},"biases/layer_3":{"values":[1,0,0,0,0,0,0,0,1,0,1,0,0,0,0,0,0,0,0,0,1,0,0,1,0,0,0,0,0,0,0,0,0,0,0,0,1,0,0,1,0,1,0,0,0,0,0,0,0,0,0,0,1,0,0,0,0,0,0,0,0,0,0,1],"bins":[-0.00989407514264002,-0.009599531717198738,-0.009304988291757453,-0.009010444866316171,-0.008715901440874887,-0.008421358015433604,-0.00812681458999232,-0.007832271164551038,-0.0075377277391097544,-0.007243184313668471,-0.006948640888227188,-0.0066540974627859045,-0.006359554037344622,-0.006065010611903338,-0.0057704671864620555,-0.005475923761020772,-0.005181380335579489,-0.0048868369101382056,-0.004592293484696922,-0.004297750059255639,-0.004003206633814356,-0.003708663208373073,-0.00341411978293179,-0.0031195763574905066,-0.0028250329320492233,-0.00253048950660794,-0.0022359460811666567,-0.0019414026557253734,-0.001646859230284091,-0.0013523158048428068,-0.0010577723794015243,-0.0007632289539602401,-0.0004686855285189577,-0.00017414210307767526,0.00012040132236360891,0.00041494474780489135,0.0007094881732461755,0.001004031598687458,0.0012985750241287421,0.0015931184495700246,0.0018876618750113087,0.002182205300452591,0.0024767487258938736,0.002771292151335158,0.0030658355767764402,0.0033603790022177244,0.003654922427659007,0.003949465853100291,0.0042440092785415735,0.004538552703982856,0.00483309612942414,0.0051276395548654225,0.005422182980306707,0.005716726405747989,0.006011269831189273,0.0063058132566305575,0.006600356682071838,0.006894900107513122,0.0071894435329544065,0.007483986958395687,0.007778530383836971,0.008073073809278256,0.00836761723471954,0.00866216066016082,0.008956704085602106],"_type":"histogram"},"_step":15,"weights/layer_2":{"values":[2,1,0,4,0,0,0,0,1,0,0,0,1,0,0,1,1,0,2,1,3,0,1,1,0,1,0,2,3,3,6,16296,13,4,2,2,1,1,1,2,1,2,1,2,3,0,1,1,1,1,1,0,1,2,2,1,1,0,0,0,2,1,1,3],"bins":[-0.0027801056726545234,-0.002692856450437483,-0.0026056072282204423,-0.002518358006003402,-0.0024311087837863617,-0.002343859561569321,-0.0022566103393522807,-0.00216936111713524,-0.0020821118949181996,-0.001994862672701159,-0.0019076134504841186,-0.0018203642282670783,-0.0017331150060500378,-0.0016458657838329973,-0.001558616561615957,-0.0014713673393989164,-0.001384118117181876,-0.0012968688949648354,-0.0012096196727477949,-0.0011223704505307546,-0.001035121228313714,-0.0009478720060966735,-0.0008606227838796332,-0.0007733735616625927,-0.0006861243394455522,-0.0005988751172285116,-0.0005116258950114711,-0.0004243766727944306,-0.0003371274505773905,-0.00024987822836035,-0.00016262900614330946,-7.537978392626894e-05,1.1869438290771587e-05,9.911866050781211e-05,0.00018636788272485263,0.00027361710494189315,0.0003608663271589337,0.00044811554937597376,0.0005353647715930143,0.0006226139938100548,0.0007098632160270953,0.0007971124382441359,0.0008843616604611764,0.0009716108826782169,0.001058860104895257,0.001146109327112298,0.001233358549329338,0.001320607771546379,0.001407856993763419,0.0014951062159804592,0.0015823554381975001,0.0016696046604145402,0.0017568538826315812,0.0018441031048486213,0.0019313523270656622,0.0020186015492827023,0.0021058507714997424,0.0021930999937167833,0.0022803492159338234,0.0023675984381508644,0.0024548476603679045,0.0025420968825849454,0.0026293461048019855,0.0027165953270190265,0.002803844549236067],"_type":"histogram"},"learning_rate":0.001,"train_acc":0.09033333333333333,"confusion_matrix_table":{"artifact_path":"wandb-client-artifact://3ixry6o68hzr9tpergy4o91v24b05c1p3r4iyz0flkdst2s426sars8oidz7f8lsz74bfm4adjzk4sb6amolq5m5471rcs08y4vfspb27incdrpem8uvrqcvwoquotb0/confusion_matrix_table.table.json","_latest_artifact_path":"wandb-client-artifact://y5bk6d8jyr6ox5g8c2yoidmcxtiuerylp13ypt7puhj0ikhrjw6nrg5uh007vaureu9jlyyl1ow69g3ie8q42z20zqv1mdr3houv56o45ny82k0rqyx1pid5kyxv8id7:latest/confusion_matrix_table.table.json","path":"media/table/confusion_matrix_table_14_0e0a3e12d8de0bf8bb38.table.json","ncols":3,"nrows":100,"_type":"table-file","sha256":"0e0a3e12d8de0bf8bb382b4baa65b12a8c31db4189b15dcbb54f1d07fd73ca2e","size":3002},"epoch":10,"weights/layer_0":{"_type":"histogram","values":[12,4,8,3,2,2,1,3,3,4,5,4,5,7,8,7,8,7,4,5,11,12,12,10,19,22,34,67,90,139,182,799,98379,115,61,49,33,27,20,9,16,12,14,10,6,4,4,5,7,5,5,5,8,3,4,3,5,5,2,8,5,4,10,10],