{"_timestamp":1.7415189335342526e+09,"_step":13,"train_loss":2.3029017174963293,"weights/layer_1":{"_type":"histogram","values":[1,0,1,3,11,10,7,5,6,5,9,10,13,11,10,15,27,9,22,24,28,35,41,51,53,78,92,136,267,13754,770,229,125,80,60,41,44,39,30,26,27,17,13,13,10,18,14,19,10,6,8,3,12,9,11,10,5,0,0,0,0,0,0,1],"bins":[-0.0010847824510013713,-0.0010484959228124347,-0.0010122093946234984,-0.0009759228664345618,-0.0009396363382456254,-0.000903349810056689,-0.0008670632818677524,-0.000830776753678816,-0.0007944902254898795,-0.000758203697300943,-0.0007219171691120066,-0.00068563064092307,-0.0006493441127341336,-0.0006130575845451972,-0.0005767710563562606,-0.0005404845281673242,-0.0005041979999783877,-0.00046791147178945126,-0.0004316249436005148,-0.00039533841541157825,-0.0003590518872226418,-0.00032276535903370536,-0.0002864788308447688,-0.00025019230265583235,-0.0002139057744668959,-0.00017761924627795946,-0.000141332718089023,-0.00010504618990008646,-6.87596617111499e-05,-3.247313352221356e-05,3.813394666722994e-06,4.009992285565933e-05,7.638645104459589e-05,0.00011267297923353244,0.00014895950742246878,0.00018524603561140534,0.00022153256380034168,0.00025781909198927823,0.0002941056201782148,0.00033039214836715113,0.0003666786765560877,0.00040296520474502424,0.0004392517329339606,0.00047553826112289714,0.0005118247893118337,0.00054811131750077,0.0005843978456897066,0.0006206843738786429,0.0006569709020675795,0.000693257430256516,0.0007295439584454524,0.0007658304866343889,0.0008021170148233253,0.0008384035430122618,0.0008746900712011984,0.0009109765993901349,0.0009472631275790715,0.0009835496557680076,0.0010198361839569442,0.0010561227121458807,0.0010924092403348173,0.0011286957685237538,0.00116498229671269,0.0012012688249016265,0.0012375553530905629]},"biases/layer_1":{"bins":[-0.011842773040192458,-0.011355156157747997,-0.010867539275303538,-0.010379922392859077,-0.009892305510414617,-0.009404688627970156,-0.008917071745525695,-0.008429454863081236,-0.007941837980636777,-0.007454221098192316,-0.006966604215747856,-0.006478987333303396,-0.005991370450858935,-0.0055037535684144745,-0.005016136685970014,-0.004528519803525554,-0.004040902921081094,-0.003553286038636633,-0.003065669156192174,-0.002578052273747713,-0.0020904353913032536,-0.0016028185088587926,-0.0011152016264143333,-0.0006275847439698723,-0.0001399678615254113,0.00034764902091904797,0.000835265903363509,0.0013228827858079682,0.0018104996682524292,0.0022981165506968885,0.0027857334331413495,0.0032733503155858087,0.0037609671980302697,0.004248584080474731,0.004736200962919192,0.005223817845363649,0.00571143472780811,0.006199051610252571,0.006686668492697032,0.00717428537514149,0.007661902257585951,0.008149519140030412,0.008637136022474873,0.009124752904919334,0.009612369787363791,0.010099986669808252,0.010587603552252713,0.011075220434697174,0.011562837317141635,0.012050454199586093,0.012538071082030554,0.013025687964475015,0.013513304846919476,0.014000921729363933,0.014488538611808394,0.014976155494252855,0.015463772376697316,0.015951389259141777,0.016439006141586235,0.016926623024030696,0.017414239906475157,0.017901856788919618,0.018389473671364075,0.018877090553808536,0.019364707436252997],"_type":"histogram","values":[1,1,0,0,3,1,2,0,2,3,4,5,5,6,6,2,1,4,2,2,1,3,1,3,2,2,1,2,1,5,2,5,3,2,4,2,5,3,5,4,1,4,4,1,0,1,2,2,1,2,0,1,1,0,0,0,1,0,0,0,0,0,0,1]},"epoch":10,"learning_rate":0.001,"biases/layer_3":{"bins":[-0.019000796065705823,-0.018284905518926312,-0.0175690149721468,-0.01685312442536729,-0.01613723387858778,-0.015421343331808269,-0.014705452785028758,-0.013989562238249247,-0.013273671691469736,-0.012557781144690226,-0.011841890597910715,-0.011126000051131206,-0.010410109504351695,-0.009694218957572184,-0.008978328410792673,-0.008262437864013162,-0.0075465473172336515,-0.006830656770454141,-0.00611476622367463,-0.005398875676895119,-0.004682985130115608,-0.003967094583336097,-0.003251204036556588,-0.0025353134897770774,-0.0018194229429975665,-0.0011035323962180557,-0.0003876418494385449,0.00032824869734096596,0.0010441392441204768,0.0017600297908999876,0.0024759203376794985,0.0031918108844590093,0.00390770143123852,0.004623591978018031,0.005339482524797542,0.006055373071577053,0.0067712636183565635,0.007487154165136074,0.008203044711915585,0.008918935258695096,0.009634825805474607,0.010350716352254118,0.011066606899033628,0.01178249744581314,0.012498387992592647,0.013214278539372161,0.013930169086151668,0.014646059632931183,0.01536195017971069,0.016077840726490204,0.01679373127326971,0.017509621820049226,0.018225512366828733,0.018941402913608248,0.019657293460387755,0.02037318400716727,0.021089074553946777,0.02180496510072629,0.0225208556475058,0.023236746194285313,0.02395263674106482,0.024668527287844334,0.02538441783462384,0.026100308381403356,0.026816198928182863],"_type":"histogram","values":[1,0,1,0,0,0,0,0,0,0,0,0,0,1,0,0,1,1,1,0,0,0,0,0,0,0,0,0,0,0,0,0,0,0,0,0,0,0,0,1,1,0,0,0,0,1,0,0,0,0,0,0,0,0,0,0,0,0,0,0,0,0,0,1]},"_wandb":{"runtime":125},"val_loss":2.3029017174963293,"biases/layer_0":{"_type":"histogram","values":[1,2,2,2,0,1,2,3,2,3,1,1,3,0,6,2,1,1,5,1,2,2,1,2,3,2,3,3,4,1,2,4,2,3,1,2,3,2,2,2,5,6,2,1,3,4,2,1,3,1,0,1,2,1,1,2,4,1,0,1,0,1,0,1],"bins":[-0.013175063360402956,-0.01268121120156869,-0.012187359042734424,-0.011693506883900157,-0.01119965472506589,-0.010705802566231624,-0.010211950407397358,-0.009718098248563092,-0.009224246089728825,-0.008730393930894559,-0.008236541772060292,-0.007742689613226026,-0.00724883745439176,-0.006754985295557493,-0.006261133136723227,-0.00576728097788896,-0.005273428819054694,-0.004779576660220428,-0.004285724501386161,-0.003791872342551895,-0.0032980201837176284,-0.002804168024883362,-0.0023103158660490956,-0.0018164637072148292,-0.0013226115483805628,-0.0008287593895462964,-0.00033490723071202995,0.00015894492812223646,0.0006527970869565029,0.0011466492457907693,0.0016405014046250357,0.002134353563459302,0.0026282057222935685,0.0031220578811278366,0.0036159100399621013,0.004109762198796366,0.004603614357630634,0.005097466516464902,0.005591318675299167,0.006085170834133432,0.0065790229929677,0.007072875151801968,0.0075667273106362325,0.008060579469470497,0.008554431628304765,0.009048283787139033,0.009542135945973298,0.010035988104807563,0.010529840263641831,0.011023692422476099,0.011517544581310364,0.012011396740144628,0.012505248898978897,0.012999101057813165,0.01349295321664743,0.013986805375481694,0.014480657534315962,0.01497450969315023,0.015468361851984495,0.015962214010818758,0.016456066169653026,0.016949918328487294,0.017443770487321562,0.017937622646155824,0.01843147480499009]},"biases/layer_2":{"values":[1,0,0,0,0,0,0,0,1,1,0,1,1,0,0,3,2,1,2,50,1,0,3,0,3,4,2,0,3,1,2,2,0,1,1,1,0,1,0,0,1,5,3,2,0,1,1,1,2,2,0,2,3,0,1,4,4,1,3,0,2,1,0,1],