{"biases/layer_5":{"values":[2,1,0,2,1,0,1,0,0,0,0,0,0,0,0,0,0,0,0,0,0,0,0,0,0,0,0,0,0,0,0,0,0,0,0,0,0,0,0,0,0,0,0,0,0,0,0,0,0,0,0,0,0,0,0,0,0,0,1,0,0,1,0,1],"bins":[-0.7752775148827087,-0.7402077286451997,-0.7051379424076907,-0.6700681561701817,-0.6349983699326727,-0.5999285836951637,-0.5648587974576547,-0.5297890112201457,-0.49471922498263665,-0.45964943874512765,-0.42457965250761864,-0.38950986627010964,-0.35444008003260064,-0.31937029379509163,-0.2843005075575826,-0.24923072132007362,-0.21416093508256462,-0.17909114884505561,-0.1440213626075466,-0.1089515763700376,-0.0738817901325286,-0.0388120038950196,-0.0037422176575105937,0.03132756857999841,0.06639735481750741,0.10146714105501642,0.13653692729252542,0.17160671353003443,0.20667649976754343,0.24174628600505232,0.27681607224256144,0.31188585848007055,0.34695564471757945,0.38202543095508834,0.41709521719259746,0.45216500343010657,0.48723478966761546,0.5223045759051244,0.5573743621426335,0.5924441483801426,0.6275139346176515,0.6625837208551604,0.6976535070926695,0.7327232933301786,0.7677930795676875,0.8028628658051964,0.8379326520427055,0.8730024382802146,0.9080722245177235,0.9431420107552324,0.9782117969927415,1.0132815832302506,1.0483513694677595,1.0834211557052684,1.1184909419427775,1.1535607281802867,1.1886305144177955,1.2237003006553044,1.2587700868928133,1.2938398731303227,1.3289096593678316,1.3639794456053405,1.3990492318428498,1.4341190180803587,1.4691888043178676],"_type":"histogram"},"train_acc":0.7106666666666667,"weights/layer_1":{"values":[1,0,0,0,1,0,0,0,0,0,0,0,3,1,1,0,12,12,12,3,2,8,4,10,19,16,32,23,31,34,101,131,57,90,81,89,89,134,154,136,227,289,272,284,238,197,196,146,95,44,114,157,151,133,87,92,21,50,10,0,3,1,0,2],"bins":[-0.7751072013268234,-0.7556870522559904,-0.7362669031851575,-0.7168467541143245,-0.6974266050434916,-0.6780064559726586,-0.6585863069018256,-0.6391661578309926,-0.6197460087601597,-0.6003258596893268,-0.5809057106184938,-0.5614855615476608,-0.5420654124768278,-0.5226452634059949,-0.5032251143351619,-0.483804965264329,-0.46438481619349603,-0.4449646671226631,-0.42554451805183013,-0.40612436898099713,-0.3867042199101642,-0.36728407083933123,-0.34786392176849823,-0.3284437726976653,-0.30902362362683233,-0.2896034745559994,-0.27018332548516644,-0.25076317641433343,-0.23134302734350043,-0.21192287827266754,-0.19250272920183453,-0.17308258013100164,-0.15366243106016864,-0.13424228198933563,-0.11482213291850274,-0.09540198384766974,-0.07598183477683684,-0.05656168570600384,-0.037141536635170835,-0.017721387564337943,0.0016987615064950612,0.021118910577328065,0.04053905964816096,0.05995920871899396,0.07937935778982697,0.09879950686065986,0.11821965593149286,0.13763980500232575,0.15705995407315876,0.17648010314399176,0.19590025221482466,0.21532040128565766,0.23474055035649055,0.25416069942732356,0.27358084849815656,0.29300099756898956,0.31242114663982257,0.33184129571065535,0.35126144478148835,0.37068159385232136,0.39010174292315436,0.40952189199398736,0.42894204106482015,0.44836219013565315,0.46778233920648604],"_type":"histogram"},"biases/layer_4":{"_type":"histogram","values":[1,0,0,0,0,0,0,0,0,0,0,0,0,0,0,0,0,0,0,0,1,1,0,3,0,4,1,1,1,3,0,3,1,0,0,0,0,2,0,0,0,0,0,0,0,0,0,0,0,1,1,0,2,5,2,3,3,4,2,2,5,2,3,7],"bins":[-1.4168227077430848,-1.3644726742561257,-1.3121226407691666,-1.2597726072822077,-1.2074225737952486,-1.1550725403082895,-1.1027225068213307,-1.0503724733343716,-0.9980224398474125,-0.9456724063604534,-0.8933223728734944,-0.8409723393865354,-0.7886223058995763,-0.7362722724126172,-0.6839222389256582,-0.6315722054386992,-0.5792221719517401,-0.526872138464781,-0.474522104977822,-0.422172071490863,-0.3698220380039039,-0.3174720045169448,-0.2651219710299859,-0.2127719375430268,-0.1604219040560677,-0.10807187056910861,-0.055721837082149506,-0.0033718035951906256,0.04897822989176848,0.10132826337872758,0.15367829686568646,0.20602833035264556,0.25837836383960466,0.31072839732656377,0.36307843081352287,0.41542846430048175,0.46777849778744085,0.5201285312744,0.5724785647613588,0.6248285982483179,0.677178631735277,0.7295286652222361,0.7818786987091952,0.8342287321961543,0.886578765683113,0.9389287991700721,0.9912788326570312,1.0436288661439903,1.0959788996309494,1.1483289331179085,1.2006789666048676,1.2530290000918267,1.3053790335787858,1.3577290670657445,1.4100791005527036,1.4624291340396627,1.5147791675266218,1.5671292010135809,1.61947923450054,1.671829267987499,1.7241793014744577,1.7765293349614169,1.828879368448376,1.881229401935335,1.9335794354222942]},"weights/layer_5":{"bins":[-1.316686048757681,-1.269950733086305,-1.223215417414929,-1.1764801017435529,-1.129744786072177,-1.0830094704008009,-1.036274154729425,-0.9895388390580488,-0.942803523386673,-0.8960682077152968,-0.8493328920439209,-0.8025975763725448,-0.7558622607011688,-0.7091269450297928,-0.6623916293584168,-0.6156563136870408,-0.5689209980156648,-0.5221856823442887,-0.47545036667291274,-0.42871505100153673,-0.3819797353301607,-0.3352444196587847,-0.2885091039874086,-0.2417737883160327,-0.19503847264465657,-0.14830315697328067,-0.10156784130190455,-0.05483252563052865,-0.00809720995915253,0.03863810571222337,0.08537342138359949,0.1321087370549754,0.1788440527263515,0.22557936839772763,0.27231468406910353,0.31904999974047965,0.36578531541185555,0.41252063108323167,0.45925594675460757,0.5059912624259837,0.5527265780973596,0.5994618937687357,0.6461972094401116,0.6929325251114877,0.7396678407828639,0.7864031564542395,0.8331384721256156,0.8798737877969918,0.9266091034683679,0.973344419139744,1.0200797348111197,1.0668150504824958,1.113550366153872,1.160285681825248,1.2070209974966237,1.2537563131679998,1.300491628839376,1.347226944510752,1.3939622601821278,1.4406975758535039,1.48743289152488,1.5341682071962561,1.5809035228676318,1.627638838539008,1.674374154210384],"_type":"histogram","values":[3,0,0,0,3,0,0,1,0,0,1,2,2,2,4,5,3,6,9,10,18,24,30,92,83,41,18,29,31,25,37,35,22,16,21,5,7,6,8,7,8,7,4,5,1,0,0,0,0,0,0,3,2,1,0,0,0,0,0,0,1,1,0,1]},"_runtime":15.8914825,"_step":17,"biases/layer_1":{"_type":"histogram","values":[16,10,10,2,7,2,1,0,1,1,0,0,0,0,0,0,0,0,0,0,0,0,0,0,1,1,1,2,0,1,0,0,0,0,0,0,0,1,0,0,0,0,0,0,0,0,0,0,0,0,0,1,0,0,0,2,0,0,2,0,0,1,0,1],"bins":[-1.6683499295881852,-1.6451686504795633,-1.6219873713709414,-1.5988060922623197,-1.5756248131536978,-1.552443534045076,-1.529262254936454,-1.5060809758278322,-1.4828996967192105,-1.4597184176105886,-1.4365371385019667,-1.413355859393345,-1.390174580284723,-1.3669933011761013,-1.3438120220674794,-1.3206307429588575,-1.2974494638502359,-1.274268184741614,-1.251086905632992,-1.2279056265243702,-1.2047243474157483,-1.1815430683071266,-1.1583617891985047,-1.1351805100898829,-1.111999230981261,-1.088817951872639,-1.0656366727640174,-1.0424553936553955,-1.0192741145467736,-0.9960928354381519,-0.97291155632953,-0.9497302772209082,-0.9265489981122863,-0.9033677190036644,-0.8801864398950426,-0.8570051607864207,-0.833823881677799,-0.8106426025691771,-0.7874613234605553,-0.7642800443519334,-0.7410987652433116,-0.7179174861346898,-0.6947362070260679,-0.6715549279174461,-0.6483736488088243,-0.6251923697002024,-0.6020110905915805,-0.5788298114829586,-0.5556485323743368,-0.5324672532657151,-0.5092859741570932,-0.4861046950484713,-0.4629234159398494,-0.43974213683122776,-0.41656085772260587,-0.393379578613984,-0.3701982995053621,-0.3470170203967402,-0.32383574128811854,-0.30065446217949665,-0.27747318307087476,-0.2542919039622529,-0.2311106248536312,-0.20792934574500932,-0.18474806663638754]},"_wandb":{"runtime":15},"weights/layer_3":{"_type":"histogram","values":[15,30,34,38,52,60,74,71,62,24,12,19,23,27,18,7,5,2,3,4,14,13,15,15,9,6,7,21,39,62,44,29,29,19,44,13,67,61,71,99,182,165,191,325,352,250,216,222,187,121,73,89,105,94,59,31,16,8,8,18,25,47,35,20],