{"_runtime":14.748531,"sample_predictions":{"filenames":["media/images/sample_predictions_20_606215d87f87b2f00799.png","media/images/sample_predictions_20_80c07028ea3856542be4.png","media/images/sample_predictions_20_9cf40359a3dec85636e5.png","media/images/sample_predictions_20_ce5b739914bcd72b66df.png","media/images/sample_predictions_20_07a347c11e27a0aa79ca.png","media/images/sample_predictions_20_d99b4985df3c791d3f16.png","media/images/sample_predictions_20_379b818d067226d80795.png","media/images/sample_predictions_20_1fed2768e0601d187e72.png","media/images/sample_predictions_20_736760c82067caaa8fe3.png","media/images/sample_predictions_20_26363bd2a04602ee6a04.png"],"captions":["True: 1, Pred: 7","True: 5, Pred: 7","True: 2, Pred: 7","True: 3, Pred: 7","True: 9, Pred: 7","True: 0, Pred: 7","True: 9, Pred: 7","True: 0, Pred: 7","True: 1, Pred: 7","True: 8, Pred: 7"],"_type":"images/separated","width":28,"height":28,"format":"png","count":10},"biases/layer_0":{"bins":[-0.01976736781990544,-0.019109849462501213,-0.018452331105096982,-0.017794812747692755,-0.017137294390288525,-0.016479776032884298,-0.015822257675480067,-0.01516473931807584,-0.01450722096067161,-0.013849702603267382,-0.013192184245863152,-0.012534665888458925,-0.011877147531054696,-0.011219629173650467,-0.010562110816246239,-0.00990459245884201,-0.009247074101437781,-0.008589555744033552,-0.007932037386629323,-0.007274519029225095,-0.006617000671820866,-0.005959482314416637,-0.005301963957012408,-0.00464444559960818,-0.0039869272422039526,-0.003329408884799722,-0.002671890527395495,-0.0020143721699912645,-0.0013568538125870375,-0.000699335455182807,-4.181709777857992e-05,0.0006157012596256506,0.0012732196170298776,0.0019307379744341047,0.002588256331838335,0.003245774689242562,0.0039032930466467927,0.00456081140405102,0.00521832976145525,0.005875848118859477,0.006533366476263708,0.007190884833667935,0.007848403191072165,0.008505921548476392,0.009163439905880623,0.00982095826328485,0.01047847662068908,0.011135994978093307,0.011793513335497535,0.012451031692901762,0.013108550050305996,0.013766068407710223,0.01442358676511445,0.015081105122518677,0.01573862347992291,0.016396141837327138,0.017053660194731365,0.017711178552135592,0.018368696909539826,0.019026215266944053,0.01968373362434828,0.020341251981752507,0.02099877033915674,0.021656288696560968,0.022313807053965195],"_type":"histogram","values":[1,0,0,0,0,0,0,0,2,0,0,0,0,1,1,3,3,2,1,2,3,2,0,0,1,0,0,1,2,1,1,0,0,3,1,2,0,1,2,1,3,3,0,2,1,1,1,2,3,1,1,2,0,0,0,0,2,0,1,1,0,0,1,2]},"learning_rate":0.001,"weights/layer_0":{"bins":[-0.0009421289438084015,-0.0009126783115564316,-0.0008832276793044615,-0.0008537770470524916,-0.0008243264148005216,-0.0007948757825485517,-0.0007654251502965817,-0.0007359745180446117,-0.0007065238857926417,-0.0006770732535406718,-0.0006476226212887017,-0.0006181719890367318,-0.0005887213567847618,-0.0005592707245327919,-0.000529820092280822,-0.0005003694600288519,-0.00047091882777688194,-0.000441468195524912,-0.00041201756327294205,-0.000382566931020972,-0.00035311629876900205,-0.0003236656665170321,-0.00029421503426506205,-0.0002647644020130921,-0.00023531376976112215,-0.0002058631375091522,-0.00017641250525718226,-0.0001469618730052122,-0.00011751124075324226,-8.806060850127231e-05,-5.860997624930226e-05,-2.915934399733231e-05,2.912882546376354e-07,2.9741920506607582e-05,5.919255275857753e-05,8.864318501054758e-05,0.00011809381726251742,0.00014754444951448748,0.00017699508176645753,0.00020644571401842737,0.00023589634627039743,0.0002653469785223675,0.0002947976107743373,0.0003242482430263074,0.00035369887527827743,0.00038314950753024727,0.0004126001397822173,0.00044205077203418716,0.0004715014042861572,0.0005009520365381273,0.0005304026687900971,0.0005598533010420672,0.000589303933294037,0.0006187545655460071,0.0006482051977979771,0.000677655830049947,0.000707106462301917,0.0007365570945538871,0.0007660077268058569,0.000795458359057827,0.000824908991309797,0.0008543596235617668,0.0008838102558137369,0.0009132608880657067,0.0009427115203176769],"_type":"histogram","values":[3,0,2,0,1,1,1,0,0,2,0,0,1,2,2,8,7,8,5,8,18,26,18,23,31,39,35,53,84,124,196,47518,1289,190,110,93,47,37,39,33,16,17,15,17,7,6,7,4,4,3,6,4,1,1,0,1,2,1,3,0,0,0,1,6]},"train_loss":2.3027879063575982,"_step":20,"val_loss":2.3027879063575982,"weights/layer_1":{"bins":[-0.0008469022531265302,-0.0008189202342673034,-0.0007909382154080766,-0.0007629561965488498,-0.0007349741776896229,-0.0007069921588303961,-0.0006790101399711693,-0.0006510281211119424,-0.0006230461022527156,-0.0005950640833934888,-0.0005670820645342619,-0.0005391000456750352,-0.0005111180268158083,-0.00048313600795658147,-0.00045515398909735466,-0.0004271719702381278,-0.000399189951378901,-0.0003712079325196742,-0.0003432259136604474,-0.0003152438948012205,-0.00028726187594199366,-0.0002592798570827669,-0.00023129783822354005,-0.0002033158193643132,-0.00017533380050508644,-0.00014735178164585958,-0.00011936976278663271,-9.138774392740585e-05,-6.34057250681791e-05,-3.542370620895224e-05,-7.44168734972538e-06,2.0540331509501372e-05,4.852235036872823e-05,7.650436922795509e-05,0.00010448638808718185,0.00013246840694640881,0.00016045042580563546,0.00018843244466486232,0.00021641446352408918,0.00024439648238331604,0.0002723785012425429,0.00030036052010176976,0.0003283425389609964,0.00035632455782022327,0.0003843065766794501,0.000412288595538677,0.00044027061439790385,0.0004682526332571307,0.0004962346521163574,0.0005242166709755842,0.0005521986898348111,0.0005801807086940379,0.0006081627275532648,0.0006361447464124917,0.0006641267652717185,0.0006921087841309452,0.000720090802990172,0.0007480728218493989,0.0007760548407086257,0.0008040368595678526,0.0008320188784270795,0.0008600008972863061,0.000887982916145533,0.0009159649350047598,0.0009439469538639867],"_type":"histogram","values":[1,0,0,1,0,0,0,0,0,0,1,0,1,0,1,2,0,0,1,1,2,2,2,2,4,4,5,3,9,38,3961,21,8,3,5,3,1,3,1,2,0,1,0,2,1,0,0,0,0,0,0,0,1,0,0,0,0,0,0,1,0,0,0,2]},"biases/layer_3":{"bins":[-0.00942462886636483,-0.009099608403594497,-0.008774587940824165,-0.008449567478053832,-0.0081245470152835,-0.007799526552513167,-0.007474506089742835,-0.007149485626972502,-0.00682446516420217,-0.006499444701431838,-0.006174424238661505,-0.005849403775891173,-0.005524383313120841,-0.005199362850350508,-0.004874342387580176,-0.004549321924809843,-0.004224301462039511,-0.0038992809992691784,-0.0035742605364988455,-0.0032492400737285133,-0.0029242196109581804,-0.0025991991481878482,-0.002274178685417516,-0.0019491582226471831,-0.001624137759876851,-0.0012991172971065189,-0.0009740968343361859,-0.0006490763715658529,-0.00032405590879552165,9.645539748113358e-07,0.0003259850167451443,0.0006510054795154756,0.0009760259422858086,0.0013010464050561416,0.0016260668678264728,0.0019510873305968058,0.0022761077933671388,0.00260112825613747,0.002926148718907803,0.003251169181678136,0.003576189644448469,0.0039012101072188003,0.004226230569989133,0.004551251032759466,0.0048762714955297975,0.0052012919583001305,0.0055263124210704635,0.005851332883840795,0.006176353346611128,0.006501373809381461,0.006826394272151792,0.007151414734922127,0.007476435197692458,0.007801455660462789,0.008126476123233124,0.008451496586003455,0.008776517048773786,0.009101537511544121,0.009426557974314452,0.009751578437084784,0.010076598899855118,0.01040161936262545,0.01072663982539578,0.011051660288166116,0.011376680750936447],"_type":"histogram","values":[1,0,0,0,0,0,0,0,0,0,0,0,0,0,0,0,0,0,1,2,1,0,0,0,0,0,0,0,1,0,0,0,0,0,0,1,0,0,0,1,0,1,0,0,0,0,0,0,0,0,0,0,0,0,0,0,0,0,0,0,0,0,0,1]},"_timestamp":1.741525053515702e+09,"weights/layer_2":{"_type":"histogram","values":[1,0,1,0,0,0,0,0,0,0,1,0,0,0,0,1,1,1,0,2,0,0,0,4,0,1,1,1,5,0,2,7,7,12,36,3950,16,13,5,6,4,4,0,2,2,1,1,1,1,2,0,1,0,0,1,1,0,0,0,0,0,0,0,1],