{"val_loss":0.3475268749907433,"weights/layer_1":{"values":[1,0,0,0,1,0,0,0,2,3,4,6,2,12,14,9,33,22,30,34,52,63,61,79,93,91,134,129,147,194,251,439,1103,2787,4687,2912,1131,548,313,212,143,105,110,69,72,58,44,32,30,28,22,15,13,5,8,7,2,9,3,1,4,3,0,2],"bins":[-0.7206585632854111,-0.6999674114598324,-0.6792762596342536,-0.6585851078086749,-0.6378939559830962,-0.6172028041575175,-0.5965116523319387,-0.5758205005063599,-0.5551293486807812,-0.5344381968552026,-0.5137470450296238,-0.493055893204045,-0.4723647413784663,-0.45167358955288756,-0.4309824377273088,-0.4102912859017301,-0.38960013407615135,-0.3689089822505726,-0.3482178304249939,-0.32752667859941514,-0.3068355267738364,-0.2861443749482577,-0.26545322312267894,-0.2447620712971002,-0.22407091947152147,-0.20337976764594268,-0.182688615820364,-0.16199746399478532,-0.14130631216920653,-0.12061516034362774,-0.09992400851804906,-0.07923285669247038,-0.058541704866891586,-0.037850553041312796,-0.017159401215734116,0.003531750609844564,0.024222902435423355,0.044914054261002145,0.06560520608658083,0.0862963579121595,0.1069875097377383,0.1276786615633171,0.14836981338889577,0.16906096521447445,0.18975211704005324,0.21044326886563203,0.2311344206912107,0.2518255725167894,0.2725167243423682,0.29320787616794697,0.31389902799352576,0.3345901798191043,0.3552813316446831,0.3759724834702619,0.3966636352958405,0.41735478712141927,0.43804593894699806,0.45873709077257685,0.47942824259815564,0.5001193944237342,0.520810546249313,0.5415016980748918,0.5621928499004704,0.5828840017260492,0.6035751535516278],"_type":"histogram"},"weights/layer_3":{"_type":"histogram","values":[1,1,2,1,4,4,5,3,9,5,14,13,24,23,26,34,48,68,85,107,141,154,180,230,272,345,486,789,1589,3174,3967,1663,729,483,367,253,235,165,152,123,65,70,56,42,35,30,25,15,14,14,9,7,5,10,3,2,0,2,0,3,0,0,0,3],"bins":[-0.6116249487174558,-0.5915838355458313,-0.5715427223742069,-0.5515016092025824,-0.531460496030958,-0.5114193828593335,-0.4913782696877091,-0.47133715651608465,-0.4512960433444602,-0.4312549301728358,-0.41121381700121135,-0.3911727038295869,-0.3711315906579624,-0.351090477486338,-0.33104936431471355,-0.3110082511430891,-0.2909671379714647,-0.27092602479984024,-0.2508849116282158,-0.23084379845659136,-0.21080268528496693,-0.19076157211334244,-0.170720458941718,-0.15067934577009356,-0.13063823259846913,-0.11059711942684469,-0.0905560062552202,-0.07051489308359582,-0.05047377991197133,-0.030432666740346948,-0.010391553568722456,0.009649559602901925,0.029690672774526417,0.04973178594615091,0.06977289911777529,0.08981401228939978,0.10985512546102416,0.12989623863264865,0.14993735180427303,0.16997846497589753,0.1900195781475219,0.2100606913191464,0.2301018044907709,0.25014291766239527,0.27018403083401976,0.29022514400564414,0.31026625717726863,0.330307370348893,0.3503484835205175,0.370389596692142,0.3904307098637664,0.41047182303539087,0.43051293620701536,0.45055404937863963,0.4705951625502641,0.4906362757218886,0.5106773888935131,0.5307185020651376,0.5507596152367619,0.5708007284083864,0.5908418415800109,0.6108829547516353,0.6309240679232596,0.6509651810948841,0.6710062942665085]},"biases/layer_3":{"values":[1,0,1,0,0,1,1,2,4,3,3,3,10,9,12,21,3,5,2,2,1,1,4,1,6,0,3,3,3,1,2,0,0,1,1,2,2,0,1,1,1,2,1,1,0,0,1,2,3,0,0,0,0,0,0,0,0,0,0,0,0,0,0,1],"bins":[-0.24994115765452377,-0.23577060331872002,-0.2216000489829163,-0.20742949464711255,-0.1932589403113088,-0.17908838597550508,-0.16491783163970133,-0.1507472773038976,-0.13657672296809387,-0.12240616863229012,-0.1082356142964864,-0.09406505996068265,-0.0798945056248789,-0.06572395128907518,-0.051553396953271435,-0.037382842617467715,-0.023212288281663968,-0.00904173394586022,0.005128820389943528,0.019299374725747248,0.03346992906155097,0.047640483397354744,0.061811037733158464,0.07598159206896218,0.09015214640476596,0.10432270074056968,0.1184932550763734,0.13266380941217712,0.1468343637479809,0.16100491808378462,0.17517547241958834,0.1893460267553921,0.20351658109119583,0.21768713542699955,0.23185768976280333,0.24602824409860705,0.26019879843441085,0.27436935277021457,0.2885399071060183,0.302710461441822,0.31688101577762573,0.33105157011342945,0.3452221244492333,0.359392678785037,0.3735632331208407,0.38773378745664444,0.40190434179244816,0.4160748961282519,0.4302454504640557,0.44441600479985943,0.45858655913566315,0.47275711347146687,0.4869276678072706,0.5010982221430743,0.515268776478878,0.5294393308146819,0.5436098851504856,0.5577804394862893,0.571950993822093,0.5861215481578967,0.6002921024937005,0.6144626568295043,0.628633211165308,0.6428037655011117,0.6569743198369155],"_type":"histogram"},"confusion_matrix_table":{"_type":"table-file","sha256":"283ef6f1a7985818aa905197d9cf7e69045a67a398ef297acda21b2141cbac12","size":3021,"artifact_path":"wandb-client-artifact://wdjaazan12paiml7frxfqkwmonqr3a6xjoxcoqcfd5ct9xe7kx9jlemo1qc5gr6myvlhz3uxd98cz58k818n906q5e2w9f1gwksrf2lr76ccmsd8ng5l1dcj89yo78m5/confusion_matrix_table.table.json","_latest_artifact_path":"wandb-client-artifact://fhsp43d79jx25yh67zu4ba7z7xylic8rylpvotfjp7p6k7q3hy0c6g9pig89dlhfxtxwkm19l0py5e02bwolnan09u5k5hveuqh1826kr1706ukft6ncsg6hjdj8e6hy:latest/confusion_matrix_table.table.json","path":"media/table/confusion_matrix_table_15_283ef6f1a7985818aa90.table.json","ncols":3,"nrows":100},"biases/layer_2":{"values":[4,2,1,7,4,2,11,4,4,15,4,1,4,1,2,2,1,4,0,0,5,3,0,2,5,3,0,0,3,2,2,1,1,2,1,1,2,0,0,2,1,3,2,1,2,1,2,4,0,1,0,0,0,0,0,0,0,0,0,0,0,0,2,1],"bins":[-0.12640566089189395,-0.11615816727660772,-0.10591067366132148,-0.09566318004603525,-0.08541568643074901,-0.07516819281546278,-0.06492069920017654,-0.054673205584890305,-0.04442571196960407,-0.034178218354317835,-0.0239307247390316,-0.013683231123745365,-0.00343573750845913,0.006811756106827105,0.01705924972211334,0.027306743337399575,0.03755423695268581,0.047801730567972045,0.05804922418325828,0.06829671779854452,0.07854421141383075,0.08879170502911699,0.09903919864440322,0.10928669225968946,0.11953418587497569,0.1297816794902619,0.14002917310554816,0.15027666672083442,0.16052416033612063,0.17077165395140684,0.1810191475666931,0.19126664118197936,0.20151413479726557,0.21176162841255178,0.22200912202783804,0.2322566156431243,0.2425041092584105,0.2527516028736967,0.262999096488983,0.2732465901042692,0.2834940837195554,0.29374157733484163,0.30398907095012795,0.31423656456541416,0.32448405818070036,0.33473155179598657,0.3449790454112729,0.3552265390265591,0.3654740326418453,0.3757215262571315,0.3859690198724177,0.39621651348770404,0.40646400710299024,0.41671150071827645,0.42695899433356277,0.437206487948849,0.4474539815641352,0.4577014751794214,0.4679489687947076,0.4781964624099939,0.4884439560252801,0.49869144964056633,0.5089389432558526,0.5191864368711389,0.5294339304864251],"_type":"histogram"},"_wandb":{"runtime":33},"_runtime":33.4151736,"train_loss":0.3475268749907433,"_step":16,"weights/layer_4":{"values":[1,0,0,0,0,0,0,0,0,0,0,0,1,1,0,0,0,0,0,0,3,0,0,0,1,1,0,3,1,3,1,1,8,6,2,7,7,8,5,6,8,14,18,16,22,26,24,35,46,54,68,141,261,175,120,54,27,40,30,18,10,2,3,2],