{"biases/layer_4":{"values":[1,0,0,0,0,0,0,0,1,0,0,2,0,0,0,2,1,1,1,3,2,2,6,3,4,4,2,1,4,2,1,3,2,3,0,1,3,7,3,5,2,3,4,7,3,4,7,4,7,3,3,1,0,1,2,0,2,0,0,0,3,0,0,2],"bins":[0.445572263064236,0.4646430111744537,0.4837137592846715,0.5027845073948892,0.5218552555051069,0.5409260036153247,0.5599967517255424,0.5790674998357601,0.5981382479459779,0.6172089960561957,0.6362797441664134,0.6553504922766311,0.6744212403868489,0.6934919884970666,0.7125627366072844,0.7316334847175021,0.7507042328277198,0.7697749809379376,0.7888457290481554,0.8079164771583731,0.8269872252685908,0.8460579733788085,0.8651287214890263,0.8841994695992441,0.9032702177094618,0.9223409658196795,0.9414117139298973,0.9604824620401151,0.9795532101503328,0.9986239582605505,1.0176947063707682,1.0367654544809861,1.0558362025912038,1.0749069507014215,1.0939776988116392,1.113048446921857,1.1321191950320748,1.1511899431422925,1.1702606912525102,1.189331439362728,1.2084021874729458,1.2274729355831635,1.2465436836933812,1.265614431803599,1.2846851799138166,1.3037559280240345,1.3228266761342522,1.34189742424447,1.3609681723546876,1.3800389204649053,1.3991096685751232,1.418180416685341,1.4372511647955586,1.4563219129057765,1.4753926610159942,1.494463409126212,1.5135341572364296,1.5326049053466473,1.5516756534568652,1.570746401567083,1.5898171496773006,1.6088878977875183,1.6279586458977362,1.647029394007954,1.6661001421181716],"_type":"histogram"},"biases/layer_5":{"_type":"histogram","values":[1,0,0,2,0,1,0,1,0,1,0,0,0,0,0,0,0,0,0,0,0,0,0,0,0,0,0,0,0,0,0,0,0,0,0,0,0,0,0,0,0,0,0,0,0,0,1,0,0,0,0,0,0,0,0,0,0,0,0,0,0,1,0,2],"bins":[-1.348374791678339,-1.2959068322432215,-1.2434388728081038,-1.1909709133729862,-1.1385029539378686,-1.086034994502751,-1.0335670350676334,-0.9810990756325157,-0.9286311161973981,-0.8761631567622805,-0.8236951973271628,-0.7712272378920452,-0.7187592784569276,-0.6662913190218099,-0.6138233595866923,-0.5613554001515747,-0.5088874407164571,-0.45641948128133947,-0.40395152184622185,-0.35148356241110423,-0.2990156029759865,-0.2465476435408689,-0.19407968410575127,-0.14161172467063365,-0.08914376523551604,-0.03667580580039842,0.015792153634719197,0.06826011306983681,0.12072807250495443,0.17319603194007205,0.22566399137518967,0.2781319508103073,0.3305999102454249,0.3830678696805425,0.43553582911566013,0.48800378855077775,0.5404717479858954,0.592939707421013,0.6454076668561306,0.6978756262912484,0.7503435857263661,0.8028115451614837,0.8552795045966013,0.9077474640317189,0.9602154234668365,1.0126833829019541,1.0651513423370718,1.1176193017721894,1.170087261207307,1.2225552206424246,1.2750231800775422,1.3274911395126598,1.3799590989477775,1.432427058382895,1.4848950178180127,1.5373629772531303,1.589830936688248,1.6422988961233655,1.6947668555584832,1.7472348149936008,1.7997027744287184,1.852170733863836,1.9046386932989536,1.9571066527340713,2.009574612169189]},"biases/layer_0":{"_type":"histogram","values":[1,1,0,0,0,0,0,1,1,2,0,0,0,0,0,0,1,0,1,0,1,1,0,0,0,0,0,0,1,4,6,0,3,4,8,1,5,3,2,6,3,10,6,9,5,6,10,8,5,2,0,0,3,1,0,0,0,3,1,0,0,0,1,2],"bins":[-3.574443979394072,-3.4981591024048666,-3.4218742254156616,-3.345589348426456,-3.2693044714372506,-3.193019594448045,-3.11673471745884,-3.0404498404696345,-2.964164963480429,-2.887880086491224,-2.8115952095020185,-2.735310332512813,-2.659025455523608,-2.5827405785344024,-2.506455701545197,-2.430170824555992,-2.3538859475667864,-2.277601070577581,-2.201316193588376,-2.1250313165991703,-2.048746439609965,-1.9724615626207596,-1.8961766856315543,-1.8198918086423488,-1.7436069316531435,-1.6673220546639382,-1.5910371776747327,-1.5147523006855272,-1.4384674236963222,-1.3621825467071167,-1.2858976697179112,-1.2096127927287061,-1.1333279157395006,-1.0570430387502951,-0.9807581617610901,-0.9044732847718846,-0.8281884077826791,-0.751903530793474,-0.6756186538042686,-0.5993337768150631,-0.5230488998258576,-0.4467640228366525,-0.370479145847447,-0.2941942688582415,-0.21790939186903646,-0.14162451487983096,-0.06533963789062547,0.010945239098579584,0.08723011608778508,0.16351499307699058,0.23979987006619563,0.3160847470554011,0.3923696240446066,0.4686545010338117,0.5449393780230176,0.6212242550122227,0.6975091320014277,0.7737940089906337,0.8500788859798387,0.9263637629690438,1.0026486399582497,1.0789335169474548,1.1552183939366598,1.2315032709258658,1.3077881479150713]},"_runtime":584.5013835,"weights/layer_4":{"_type":"histogram","values":[1,2,2,2,2,4,5,1,2,6,6,11,13,10,21,22,31,20,35,32,70,121,104,154,209,257,333,428,388,668,627,540,362,554,633,960,4181,1422,689,593,374,291,374,341,362,236,103,147,96,87,82,94,50,79,29,27,28,22,15,7,6,8,3,2],"bins":[-1.013044298890332,-0.9860965982720148,-0.9591488976536975,-0.9322011970353803,-0.905253496417063,-0.8783057957987457,-0.8513580951804284,-0.8244103945621111,-0.7974626939437939,-0.7705149933254766,-0.7435672927071593,-0.716619592088842,-0.6896718914705247,-0.6627241908522075,-0.63577649023389,-0.6088287896155729,-0.5818810889972555,-0.5549333883789382,-0.527985687760621,-0.5010379871423037,-0.47409028652398644,-0.44714258590566913,-0.4201948852873518,-0.3932471846690345,-0.3662994840507172,-0.3393517834324,-0.3124040828140827,-0.2854563821957654,-0.2585086815774481,-0.2315609809591308,-0.2046132803408136,-0.1776655797224963,-0.150717879104179,-0.12377017848586169,-0.09682247786754439,-0.0698747772492272,-0.04292707663090989,-0.015979376012592583,0.010968324605724611,0.03791602522404203,0.06486372584235922,0.09181142646067664,0.11875912707899383,0.14570682769731103,0.17265452831562844,0.19960222893394564,0.22654992955226305,0.25349763017058025,0.28044533078889766,0.30739303140721486,0.33434073202553205,0.36128843264384947,0.38823613326216666,0.4151838338804841,0.44213153449880127,0.46907923511711846,0.4960269357354359,0.5229746363537531,0.5499223369720705,0.5768700375903877,0.6038177382087049,0.6307654388270223,0.6577131394453395,0.6846608400636569,0.711608540681974]},"learning_rate":0.001,"weights/layer_5":{"bins":[-2.1338099423563843,-2.0699018792689263,-2.005993816181468,-1.9420857530940097,-1.8781776900065514,-1.8142696269190932,-1.750361563831635,-1.686453500744177,-1.6225454376567185,-1.5586373745692605,-1.494729311481802,-1.430821248394344,-1.3669131853068859,-1.3030051222194277,-1.2390970591319694,-1.1751889960445112,-1.111280932957053,-1.0473728698695948,-0.9834648067821365,-0.9195567436946783,-0.8556486806072201,-0.7917406175197619,-0.7278325544323037,-0.6639244913448454,-0.6000164282573874,-0.5361083651699292,-0.472200302082471,-0.40829223899501277,-0.34438417590755455,-0.2804761128200963,-0.2165680497326381,-0.15265998664517988,-0.08875192355772166,-0.024843860470263657,0.03906420261719479,0.10297226570465279,0.16688032879211123,0.23078839187956923,0.2946964549670277,0.3586045180544857,0.4225125811419441,0.4864206442294021,0.5503287073168606,0.6142367704043186,0.678144833491777,0.742052896579235,0.8059609596666935,0.8698690227541515,0.9337770858416095,0.9976851489290679,1.061593212016526,1.1255012751039843,1.1894093381914423,1.2533174012789008,1.3172254643663588,1.3811335274538172,1.4450415905412752,1.5089496536287337,1.5728577167161917,1.6367657798036501,1.7006738428911081,1.7645819059785666,1.8284899690660246,1.8923980321534826,1.9563060952409408],"_type":"histogram","values":[2,1,1,0,0,2,1,0,1,1,1,2,0,4,7,6,4,5,6,7,12,6,9,12,16,22,24,20,75,91,74,81,126,107,121,107,75,87,43,26,21,17,10,8,8,6,11,1,2,3,1,0,0,1,1,2,1,0,0,0,0,1,0,1]},"confusion_matrix_table":{"artifact_path":"wandb-client-artifact://6uk9xvr2o9ofyoaz067crrw68vp7axzvuraoh131vbw18ijrg96pofy1r04efwvqfni2xt62y6x6j6vpl6zqywsk9iqvrngx0xnh0jcmkpa8514pros8kuvbfic052iq/confusion_matrix_table.table.json","_latest_artifact_path":"wandb-client-artifact://pftj9yn6inug1hw2hisfaooqieupip2a5poc31iclnncz0a4xxd8u13nzgywtj1g29prsx9xkszrwkavbiml3h58gaj4pdyywio097a9uuanl8m0ch57pj4ixib9zac0:latest/confusion_matrix_table.table.json","path":"media/table/confusion_matrix_table_26_53b3c4cb324f6d86ca26.table.json","ncols":3,"nrows":100,"_type":"table-file",