{"learning_rate":0.0001,"val_acc":0.10183333333333333,"_runtime":21.1036838,"_wandb":{"runtime":21},"_step":16,"biases/layer_4":{"values":[1,0,0,0,0,0,0,0,0,0,0,0,0,0,0,0,1,0,0,0,1,1,0,0,0,0,0,1,0,0,0,0,0,0,0,0,0,0,0,0,1,0,0,1,0,0,0,0,0,1,1,0,0,0,0,0,0,0,0,0,0,0,0,1],"bins":[-0.0032696319767485647,-0.003173407858837204,-0.003077183740925843,-0.0029809596230144825,-0.002884735505103122,-0.0027885113871917613,-0.0026922872692804007,-0.0025960631513690397,-0.002499839033457679,-0.0024036149155463185,-0.0023073907976349575,-0.002211166679723597,-0.0021149425618122364,-0.0020187184439008758,-0.001922494325989515,-0.0018262702080781542,-0.0017300460901667936,-0.001633821972255433,-0.0015375978543440722,-0.0014413737364327114,-0.0013451496185213508,-0.0012489255006099902,-0.0011527013826986292,-0.0010564772647872686,-0.000960253146875908,-0.0008640290289645474,-0.0007678049110531869,-0.0006715807931418258,-0.0005753566752304652,-0.00047913255731910466,-0.00038290843940774364,-0.00028668432149638306,-0.00019046020358502247,-9.423608567366189e-05,1.9880322376986982e-06,9.821215014905972e-05,0.0001944362680604203,0.0002906603859717809,0.0003868845038831419,0.0004831086217945025,0.0005793327397058631,0.0006755568576172241,0.0007717809755285843,0.0008680050934399453,0.0009642292113513063,0.0010604533292626664,0.0011566774471740275,0.0012529015650853876,0.0013491256829967486,0.0014453498009081097,0.0015415739188194698,0.0016377980367308308,0.001734022154642191,0.001830246272553552,0.001926470390464913,0.002022694508376273,0.002118918626287634,0.002215142744198995,0.0023113668621103554,0.0024075909800217164,0.0025038150979330774,0.0026000392158444375,0.0026962633337557986,0.0027924874516671587,0.00288871156957852],"_type":"histogram"},"sample_predictions":{"captions":["True: 1, Pred: 8","True: 5, Pred: 8","True: 2, Pred: 8","True: 3, Pred: 8","True: 9, Pred: 8","True: 0, Pred: 8","True: 9, Pred: 8","True: 0, Pred: 8","True: 1, Pred: 8","True: 8, Pred: 8"],"_type":"images/separated","width":28,"height":28,"format":"png","count":10,"filenames":["media/images/sample_predictions_16_606215d87f87b2f00799.png","media/images/sample_predictions_16_80c07028ea3856542be4.png","media/images/sample_predictions_16_9cf40359a3dec85636e5.png","media/images/sample_predictions_16_ce5b739914bcd72b66df.png","media/images/sample_predictions_16_07a347c11e27a0aa79ca.png","media/images/sample_predictions_16_d99b4985df3c791d3f16.png","media/images/sample_predictions_16_379b818d067226d80795.png","media/images/sample_predictions_16_1fed2768e0601d187e72.png","media/images/sample_predictions_16_736760c82067caaa8fe3.png","media/images/sample_predictions_16_26363bd2a04602ee6a04.png"]},"train_acc":0.10183333333333333,"train_loss":2.3025682781444834,"weights/layer_4":{"values":[1,2,3,3,3,4,5,2,5,6,5,13,7,3,9,8,8,16,14,10,22,22,17,21,14,19,24,21,18,30,21,23,22,21,19,28,22,15,15,11,13,6,10,11,5,9,12,8,5,5,3,3,3,1,4,3,2,3,0,0,0,1,0,1],"bins":[-0.017625577497467182,-0.01703078277761141,-0.01643598805775564,-0.01584119333789987,-0.0152463986180441,-0.014651603898188328,-0.014056809178332557,-0.013462014458476786,-0.012867219738621016,-0.012272425018765246,-0.011677630298909475,-0.011082835579053704,-0.010488040859197932,-0.009893246139342162,-0.009298451419486391,-0.008703656699630621,-0.00810886197977485,-0.007514067259919079,-0.006919272540063309,-0.0063244778202075375,-0.005729683100351768,-0.0051348883804959965,-0.004540093660640225,-0.003945298940784455,-0.003350504220928684,-0.0027557095010729126,-0.002160914781217143,-0.0015661200613613716,-0.0009713253415056002,-0.00037653062164982876,0.00021826409820593917,0.0008130588180617106,0.001407853537917482,0.0020026482577732534,0.0025974429776290248,0.0031922376974847927,0.003787032417340564,0.0043818271371963355,0.004976621857052107,0.005571416576907878,0.006166211296763646,0.006761006016619418,0.007355800736475189,0.00795059545633096,0.008545390176186732,0.009140184896042503,0.009734979615898271,0.010329774335754043,0.010924569055609814,0.011519363775465585,0.012114158495321357,0.012708953215177125,0.013303747935032896,0.013898542654888671,0.014493337374744439,0.015088132094600207,0.01568292681445598,0.01627772153431175,0.016872516254167524,0.017467310974023292,0.01806210569387906,0.018656900413734835,0.019251695133590603,0.019846489853446378,0.02044128457330215],"_type":"histogram"},"weights/layer_1":{"bins":[-3.5326807375101766e-05,-3.4204534077039504e-05,-3.308226077897724e-05,-3.195998748091498e-05,-3.083771418285272e-05,-2.9715440884790457e-05,-2.8593167586728192e-05,-2.747089428866593e-05,-2.6348620990603668e-05,-2.5226347692541407e-05,-2.4104074394479145e-05,-2.298180109641688e-05,-2.1859527798354618e-05,-2.0737254500292356e-05,-1.9614981202230094e-05,-1.8492707904167833e-05,-1.737043460610557e-05,-1.624816130804331e-05,-1.5125888009981047e-05,-1.4003614711918786e-05,-1.2881341413856524e-05,-1.1759068115794259e-05,-1.0636794817731997e-05,-9.514521519669735e-06,-8.392248221607474e-06,-7.269974923545212e-06,-6.14770162548295e-06,-5.025428327420688e-06,-3.903155029358423e-06,-2.7808817312961615e-06,-1.6586084332338998e-06,-5.36335135171638e-07,5.859381628906237e-07,1.7082114609528855e-06,2.830484759015147e-06,3.952758057077409e-06,5.075031355139671e-06,6.1973046532019324e-06,7.319577951264194e-06,8.441851249326456e-06,9.564124547388718e-06,1.0686397845450986e-05,1.1808671143513248e-05,1.293094444157551e-05,1.4053217739637771e-05,1.5175491037700033e-05,1.6297764335762295e-05,1.7420037633824557e-05,1.854231093188682e-05,1.966458422994908e-05,2.0786857528011342e-05,2.1909130826073604e-05,2.3031404124135865e-05,2.4153677422198127e-05,2.527595072026039e-05,2.6398224018322657e-05,2.752049731638492e-05,2.864277061444718e-05,2.9765043912509443e-05,3.0887317210571704e-05,3.2009590508633966e-05,3.313186380669623e-05,3.425413710475849e-05,3.537641040282075e-05,3.649868370088302e-05],"_type":"histogram","values":[1,3,2,1,2,4,6,2,4,4,7,3,5,8,7,4,10,3,8,12,16,11,13,19,17,18,25,25,39,63,72,3054,95,67,52,31,44,39,37,41,28,26,16,13,19,21,13,15,9,8,8,6,9,2,8,10,8,2,0,0,0,0,0,1]},"confusion_matrix_table":{"_type":"table-file","sha256":"092281ae5df4c4312bf26c01ad1d2041b373d2707e2425c2ce9e11621c5582cf","size":3002,"artifact_path":"wandb-client-artifact://hl8qdxyx1holdf9kffb4nmky5fmxtx4tmuef2tq8hac55iw12tvyoqy44dua9mb3zu9m8i0q1d6qpolgrrjnhvkdigblqcczkyi0mp1zteymb7v9vtv2x4p71ht05y62/confusion_matrix_table.table.json","_latest_artifact_path":"wandb-client-artifact://qg5kpgccglbaulwem6os55rkntqf7h4iaqvc0oqj2tu2gwy4x4x8hj30p2hh2yy5r8812ng2ce8z1jn4uqtv67x9x9bqliqwpbblf67utxr5wnp6mlypjine1srmq9ah:latest/confusion_matrix_table.table.json","path":"media/table/confusion_matrix_table_15_092281ae5df4c4312bf2.table.json","ncols":3,"nrows":100},"epoch":10,"biases/layer_2":{"_type":"histogram","values":[1,0,0,0,1,0,0,0,1,0,0,1,1,0,3,0,0,0,0,3,1,1,3,1,0,2,1,2,6,1,1,1,0,2,1,4,3,1,3,1,2,1,1,2,0,0,0,2,0,2,1,1,0,1,0,0,1,0,0,2,1,0,0,1],