{"_timestamp":1.7415260866992028e+09,"biases/layer_2":{"bins":[-0.005919760304824485,-0.005914927104434837,-0.00591009390404519,-0.0059052607036555425,-0.005900427503265896,-0.005895594302876248,-0.005890761102486601,-0.0058859279020969536,-0.005881094701707307,-0.005876261501317659,-0.005871428300928012,-0.005866595100538365,-0.005861761900148717,-0.00585692869975907,-0.005852095499369422,-0.005847262298979776,-0.005842429098590128,-0.005837595898200481,-0.0058327626978108334,-0.005827929497421187,-0.005823096297031539,-0.005818263096641892,-0.0058134298962522445,-0.005808596695862597,-0.00580376349547295,-0.005798930295083302,-0.0057940970946936555,-0.005789263894304008,-0.005784430693914361,-0.005779597493524713,-0.0057747642931350665,-0.005769931092745419,-0.005765097892355771,-0.005760264691966124,-0.005755431491576477,-0.00575059829118683,-0.005745765090797182,-0.005740931890407535,-0.005736098690017888,-0.005731265489628241,-0.005726432289238593,-0.005721599088848946,-0.005716765888459299,-0.005711932688069651,-0.005707099487680004,-0.0057022662872903565,-0.00569743308690071,-0.005692599886511062,-0.005687766686121415,-0.0056829334857317676,-0.005678100285342121,-0.005673267084952473,-0.005668433884562826,-0.005663600684173179,-0.005658767483783531,-0.005653934283393884,-0.005649101083004236,-0.00564426788261459,-0.005639434682224942,-0.005634601481835295,-0.0056297682814456474,-0.005624935081056001,-0.005620101880666353,-0.005615268680276706,-0.0056104354798870585],"_type":"histogram","values":[2,1,0,0,0,0,1,0,1,2,0,2,1,1,0,1,0,2,1,1,1,1,1,0,1,0,0,0,0,0,0,1,1,0,0,0,1,0,1,1,0,0,0,0,1,0,0,1,0,0,0,1,0,0,1,0,1,0,0,0,1,0,0,1]},"epoch":5,"sample_predictions":{"count":10,"filenames":["media/images/sample_predictions_10_606215d87f87b2f00799.png","media/images/sample_predictions_10_80c07028ea3856542be4.png","media/images/sample_predictions_10_9cf40359a3dec85636e5.png","media/images/sample_predictions_10_ce5b739914bcd72b66df.png","media/images/sample_predictions_10_07a347c11e27a0aa79ca.png","media/images/sample_predictions_10_d99b4985df3c791d3f16.png","media/images/sample_predictions_10_379b818d067226d80795.png","media/images/sample_predictions_10_1fed2768e0601d187e72.png","media/images/sample_predictions_10_736760c82067caaa8fe3.png","media/images/sample_predictions_10_26363bd2a04602ee6a04.png"],"captions":["True: 1, Pred: 8","True: 5, Pred: 8","True: 2, Pred: 8","True: 3, Pred: 8","True: 9, Pred: 8","True: 0, Pred: 8","True: 9, Pred: 8","True: 0, Pred: 8","True: 1, Pred: 8","True: 8, Pred: 8"],"_type":"images/separated","width":28,"height":28,"format":"png"},"val_acc":0.10183333333333333,"learning_rate":0.001,"train_loss":2.3026645758777224,"val_loss":2.3026645758777224,"biases/layer_0":{"bins":[-4.448368481522215e-06,-4.33485107253316e-06,-4.221333663544105e-06,-4.10781625455505e-06,-3.994298845565995e-06,-3.88078143657694e-06,-3.7672640275878845e-06,-3.6537466185988296e-06,-3.5402292096097748e-06,-3.4267118006207195e-06,-3.313194391631664e-06,-3.1996769826426094e-06,-3.086159573653554e-06,-2.9726421646644992e-06,-2.859124755675444e-06,-2.7456073466863887e-06,-2.632089937697334e-06,-2.5185725287082786e-06,-2.4050551197192237e-06,-2.2915377107301684e-06,-2.1780203017411136e-06,-2.0645028927520583e-06,-1.9509854837630035e-06,-1.8374680747739482e-06,-1.723950665784893e-06,-1.610433256795838e-06,-1.4969158478067828e-06,-1.383398438817728e-06,-1.2698810298286727e-06,-1.1563636208396178e-06,-1.0428462118505626e-06,-9.293288028615077e-07,-8.158113938724524e-07,-7.022939848833972e-07,-5.887765758943419e-07,-4.7525916690528745e-07,-3.617417579162322e-07,-2.482243489271769e-07,-1.3470693993812163e-07,-2.1189530949067207e-08,9.232787803998807e-08,2.0584528702904334e-07,3.193626960180986e-07,4.328801050071539e-07,5.463975139962083e-07,6.599149229852636e-07,7.734323319743189e-07,8.869497409633741e-07,1.0004671499524294e-06,1.1139845589414838e-06,1.2275019679305391e-06,1.3410193769195944e-06,1.4545367859086497e-06,1.568054194897704e-06,1.6815716038867594e-06,1.7950890128758146e-06,1.90860642186487e-06,2.022123830853925e-06,2.1356412398429796e-06,2.249158648832035e-06,2.36267605782109e-06,2.4761934668101454e-06,2.5897108757992e-06,2.703228284788255e-06,2.8167456937773104e-06],"_type":"histogram","values":[1,0,0,0,0,0,0,0,0,0,0,0,0,0,0,0,0,0,0,0,0,0,0,1,0,0,0,1,2,1,0,1,1,1,1,1,1,2,1,0,3,1,3,0,1,0,1,0,1,0,0,0,0,2,0,0,1,1,1,0,0,0,1,1]},"weights/layer_1":{"bins":[-0.03350271708949514,-0.032484045668185225,-0.03146537424687531,-0.030446702825565393,-0.029428031404255477,-0.02840935998294556,-0.027390688561635644,-0.026372017140325728,-0.02535334571901581,-0.024334674297705895,-0.02331600287639598,-0.022297331455086063,-0.021278660033776146,-0.02025998861246623,-0.019241317191156314,-0.018222645769846398,-0.01720397434853648,-0.016185302927226565,-0.015166631505916649,-0.014147960084606732,-0.013129288663296816,-0.0121106172419869,-0.011091945820676984,-0.010073274399367067,-0.009054602978057151,-0.008035931556747235,-0.0070172601354373185,-0.005998588714127402,-0.004979917292817486,-0.00396124587150757,-0.0029425744501976533,-0.001923903028887737,-0.0009052316075778208,0.0001134398137320955,0.0011321112350420118,0.002150782656351928,0.0031694540776618443,0.004188125498971761,0.005206796920281677,0.006225468341591593,0.0072441397629015095,0.008262811184211426,0.009281482605521342,0.010300154026831258,0.011318825448141175,0.01233749686945109,0.013356168290761007,0.014374839712070923,0.01539351113338084,0.016412182554690756,0.017430853976000672,0.01844952539731059,0.019468196818620505,0.02048686823993042,0.021505539661240337,0.022524211082550254,0.02354288250386017,0.024561553925170086,0.025580225346480003,0.02659889676778992,0.027617568189099835,0.02863623961040975,0.029654911031719668,0.030673582453029584,0.03169225387433949],"_type":"histogram","values":[1,0,0,1,1,2,0,0,0,1,4,5,3,3,6,9,10,12,18,15,22,20,17,27,29,33,30,38,51,48,31,42,48,43,43,30,39,34,43,32,22,30,25,22,22,16,18,11,7,13,6,7,7,7,3,2,3,1,2,2,4,1,1,1]},"confusion_matrix_table":{"_latest_artifact_path":"wandb-client-artifact://st8hojemn8xa12a4l76et2wvbnwcv21ric8sqwssql0rd7m05llad13wdk5yf0tkvr8uxa1cmik0vy198fh4tug4oyti1d8nb0cm77ok1qq1cezwo41j251ynk05jtxf:latest/confusion_matrix_table.table.json","path":"media/table/confusion_matrix_table_9_092281ae5df4c4312bf2.table.json","ncols":3,"nrows":100,"_type":"table-file","sha256":"092281ae5df4c4312bf26c01ad1d2041b373d2707e2425c2ce9e11621c5582cf","size":3002,"artifact_path":"wandb-client-artifact://vrc6hwtinl1tzdhaguv2geitpsn950xzhk8i1tj9lvfbfyg9qc4qafo5qap83jfo1p9grx51x1xfs1o20j45et453z7ynxrh7vw65pgmfzi167nwwm6r2skl0aljv6di/confusion_matrix_table.table.json"},"_wandb":{"runtime":9},"_step":10,"weights/layer_3":{"_type":"histogram","values":[1,0,0,0,0,0,0,0,1,1,2,0,1,2,4,5,3,2,7,4,7,6,3,3,13,6,11,13,9,11,10,12,15,9,11,12,10,9,11,13,14,13,3,3,8,7,3,8,3,9,3,8,2,3,0,4,0,0,1,0,0,0,0,1],