{"train_acc":0.7675,"weights/layer_4":{"bins":[-1.3766754170261897,-1.3309379956892569,-1.285200574352324,-1.2394631530153912,-1.1937257316784584,-1.1479883103415258,-1.102250889004593,-1.0565134676676602,-1.0107760463307274,-0.9650386249937946,-0.9193012036568617,-0.873563782319929,-0.8278263609829962,-0.7820889396460634,-0.7363515183091307,-0.6906140969721979,-0.6448766756352651,-0.5991392542983323,-0.5534018329613994,-0.5076644116244667,-0.4619269902875339,-0.4161895689506011,-0.3704521476136684,-0.3247147262767356,-0.2789773049398028,-0.23323988360286996,-0.18750246226593714,-0.14176504092900433,-0.09602761959207173,-0.05029019825513892,-0.004552776918206103,0.04118464441872671,0.08692206575565953,0.13265948709259234,0.17839690842952516,0.22413432976645797,0.2698717511033908,0.3156091724403234,0.3613465937772562,0.407084015114189,0.45282143645112183,0.49855885778805464,0.5442962791249875,0.5900337004619203,0.6357711217988529,0.6815085431357857,0.7272459644727185,0.7729833858096513,0.8187208071465841,0.8644582284835169,0.9101956498204498,0.9559330711573826,1.0016704924943154,1.0474079138312482,1.093145335168181,1.1388827565051138,1.1846201778420462,1.230357599178979,1.2760950205159118,1.3218324418528447,1.3675698631897775,1.4133072845267103,1.459044705863643,1.504782127200576,1.550519548537509],"_type":"histogram","values":[6,4,0,8,3,5,6,1,0,13,52,100,125,174,137,118,182,217,159,160,145,180,268,195,130,107,129,203,166,82,92,90,178,115,49,45,43,50,45,40,36,38,34,20,29,25,11,7,8,4,8,4,8,1,4,6,1,1,4,0,5,10,8,2]},"_runtime":21.1522023,"biases/layer_1":{"bins":[-1.8084862929063352,-1.7786459220845698,-1.7488055512628047,-1.7189651804410393,-1.689124809619274,-1.6592844387975085,-1.6294440679757434,-1.599603697153978,-1.5697633263322126,-1.5399229555104474,-1.510082584688682,-1.4802422138669167,-1.4504018430451513,-1.4205614722233861,-1.3907211014016208,-1.3608807305798554,-1.3310403597580902,-1.3011999889363248,-1.2713596181145594,-1.241519247292794,-1.2116788764710287,-1.1818385056492635,-1.1519981348274981,-1.122157764005733,-1.0923173931839676,-1.0624770223622022,-1.0326366515404368,-1.0027962807186714,-0.9729559098969063,-0.9431155390751409,-0.9132751682533756,-0.8834347974316102,-0.853594426609845,-0.8237540557880797,-0.7939136849663144,-0.764073314144549,-0.7342329433227837,-0.7043925725010183,-0.6745522016792531,-0.6447118308574877,-0.6148714600357224,-0.5850310892139572,-0.5551907183921918,-0.5253503475704264,-0.49550997674866104,-0.4656696059268959,-0.4358292351051305,-0.4059888642833651,-0.37614849346159995,-0.34630812263983457,-0.3164677518180692,-0.2866273809963038,-0.25678701017453864,-0.22694663935277326,-0.19710626853100788,-0.1672658977092425,-0.13742552688747733,-0.10758515606571195,-0.07774478524394657,-0.04790441442218141,-0.018064043600416024,0.011776327221349359,0.04161669804311474,0.0714570688648799,0.10129743968664531],"_type":"histogram","values":[5,13,12,8,2,2,2,0,1,2,2,0,0,0,0,0,0,0,0,0,0,0,1,0,0,2,0,0,0,0,0,0,0,1,1,0,0,0,0,0,0,0,1,0,0,0,0,0,0,2,1,1,0,0,0,0,0,1,3,0,0,0,0,1]},"biases/layer_3":{"_type":"histogram","values":[1,1,0,0,0,1,0,0,1,1,0,0,0,0,1,1,1,0,0,0,0,0,0,1,0,1,0,1,0,0,1,0,0,0,0,1,1,0,1,1,1,3,2,2,4,1,2,1,2,0,2,1,5,5,0,5,0,4,1,0,1,3,2,1],"bins":[-1.7428913454922457,-1.7411795334783169,-1.739467721464388,-1.7377559094504595,-1.7360440974365308,-1.734332285422602,-1.7326204734086732,-1.7309086613947444,-1.7291968493808159,-1.727485037366887,-1.7257732253529583,-1.7240614133390295,-1.7223496013251007,-1.7206377893111722,-1.7189259772972434,-1.7172141652833146,-1.7155023532693858,-1.713790541255457,-1.7120787292415285,-1.7103669172275997,-1.708655105213671,-1.7069432931997421,-1.7052314811858134,-1.7035196691718848,-1.701807857157956,-1.7000960451440272,-1.6983842331300985,-1.69667242111617,-1.6949606091022411,-1.6932487970883123,-1.6915369850743835,-1.6898251730604548,-1.688113361046526,-1.6864015490325974,-1.6846897370186686,-1.6829779250047399,-1.681266112990811,-1.6795543009768825,-1.6778424889629537,-1.676130676949025,-1.6744188649350962,-1.6727070529211674,-1.6709952409072386,-1.66928342889331,-1.6675716168793813,-1.6658598048654525,-1.6641479928515237,-1.6624361808375951,-1.6607243688236664,-1.6590125568097376,-1.6573007447958088,-1.65558893278188,-1.6538771207679515,-1.6521653087540227,-1.650453496740094,-1.6487416847261651,-1.6470298727122363,-1.6453180606983078,-1.643606248684379,-1.6418944366704502,-1.6401826246565214,-1.6384708126425926,-1.636759000628664,-1.6350471886147353,-1.6333353766008065]},"biases/layer_5":{"values":[1,2,0,2,0,1,0,0,0,0,0,0,0,0,0,0,1,0,1,0,0,0,0,0,0,0,0,0,0,0,0,0,0,0,0,0,0,0,0,1,0,0,0,0,0,0,0,0,0,0,0,0,0,0,0,0,0,0,0,0,0,0,0,1],"bins":[-0.3800138640557898,-0.3551282224359405,-0.3302425808160912,-0.30535693919624185,-0.28047129757639255,-0.25558565595654326,-0.23070001433669396,-0.20581437271684466,-0.18092873109699537,-0.15604308947714607,-0.13115744785729677,-0.10627180623744747,-0.08138616461759812,-0.056500522997748825,-0.03161488137789953,-0.006729239758050232,0.018156401861799065,0.04304204348164836,0.06792768510149766,0.09281332672134696,0.11769896834119625,0.14258460996104555,0.16747025158089485,0.19235589320074414,0.21724153482059355,0.24212717644044285,0.26701281806029215,0.29189845968014144,0.31678410129999074,0.34166974291984004,0.36655538453968933,0.39144102615953863,0.4163266677793879,0.4412123093992372,0.4660979510190865,0.4909835926389358,0.5158692342587852,0.5407548758786345,0.5656405174984838,0.5905261591183331,0.6154118007381824,0.6402974423580317,0.665183083977881,0.6900687255977302,0.7149543672175795,0.7398400088374288,0.7647256504572781,0.7896112920771274,0.814496933696977,0.8393825753168263,0.8642682169366755,0.8891538585565248,0.9140395001763741,0.9389251417962234,0.9638107834160727,0.988696425035922,1.0135820666557713,1.0384677082756206,1.06335334989547,1.0882389915153192,1.1131246331351685,1.1380102747550178,1.1628959163748671,1.1877815579947164,1.2126671996145657],"_type":"histogram"},"biases/layer_4":{"_type":"histogram","values":[2,3,0,0,0,0,0,0,0,0,0,0,0,0,0,0,0,0,0,0,0,0,0,0,0,0,0,0,1,0,1,0,1,2,1,2,1,4,1,1,0,2,0,2,1,1,0,0,1,1,0,1,1,0,4,8,5,4,4,2,2,2,2,1],"bins":[-2.462060433506167,-2.3858859210413774,-2.309711408576588,-2.2335368961117985,-2.157362383647009,-2.0811878711822196,-2.00501335871743,-1.9288388462526402,-1.8526643337878508,-1.7764898213230613,-1.7003153088582716,-1.6241407963934822,-1.5479662839286927,-1.471791771463903,-1.3956172589991136,-1.319442746534324,-1.2432682340695345,-1.167093721604745,-1.0909192091399553,-1.0147446966751659,-0.9385701842103762,-0.8623956717455867,-0.7862211592807973,-0.7100466468160076,-0.6338721343512181,-0.5576976218864287,-0.481523109421639,-0.4053485969568493,-0.3291740844920601,-0.2529995720272704,-0.17682505956248074,-0.1006505470976915,-0.024476034632901822,0.05169847783188786,0.1278729902966771,0.20404750276146677,0.28022201522625645,0.3563965276910457,0.43257104015583536,0.508745552620625,0.5849200650854147,0.661094577550204,0.7372690900149936,0.8134436024797833,0.8896181149445725,0.9657926274093622,1.041967139874152,1.1181416523389411,1.1943161648037308,1.2704906772685205,1.3466651897333097,1.4228397021980994,1.499014214662889,1.5751887271276788,1.6513632395924684,1.7275377520572572,1.803712264522047,1.8798867769868366,1.9560612894516263,2.032235801916416,2.1084103143812056,2.1845848268459944,2.260759339310784,2.336933851775574,2.413108364240364]},"val_loss":0.6126031054833954,"val_acc":0.7675,"_step":17,"_timestamp":1.7415208364056447e+09,"weights/layer_0":{"_type":"histogram","values":[1,2,0,0,2,1,3,7,5,5,7,12,22,35,63,89,109,197,249,311,425,511,650,833,1106,1446,1830,2473,3142,3971,4727,5281,5241,4682,3691,2741,1914,1322,919,606,431,316,231,149,114,90,75,52,28,16,14,11,2,8,2,2,1,2,0,0,0,0,0,1],