{"_wandb":{"runtime":46},"_timestamp":1.7414601570319364e+09,"_runtime":46.7727072,"_step":10,"epoch":9,"val_loss":2.3025978824859146,"val_acc":0.09233333333333334}