{"val_acc":0.09233333333333334,"_timestamp":1.7414600172870884e+09,"_runtime":65.6799922,"_step":10,"epoch":9,"val_loss":2.302605245983353,"_wandb":{"runtime":65}}