{"biases/layer_3":{"values":[1,0,0,0,0,0,0,0,1,0,0,0,0,0,0,0,0,0,0,1,1,0,0,0,0,1,0,0,0,0,0,0,0,0,0,0,0,0,0,1,1,0,0,0,0,0,1,0,0,0,0,0,0,0,1,0,0,0,0,0,0,0,0,1],"bins":[-0.22364977066348293,-0.2162798192523097,-0.2089098678411365,-0.20153991642996327,-0.19416996501879003,-0.1868000136076168,-0.17943006219644358,-0.17206011078527036,-0.16469015937409714,-0.1573202079629239,-0.14995025655175068,-0.14258030514057746,-0.13521035372940424,-0.12784040231823102,-0.12047045090705778,-0.11310049949588455,-0.10573054808471133,-0.09836059667353811,-0.09099064526236489,-0.08362069385119164,-0.07625074244001842,-0.0688807910288452,-0.06151083961767198,-0.05414088820649876,-0.04677093679532554,-0.03940098538415229,-0.03203103397297907,-0.024661082561805853,-0.017291131150632633,-0.009921179739459413,-0.0025512283282861647,0.004818723082887055,0.012188674494060275,0.019558625905233495,0.026928577316406715,0.03429852872757996,0.041668480138753156,0.0490384315499264,0.05640838296109965,0.06377833437227284,0.07114828578344609,0.07851823719461928,0.08588818860579253,0.09325814001696578,0.10062809142813897,0.10799804283931222,0.11536799425048541,0.12273794566165866,0.13010789707283185,0.1374778484840051,0.14484779989517835,0.15221775130635154,0.1595877027175248,0.16695765412869798,0.17432760553987123,0.18169755695104448,0.18906750836221767,0.19643745977339092,0.2038074111845641,0.21117736259573736,0.2185473140069106,0.2259172654180838,0.23328721682925704,0.24065716824043024,0.2480271196516035],"_type":"histogram"},"val_loss":0.5340900956770336,"_timestamp":1.741527392180664e+09,"biases/layer_1":{"values":[3,0,0,0,0,1,1,1,0,1,0,1,0,0,2,0,1,0,1,1,0,0,1,0,0,1,0,1,0,0,1,0,0,1,0,1,2,0,0,1,0,0,0,3,1,0,0,1,0,0,0,0,0,0,0,2,1,0,0,0,0,1,0,1],"bins":[-0.6479995135146874,-0.6280173246191895,-0.6080351357236914,-0.5880529468281934,-0.5680707579326953,-0.5480885690371974,-0.5281063801416994,-0.5081241912462013,-0.4881420023507034,-0.46815981345520535,-0.44817762455970733,-0.42819543566420937,-0.40821324676871135,-0.3882310578732133,-0.36824886897771536,-0.34826668008221734,-0.3282844911867193,-0.3083023022912213,-0.2883201133957233,-0.2683379245002253,-0.2483557356047273,-0.22837354670922927,-0.2083913578137313,-0.18840916891823328,-0.16842698002273526,-0.14844479112723724,-0.12846260223173922,-0.10848041333624125,-0.08849822444074329,-0.06851603554524521,-0.04853384664974725,-0.02855165775424917,-0.008569468858751206,0.01141272003674676,0.031394908932244836,0.0513770978277428,0.07135928672324088,0.09134147561873884,0.11132366451423681,0.13130585340973489,0.15128804230523285,0.17127023120073082,0.1912524200962289,0.21123460899172686,0.23121679788722482,0.2511989867827229,0.27118117567822086,0.29116336457371894,0.3111455534692169,0.33112774236471487,0.35110993126021295,0.3710921201557109,0.391074309051209,0.41105649794670684,0.4310386868422049,0.451020875737703,0.47100306463320085,0.49098525352869893,0.510967442424197,0.5309496313196951,0.5509318202151929,0.570914009110691,0.5908961980061891,0.6108783869016869,0.6308605757971849],"_type":"histogram"},"sample_predictions":{"count":10,"filenames":["media/images/sample_predictions_10_606215d87f87b2f00799.png","media/images/sample_predictions_10_80c07028ea3856542be4.png","media/images/sample_predictions_10_9cf40359a3dec85636e5.png","media/images/sample_predictions_10_ce5b739914bcd72b66df.png","media/images/sample_predictions_10_07a347c11e27a0aa79ca.png","media/images/sample_predictions_10_d99b4985df3c791d3f16.png","media/images/sample_predictions_10_379b818d067226d80795.png","media/images/sample_predictions_10_1fed2768e0601d187e72.png","media/images/sample_predictions_10_736760c82067caaa8fe3.png","media/images/sample_predictions_10_26363bd2a04602ee6a04.png"],"captions":["True: 1, Pred: 1","True: 5, Pred: 5","True: 2, Pred: 6","True: 3, Pred: 3","True: 9, Pred: 9","True: 0, Pred: 1","True: 9, Pred: 9","True: 0, Pred: 3","True: 1, Pred: 1","True: 8, Pred: 8"],"_type":"images/separated","width":28,"height":28,"format":"png"},"train_loss":0.5340900956770336,"train_acc":0.813,"biases/layer_0":{"_type":"histogram","values":[1,0,1,0,0,0,1,0,0,0,0,0,1,1,2,0,0,0,1,3,1,0,0,0,0,1,1,2,0,1,0,1,0,0,0,1,1,0,2,0,0,1,1,0,0,0,0,1,1,0,2,0,1,0,1,1,0,0,0,0,0,0,0,1],"bins":[-0.9056975028419083,-0.872835014304668,-0.8399725257674278,-0.8071100372301875,-0.7742475486929472,-0.7413850601557068,-0.7085225716184665,-0.6756600830812263,-0.642797594543986,-0.6099351060067457,-0.5770726174695054,-0.5442101289322652,-0.5113476403950248,-0.47848515185778456,-0.44562266332054423,-0.41276017478330396,-0.3798976862460637,-0.3470351977088234,-0.31417270917158313,-0.28131022063434286,-0.24844773209710258,-0.2155852435598622,-0.18272275502262192,-0.14986026648538164,-0.11699777794814137,-0.08413528941090109,-0.05127280087366082,-0.018410312336420542,0.014452176200819844,0.04731466473806012,0.0801771532753004,0.11303964181254056,0.14590213034978095,0.17876461888702133,0.2116271074242615,0.24448959596150188,0.27735208449874205,0.31021457303598243,0.3430770615732226,0.375939550110463,0.40880203864770315,0.44166452718494353,0.4745270157221839,0.5073895042594241,0.5402519927966645,0.5731144813339046,0.605976969871145,0.6388394584083852,0.6717019469456256,0.704564435482866,0.7374269240201061,0.7702894125573465,0.8031519010945867,0.8360143896318271,0.8688768781690672,0.9017393667063076,0.934601855243548,0.9674643437807882,1.0003268323180285,1.0331893208552687,1.066051809392509,1.0989142979297493,1.1317767864669894,1.16463927500423,1.19750176354147]},"_runtime":7.7325431,"epoch":5,"weights/layer_0":{"_type":"histogram","values":[1,0,1,2,2,3,4,5,2,1,10,5,16,22,28,38,46,70,90,127,155,204,253,380,549,758,982,1522,2163,2591,2765,2653,2379,1819,1414,1059,778,540,347,287,230,182,121,81,72,65,53,37,27,35,23,23,14,7,14,11,4,4,5,1,3,3,0,2],"bins":[-2.150959544659198,-2.0815120831083695,-2.012064621557541,-1.9426171600067126,-1.8731696984558839,-1.8037222369050554,-1.734274775354227,-1.6648273138033984,-1.5953798522525697,-1.5259323907017412,-1.4564849291509128,-1.3870374676000843,-1.3175900060492558,-1.2481425444984273,-1.1786950829475988,-1.1092476213967701,-1.0398001598459417,-0.9703526982951132,-0.9009052367442847,-0.831457775193456,-0.7620103136426275,-0.692562852091799,-0.6231153905409705,-0.553667928990142,-0.4842204674393136,-0.41477300588848487,-0.3453255443376564,-0.2758780827868279,-0.20643062123599942,-0.13698315968517072,-0.06753569813434224,0.0019117634164862451,0.07135922496731473,0.1408066865181432,0.2102541480689717,0.2797016096198002,0.34914907117062866,0.41859653272145714,0.48804399427228606,0.5574914558231145,0.626938917373943,0.6963863789247715,0.7658338404756,0.8352813020264285,0.904728763577257,0.9741762251280854,1.043623686678914,1.1130711482297424,1.1825186097805709,1.2519660713313998,1.3214135328822283,1.3908609944330568,1.4603084559838853,1.5297559175347137,1.5992033790855422,1.6686508406363707,1.7380983021871992,1.8075457637380277,1.8769932252888566,1.9464406868396846,2.0158881483905136,2.0853356099413416,2.1547830714921705,2.2242305330429986,2.2936779945938275]},"weights/layer_2":{"_type":"histogram","values":[1,2,1,0,0,2,2,2,8,5,8,7,4,12,8,11,9,11,10,11,8,11,18,16,25,13,35,28,32,44,50,54,43,59,40,50,31,33,38,33,27,19,18,21,18,19,14,12,6,12,7,6,12,11,4,6,6,10,5,3,5,3,2,3],