{"biases/layer_2":{"bins":[-0.10581734847097095,-0.09893037627317969,-0.09204340407538843,-0.08515643187759717,-0.0782694596798059,-0.07138248748201464,-0.06449551528422337,-0.05760854308643212,-0.050721570888640856,-0.043834598690849595,-0.03694762649305833,-0.030060654295267067,-0.023173682097475806,-0.016286709899684546,-0.009399737701893285,-0.002512765504102024,0.0043742066936892365,0.011261178891480497,0.018148151089271758,0.02503512328706302,0.03192209548485429,0.03880906768264554,0.045696039880436815,0.05258301207822806,0.059469984276019336,0.06635695647381058,0.07324392867160186,0.0801309008693931,0.08701787306718438,0.09390484526497563,0.1007918174627669,0.10767878966055815,0.11456576185834942,0.1214527340561407,0.12833970625393193,0.1352266784517232,0.14211365064951448,0.1490006228473057,0.15588759504509697,0.16277456724288825,0.16966153944067952,0.17654851163847074,0.18343548383626201,0.1903224560340533,0.19720942823184456,0.20409640042963578,0.21098337262742706,0.21787034482521833,0.2247573170230096,0.23164428922080088,0.2385312614185921,0.24541823361638337,0.25230520581417465,0.2591921780119659,0.26607915020975714,0.2729661224075484,0.2798530946053397,0.28674006680313097,0.2936270390009222,0.30051401119871346,0.30740098339650473,0.314287955594296,0.32117492779208723,0.3280618999898785,0.3349488721876698],"_type":"histogram","values":[1,0,1,0,0,1,0,1,1,4,8,7,3,5,33,5,4,4,2,4,5,5,3,5,3,5,4,1,2,3,2,1,1,0,0,0,0,0,1,0,0,0,0,0,0,0,2,0,0,0,0,0,0,0,0,0,0,0,0,0,0,0,0,1]},"weights/layer_2":{"_type":"histogram","values":[3,2,1,0,0,1,0,2,4,2,1,1,1,1,3,5,3,2,6,8,10,16,27,22,32,48,107,680,7390,5322,1776,630,155,52,23,17,9,6,3,7,2,0,1,1,0,0,1,0,0,0,0,0,0,0,0,0,0,0,0,0,0,0,0,1],"bins":[-1.1086048592746127,-1.0703186699724931,-1.0320324806703738,-0.9937462913682542,-0.9554601020661347,-0.9171739127640153,-0.8788877234618958,-0.8406015341597763,-0.8023153448576568,-0.7640291555555374,-0.7257429662534178,-0.6874567769512984,-0.6491705876491789,-0.6108843983470593,-0.5725982090449399,-0.5343120197428204,-0.4960258304407009,-0.45773964113858145,-0.419453451836462,-0.3811672625343424,-0.34288107323222294,-0.3045948839301035,-0.266308694627984,-0.22802250532586454,-0.18973631602374508,-0.1514501267216255,-0.11316393741950603,-0.07487774811738657,-0.03659155881526699,0.0016946304868523665,0.039980819788971944,0.0782670090910913,0.11655319839321088,0.15483938769533045,0.1931255769974498,0.2314117662995694,0.26969795560168874,0.3079841449038083,0.3462703342059279,0.38455652350804725,0.42284271281016683,0.4611289021122862,0.49941509141440577,0.5377012807165253,0.5759874700186447,0.6142736593207643,0.6525598486228836,0.6908460379250032,0.7291322272271226,0.7674184165292421,0.8057046058313617,0.8439907951334811,0.8822769844356007,0.92056317373772,0.9588493630398396,0.9971355523419592,1.0354217416440787,1.0737079309461979,1.1119941202483175,1.150280309550437,1.1885664988525566,1.2268526881546762,1.2651388774567953,1.303425066758915,1.3417112560610345]},"_timestamp":1.7415213715240412e+09,"weights/layer_4":{"values":[1,0,0,0,0,0,1,0,0,0,0,0,0,1,0,0,0,0,2,0,0,0,0,0,0,1,3,2,3,7,4,7,1,4,14,9,9,20,30,25,24,40,159,521,285,62,17,18,5,3,0,1,0,0,0,0,0,0,0,0,0,0,0,1],"bins":[-1.2473758033196862,-1.2187939859215067,-1.1902121685233271,-1.1616303511251476,-1.133048533726968,-1.1044667163287882,-1.0758848989306087,-1.0473030815324291,-1.0187212641342496,-0.99013944673607,-0.9615576293378905,-0.9329758119397109,-0.9043939945415314,-0.8758121771433517,-0.8472303597451721,-0.8186485423469925,-0.7900667249488129,-0.7614849075506334,-0.7329030901524538,-0.7043212727542743,-0.6757394553560947,-0.647157637957915,-0.6185758205597355,-0.5899940031615559,-0.5614121857633764,-0.5328303683651968,-0.5042485509670172,-0.4756667335688376,-0.44708491617065804,-0.4185030987724785,-0.3899212813742988,-0.36133946397611927,-0.3327576465779397,-0.30417582917976016,-0.2755940117815806,-0.24701219438340094,-0.21843037698522139,-0.18984855958704183,-0.16126674218886228,-0.13268492479068272,-0.10410310739250317,-0.07552128999432361,-0.04693947259614384,-0.018357655197964284,0.01022416220021527,0.038805979598394824,0.06738779699657438,0.09596961439475393,0.12455143179293349,0.15313324919111304,0.1817150665892926,0.21029688398747237,0.23887870138565193,0.2674605187838315,0.29604233618201103,0.3246241535801906,0.35320597097837014,0.3817877883765497,0.41036960577472925,0.4389514231729088,0.4675332405710886,0.49611505796926814,0.5246968753674477,0.5532786927656272,0.5818605101638068],"_type":"histogram"},"epoch":10,"weights/layer_0":{"bins":[-0.8682068135244692,-0.838775823852858,-0.8093448341812468,-0.7799138445096356,-0.7504828548380246,-0.7210518651664134,-0.6916208754948022,-0.662189885823191,-0.6327588961515799,-0.6033279064799688,-0.5738969168083576,-0.5444659271367465,-0.5150349374651353,-0.4856039477935241,-0.45617295812191294,-0.4267419684503018,-0.39731097877869065,-0.36787998910707953,-0.33844899943546836,-0.3090180097638572,-0.279587020092246,-0.25015603042063483,-0.22072504074902366,-0.1912940510774126,-0.16186306140580142,-0.13243207173419025,-0.10300108206257907,-0.0735700923909679,-0.044139102719356726,-0.014708113047745663,0.01472287662386551,0.044153866295476685,0.07358485596708786,0.10301584563869903,0.1324468353103101,0.16187782498192127,0.19130881465353244,0.22073980432514362,0.2501707939967548,0.27960178366836597,0.30903277333997714,0.3384637630115883,0.3678947526831995,0.39732574235481066,0.42675673202642184,0.4561877216980328,0.48561871136964396,0.5150497010412551,0.5444806907128663,0.5739116803844775,0.6033426700560887,0.6327736597276998,0.662204649399311,0.6916356390709222,0.7210666287425334,0.7504976184141445,0.7799286080857557,0.8093595977573669,0.8387905874289778,0.868221577100589,0.8976525667722002,0.9270835564438114,0.9565145461154225,0.9859455357870337,1.0153765254586449],"_type":"histogram","values":[4,0,0,0,4,9,6,9,20,22,37,31,37,56,86,118,138,191,288,389,531,688,1007,1391,2010,2989,4719,7445,14314,34671,10882,6834,4441,2590,1663,930,572,382,258,172,131,85,58,37,26,14,14,10,10,7,4,3,4,3,1,3,2,0,0,1,0,1,2,2]},"_step":16,"biases/layer_1":{"values":[1,0,1,0,2,0,0,0,2,2,1,3,8,8,5,7,4,2,2,3,6,3,2,1,5,4,2,2,3,4,3,4,2,4,2,1,5,4,4,3,4,3,0,1,0,0,1,1,1,0,0,0,0,0,0,0,1,0,0,0,0,0,0,1],"bins":[-0.11452395103373399,-0.1084122817383974,-0.10230061244306082,-0.09618894314772423,-0.09007727385238766,-0.08396560455705107,-0.0778539352617145,-0.07174226596637791,-0.06563059667104132,-0.059518927375704744,-0.05340725808036816,-0.04729558878503158,-0.04118391948969499,-0.03507225019435842,-0.02896058089902183,-0.022848911603685254,-0.016737242308348665,-0.010625573013012077,-0.004513903717675502,0.0015977655776610866,0.007709434872997661,0.01382110416833425,0.019932773463670825,0.0260444427590074,0.032156112054344,0.03826778134968058,0.04437945064501715,0.050491119940353754,0.05660278923569033,0.0627144585310269,0.06882612782636348,0.07493779712170008,0.08104946641703666,0.08716113571237323,0.09327280500770983,0.09938447430304641,0.10549614359838298,0.11160781289371956,0.11771948218905616,0.12383115148439273,0.1299428207797293,0.13605449007506593,0.1421661593704025,0.14827782866573908,0.15438949796107565,0.16050116725641222,0.1666128365517488,0.17272450584708543,0.178836175142422,0.18494784443775858,0.19105951373309515,0.19717118302843173,0.2032828523237683,0.20939452161910488,0.2155061909144415,0.22161786020977808,0.22772952950511466,0.23384119880045123,0.2399528680957878,0.24606453739112438,0.25217620668646096,0.2582878759817976,0.26439954527713416,0.27051121457247074,0.2766228838678073],"_type":"histogram"},"train_acc":0.8633333333333333,