{"train_acc":0.09033333333333333,"sample_predictions":{"width":28,"height":28,"format":"png","count":10,"filenames":["media/images/sample_predictions_11_606215d87f87b2f00799.png","media/images/sample_predictions_11_80c07028ea3856542be4.png","media/images/sample_predictions_11_9cf40359a3dec85636e5.png","media/images/sample_predictions_11_ce5b739914bcd72b66df.png","media/images/sample_predictions_11_07a347c11e27a0aa79ca.png","media/images/sample_predictions_11_d99b4985df3c791d3f16.png","media/images/sample_predictions_11_379b818d067226d80795.png","media/images/sample_predictions_11_1fed2768e0601d187e72.png","media/images/sample_predictions_11_736760c82067caaa8fe3.png","media/images/sample_predictions_11_26363bd2a04602ee6a04.png"],"captions":["True: 1, Pred: 7","True: 5, Pred: 7","True: 2, Pred: 7","True: 3, Pred: 7","True: 9, Pred: 7","True: 0, Pred: 7","True: 9, Pred: 7","True: 0, Pred: 7","True: 1, Pred: 7","True: 8, Pred: 7"],"_type":"images/separated"},"val_loss":2.3026188986012874,"biases/layer_3":{"bins":[-6.012705048844442e-05,-5.863804535260123e-05,-5.714904021675804e-05,-5.566003508091485e-05,-5.417102994507166e-05,-5.268202480922847e-05,-5.119301967338528e-05,-4.970401453754209e-05,-4.82150094016989e-05,-4.672600426585571e-05,-4.523699913001252e-05,-4.374799399416933e-05,-4.225898885832614e-05,-4.076998372248295e-05,-3.928097858663976e-05,-3.7791973450796565e-05,-3.630296831495338e-05,-3.481396317911019e-05,-3.3324958043267e-05,-3.183595290742381e-05,-3.034694777158062e-05,-2.885794263573743e-05,-2.7368937499894237e-05,-2.587993236405105e-05,-2.4390927228207858e-05,-2.2901922092364666e-05,-2.141291695652148e-05,-1.9923911820678287e-05,-1.8434906684835094e-05,-1.694590154899191e-05,-1.5456896413148716e-05,-1.396789127730553e-05,-1.2478886141462337e-05,-1.0989881005619145e-05,-9.500875869775959e-06,-8.011870733932766e-06,-6.52286559808958e-06,-5.033860462246388e-06,-3.544855326403195e-06,-2.055850190560009e-06,-5.668450547168164e-07,9.221600811263695e-07,2.411165216969562e-06,3.900170352812755e-06,5.389175488655947e-06,6.87818062449914e-06,8.36718576034232e-06,9.856190896185512e-06,1.1345196032028704e-05,1.2834201167871897e-05,1.432320630371509e-05,1.581221143955827e-05,1.730121657540146e-05,1.8790221711244654e-05,2.0279226847087847e-05,2.176823198293104e-05,2.3257237118774232e-05,2.474624225461741e-05,2.6235247390460604e-05,2.7724252526303797e-05,2.921325766214699e-05,3.070226279799018e-05,3.219126793383336e-05,3.3680273069676554e-05,3.516927820551975e-05],"_type":"histogram","values":[2,0,0,1,0,0,0,1,3,0,0,0,1,0,0,2,0,0,1,1,0,0,0,0,2,1,2,3,0,2,1,1,3,1,1,0,1,2,0,5,3,2,1,2,2,2,1,0,3,0,3,1,0,1,2,2,0,0,0,1,0,0,0,1]},"biases/layer_2":{"bins":[-3.999327350416022e-06,-3.884422376967551e-06,-3.7695174035190794e-06,-3.654612430070608e-06,-3.539707456622137e-06,-3.4248024831736655e-06,-3.309897509725194e-06,-3.1949925362767226e-06,-3.0800875628282516e-06,-2.96518258937978e-06,-2.8502776159313088e-06,-2.7353726424828373e-06,-2.620467669034366e-06,-2.5055626955858945e-06,-2.390657722137423e-06,-2.275752748688952e-06,-2.1608477752404806e-06,-2.045942801792009e-06,-1.9310378283435377e-06,-1.8161328548950667e-06,-1.7012278814465953e-06,-1.5863229079981239e-06,-1.4714179345496524e-06,-1.356512961101181e-06,-1.2416079876527096e-06,-1.1267030142042386e-06,-1.0117980407557671e-06,-8.968930673072957e-07,-7.819880938588243e-07,-6.670831204103528e-07,-5.521781469618818e-07,-4.372731735134104e-07,-3.22368200064939e-07,-2.0746322661646754e-07,-9.255825316799611e-08,2.2346720280475318e-08,1.3725169372894675e-07,2.521566671774182e-07,3.6706164062588876e-07,4.819666140743602e-07,5.968715875228316e-07,7.117765609713031e-07,8.266815344197745e-07,9.415865078682459e-07,1.0564914813167174e-06,1.1713964547651888e-06,1.2863014282136602e-06,1.4012064016621316e-06,1.516111375110603e-06,1.6310163485590737e-06,1.745921322007545e-06,1.8608262954560165e-06,1.975731268904488e-06,2.0906362423529594e-06,2.205541215801431e-06,2.3204461892499022e-06,2.4353511626983737e-06,2.550256136146845e-06,2.6651611095953165e-06,2.780066083043787e-06,2.8949710564922586e-06,3.00987602994073e-06,3.1247810033892014e-06,3.239685976837673e-06,3.3545909502861447e-06],"_type":"histogram","values":[1,1,1,0,0,0,1,0,0,2,1,2,0,0,1,1,0,1,1,4,0,1,0,1,1,2,3,1,3,1,2,1,1,0,1,0,1,2,2,1,4,0,3,3,3,0,1,1,1,1,1,1,0,1,0,0,0,0,0,0,0,2,0,1]},"train_loss":2.3026188986012874,"_wandb":{"runtime":20},"confusion_matrix_table":{"artifact_path":"wandb-client-artifact://a9w2q5wsow3vva25qfe0grbqd6bbfzhq27zjtaj1ycckzhvo0ao9jo4q3ia3hxu1svajsfmh24c0wetjzk06yl1a2cxvz0l3arl7w4o234wjsni24br10vcubwvqqdzf/confusion_matrix_table.table.json","_latest_artifact_path":"wandb-client-artifact://n18f8uha9pqqkbln9zof4bxvt6hhn5ygdcwz5dnfbh1q8a4vrxlll7fk4izekvh9va8099zcccll1rbadgnq73gv00hkxgdqak7vcp5foru6ikej8gml0cfutckqzyzr:latest/confusion_matrix_table.table.json","path":"media/table/confusion_matrix_table_10_0e0a3e12d8de0bf8bb38.table.json","ncols":3,"nrows":100,"_type":"table-file","sha256":"0e0a3e12d8de0bf8bb382b4baa65b12a8c31db4189b15dcbb54f1d07fd73ca2e","size":3002},"learning_rate":0.0001,"_step":11,"weights/layer_0":{"_type":"histogram","values":[3,4,10,6,12,24,29,58,68,98,145,197,260,331,426,535,675,828,946,1196,1385,1528,1765,1943,2115,2307,2382,2490,2534,2491,2496,2423,2367,2275,2024,1947,1618,1511,1280,1122,943,744,620,539,392,274,222,182,116,99,72,36,28,14,12,6,8,6,4,0,1,2,1,1],"bins":[-0.037323744951761564,-0.0360490914046655,-0.03477443785756944,-0.03349978431047338,-0.03222513076337732,-0.030950477216281254,-0.02967582366918519,-0.02840117012208913,-0.02712651657499307,-0.025851863027897007,-0.024577209480800943,-0.023302555933704883,-0.02202790238660882,-0.02075324883951276,-0.019478595292416696,-0.018203941745320636,-0.016929288198224573,-0.01565463465112851,-0.01437998110403245,-0.013105327556936386,-0.011830674009840326,-0.010556020462744262,-0.009281366915648202,-0.008006713368552139,-0.006732059821456075,-0.005457406274360012,-0.004182752727263955,-0.002908099180167892,-0.0016334456330718283,-0.00035879208597576484,0.0009158614611202917,0.002190515008216355,0.0034651685553124187,0.004739822102408482,0.006014475649504546,0.007289129196600602,0.008563782743696666,0.00983843629079273,0.011113089837888793,0.01238774338498485,0.013662396932080913,0.014937050479176976,0.01621170402627304,0.017486357573369103,0.01876101112046516,0.020035664667561223,0.021310318214657287,0.02258497176175335,0.023859625308849414,0.02513427885594547,0.02640893240304154,0.02768358595013759,0.028958239497233654,0.030232893044329717,0.03150754659142578,0.032782200138521844,0.03405685368561791,0.03533150723271397,0.036606160779810035,0.0378808143269061,0.03915546787400215,0.04043012142109821,0.041704774968194275,0.04297942851529034,0.0442540820623864]},"val_acc":0.09033333333333333,"weights/layer_2":{"values":[1,0,1,0,0,0,3,4,1,3,2,13,14,19,17,26,27,33,44,56,54,66,83,93,91,122,131,154,149,169,175,191,192,181,178,155,179,176,159,156,122,133,104,99,71,97,73,61,41,32,32,25,21,11,15,14,9,4,2,3,2,4,1,2],