{"epoch":10,"weights/layer_2":{"_type":"histogram","values":[1,1,0,0,2,2,2,2,4,6,5,3,14,6,9,11,18,26,19,29,33,39,34,51,61,74,98,97,152,202,1838,340,169,129,102,73,62,67,56,42,27,26,35,22,24,15,17,8,10,8,8,5,2,1,2,1,2,0,1,0,0,1,1,1],"bins":[-0.00010730304656515665,-0.00010381493155674615,-0.00010032681654833564,-9.683870153992513e-05,-9.335058653151462e-05,-8.986247152310412e-05,-8.637435651469362e-05,-8.28862415062831e-05,-7.93981264978726e-05,-7.59100114894621e-05,-7.242189648105159e-05,-6.893378147264109e-05,-6.544566646423059e-05,-6.195755145582007e-05,-5.846943644740957e-05,-5.498132143899906e-05,-5.1493206430588555e-05,-4.800509142217805e-05,-4.451697641376754e-05,-4.102886140535704e-05,-3.7540746396946524e-05,-3.4052631388536023e-05,-3.056451638012552e-05,-2.7076401371715008e-05,-2.3588286363304507e-05,-2.0100171354894006e-05,-1.6612056346483492e-05,-1.3123941338072991e-05,-9.63582632966249e-06,-6.147711321251976e-06,-2.659596312841475e-06,8.285186955690396e-07,4.3166337039795405e-06,7.804748712390041e-06,1.1292863720800556e-05,1.4780978729211057e-05,1.826909373762157e-05,2.175720874603206e-05,2.5245323754442573e-05,2.8733438762853087e-05,3.22215537712636e-05,3.570966877967409e-05,3.9197783788084604e-05,4.268589879649512e-05,4.6174013804905605e-05,4.966212881331612e-05,5.3150243821726634e-05,5.663835883013712e-05,6.0126473838547636e-05,6.361458884695815e-05,6.710270385536864e-05,7.059081886377915e-05,7.407893387218967e-05,7.756704888060015e-05,8.105516388901067e-05,8.454327889742118e-05,8.803139390583167e-05,9.151950891424218e-05,9.50076239226527e-05,9.849573893106321e-05,0.0001019838539394737,0.00010547196894788422,0.00010896008395629473,0.00011244819896470522,0.00011593631397311575]},"weights/layer_1":{"values":[1,1,3,4,5,4,17,11,13,25,11,20,28,25,36,37,46,43,53,65,65,73,81,110,115,134,140,207,197,435,443,240,201,146,111,118,122,102,73,80,79,49,55,39,43,27,27,27,16,21,19,6,14,3,8,8,7,3,0,0,1,1,1,1],"bins":[-8.498955496181119e-05,-8.215468433259125e-05,-7.93198137033713e-05,-7.648494307415136e-05,-7.365007244493143e-05,-7.081520181571149e-05,-6.798033118649154e-05,-6.51454605572716e-05,-6.231058992805166e-05,-5.947571929883173e-05,-5.6640848669611786e-05,-5.380597804039184e-05,-5.09711074111719e-05,-4.8136236781951964e-05,-4.530136615273202e-05,-4.2466495523512085e-05,-3.963162489429214e-05,-3.67967542650722e-05,-3.396188363585226e-05,-3.112701300663232e-05,-2.8292142377412384e-05,-2.545727174819244e-05,-2.2622401118972498e-05,-1.9787530489752555e-05,-1.6952659860532612e-05,-1.4117789231312682e-05,-1.128291860209274e-05,-8.448047972872797e-06,-5.613177343652854e-06,-2.7783067144329106e-06,5.656391478701874e-08,2.8914345440069617e-06,5.726305173226905e-06,8.561175802446848e-06,1.139604643166679e-05,1.423091706088672e-05,1.7065787690106663e-05,1.9900658319326606e-05,2.273552894854655e-05,2.557039957776649e-05,2.840527020698642e-05,3.1240140836206364e-05,3.407501146542631e-05,3.690988209464625e-05,3.974475272386619e-05,4.257962335308612e-05,4.541449398230608e-05,4.824936461152601e-05,5.1084235240745964e-05,5.3919105869965894e-05,5.675397649918582e-05,5.958884712840578e-05,6.242371775762571e-05,6.525858838684567e-05,6.80934590160656e-05,7.092832964528552e-05,7.376320027450548e-05,7.659807090372541e-05,7.943294153294537e-05,8.22678121621653e-05,8.510268279138523e-05,8.793755342060518e-05,9.077242404982511e-05,9.360729467904507e-05,9.644216530826498e-05],"_type":"histogram"},"biases/layer_2":{"_type":"histogram","values":[1,0,0,0,0,0,0,0,0,0,0,0,0,0,0,0,0,1,0,0,0,0,0,0,0,0,1,0,0,0,0,0,0,1,0,0,1,1,1,1,46,4,1,1,0,0,0,0,0,1,0,2,0,0,0,0,0,0,0,0,0,0,0,1],"bins":[-0.0010409267017088835,-0.001015402587257466,-0.0009898784728060487,-0.0009643543583546311,-0.0009388302439032137,-0.0009133061294517963,-0.0008877820150003788,-0.0008622579005489613,-0.0008367337860975439,-0.0008112096716461265,-0.000785685557194709,-0.0007601614427432915,-0.0007346373282918742,-0.0007091132138404568,-0.0006835890993890393,-0.0006580649849376218,-0.0006325408704862044,-0.000607016756034787,-0.0005814926415833695,-0.000555968527131952,-0.0005304444126805346,-0.0005049202982291172,-0.00047939618377769975,-0.00045387206932628226,-0.00042834795487486487,-0.0004028238404234475,-0.00037729972597203,-0.0003517756115206125,-0.0003262514970691951,-0.0003007273826177777,-0.0002752032681663602,-0.00024967915371494273,-0.00022415503926352534,-0.00019863092481210796,-0.00017310681036069046,-0.00014758269590927297,-0.00012205858145785558,-9.65344670064382e-05,-7.10103525550207e-05,-4.5486238103603204e-05,-1.9962123652185818e-05,5.561990799231569e-06,3.1086105250648956e-05,5.661021970206656e-05,8.213433415348395e-05,0.00010765844860490133,0.00013318256305631894,0.00015870667750773632,0.0001842307919591537,0.0002097549064105711,0.00023527902086198848,0.0002608031353134061,0.00028632724976482347,0.00031185136421624086,0.00033737547866765846,0.00036289959311907585,0.00038842370757049324,0.0004139478220219106,0.000439471936473328,0.0004649960509247456,0.000490520165376163,0.0005160442798275804,0.000541568394278998,0.0005670925087304154,0.0005926166231818329]},"confusion_matrix_table":{"ncols":3,"nrows":100,"_type":"table-file","sha256":"0e0a3e12d8de0bf8bb382b4baa65b12a8c31db4189b15dcbb54f1d07fd73ca2e","size":3002,"artifact_path":"wandb-client-artifact://2pa0wei28yoeh2krbhscds5ire6nhp0yefifrhtwf7hxd22zxpqfasshw8j2a658mpqqnn0gxd6w47b4yivld63c1tep3tgw6g1tv7kmfldl702dplo367j6l71lyw1e/confusion_matrix_table.table.json","_latest_artifact_path":"wandb-client-artifact://jmi2tqb9nhfz0b11jegijl42n3qstqfb1nmcdw7oqnihlutf7xspiy84q0orj7w4m0rlzvbfix1uiiphipcj2j8gdeohvr0lna89nl7cz8nbg4xi3d2zs6ctrthufle4:latest/confusion_matrix_table.table.json","path":"media/table/confusion_matrix_table_14_0e0a3e12d8de0bf8bb38.table.json"},"weights/layer_3":{"values":[1,0,0,0,0,0,0,0,1,0,0,0,0,0,0,2,0,0,2,1,0,0,2,0,0,0,0,1,0,1,3,6,20,7,37,492,18,17,7,10,2,0,1,0,0,1,0,0,1,0,0,0,0,0,1,0,0,2,3,0,0,0,0,1],"bins":[-0.0009729693914558898,-0.0009454205945636106,-0.0009178717976713312,-0.000890323000779052,-0.0008627742038867727,-0.0008352254069944934,-0.0008076766101022142,-0.000780127813209935,-0.0007525790163176556,-0.0007250302194253763,-0.0006974814225330971,-0.0006699326256408178,-0.0006423838287485386,-0.0006148350318562593,-0.00058728623496398,-0.0005597374380717007,-0.0005321886411794215,-0.0005046398442871422,-0.0004770910473948629,-0.00044954225050258367,-0.00042199345361030433,-0.0003944446567180251,-0.00036689585982574587,-0.00033934706293346653,-0.0003117982660411873,-0.00028424946914890807,-0.00025670067225662873,-0.0002291518753643495,-0.00020160307847207027,-0.00017405428157979093,-0.0001465054846875117,-0.00011895668779523237,-9.140789090295314e-05,-6.38590940106739e-05,-3.631029711839457e-05,-8.761500226115338e-06,1.8787296666164e-05,4.633609355844323e-05,7.388489045072246e-05,0.00010143368734300169,0.00012898248423528114,0.00015653128112756037,0.0001840800780198396,0.00021162887491211883,0.00023917767180439806,0.0002667264686966773,0.00029427526558895674,0.00032182406248123597,0.0003493728593735152,0.0003769216562657944,0.00040447045315807366,0.0004320192500503531,0.00045956804694263233,0.00048711684383491156,0.0005146656407271908,0.00054221443761947,0.0005697632345117493,0.0005973120314040287,0.0006248608282963079,0.0006524096251885872,0.0006799584220808664,0.0007075072189731456,0.0007350560158654251,0.0007626048127577043,0.0007901536096499836],"_type":"histogram"},"biases/layer_3":{"_type":"histogram","values":[1,0,0,0,0,0,0,0,0,0,0,0,0,0,0,1,0,1,0,0,0,0,1,0,1,1,0,0,0,0,0,0,0,1,0,0,0,1,1,0,0,0,0,0,0,0,0,0,0,0,0,0,0,0,0,0,0,0,0,0,0,0,0,1],