{"biases/layer_2":{"values":[2,0,1,0,2,1,1,2,0,1,4,0,0,0,0,1,1,0,0,0,0,0,1,0,0,0,1,1,0,2,0,0,1,1,0,1,1,0,0,1,0,0,0,0,0,0,0,0,0,0,0,0,0,1,1,0,1,1,0,0,1,0,0,1],"bins":[-1.2217636167794301,-1.18323994905374,-1.1447162813280498,-1.1061926136023597,-1.0676689458766695,-1.0291452781509793,-0.9906216104252893,-0.9520979426995991,-0.913574274973909,-0.8750506072482188,-0.8365269395225287,-0.7980032717968386,-0.7594796040711485,-0.7209559363454583,-0.6824322686197681,-0.643908600894078,-0.6053849331683878,-0.5668612654426977,-0.5283375977170075,-0.48981392999131734,-0.4512902622656272,-0.41276659453993714,-0.374242926814247,-0.3357192590885568,-0.29719559136286666,-0.2586719236371765,-0.22014825591148646,-0.1816245881857963,-0.14310092046010614,-0.10457725273441598,-0.06605358500872582,-0.027529917283035665,0.010993750442654493,0.04951741816834465,0.08804108589403481,0.12656475361972497,0.16508842134541513,0.20361208907110528,0.24213575679679544,0.2806594245224856,0.31918309224817576,0.3577067599738657,0.39623042769955585,0.434754095425246,0.47327776315093617,0.5118014308766263,0.5503250986023165,0.5888487663280066,0.6273724340536968,0.665896101779387,0.7044197695050771,0.7429434372307673,0.7814671049564572,0.8199907726821476,0.8585144404078375,0.8970381081335279,0.9355617758592178,0.9740854435849082,1.0126091113105982,1.0511327790362885,1.0896564467619785,1.1281801144876689,1.1667037822133588,1.2052274499390492,1.2437511176647393],"_type":"histogram"},"biases/layer_0":{"_type":"histogram","values":[1,0,1,0,1,1,1,0,0,1,0,0,1,0,1,1,0,1,1,1,0,1,0,1,0,1,1,0,0,1,1,1,0,0,1,0,0,0,1,0,0,0,0,1,1,0,1,0,0,1,0,1,0,1,1,0,0,0,1,0,1,0,1,1],"bins":[-1.8304939818532517,-1.7752059232859765,-1.7199178647187012,-1.664629806151426,-1.6093417475841507,-1.5540536890168752,-1.4987656304496,-1.4434775718823247,-1.3881895133150495,-1.3329014547477742,-1.277613396180499,-1.2223253376132237,-1.1670372790459482,-1.1117492204786732,-1.0564611619113977,-1.0011731033441225,-0.9458850447768472,-0.890596986209572,-0.8353089276422967,-0.7800208690750214,-0.7247328105077462,-0.6694447519404707,-0.6141566933731955,-0.5588686348059202,-0.5035805762386449,-0.4482925176713697,-0.39300445910409443,-0.3377164005368192,-0.2824283419695437,-0.22714028340226844,-0.17185222483499318,-0.11656416626771793,-0.06127610770044267,-0.005988049133167417,0.04930000943410784,0.1045880680013831,0.15987612656865835,0.21516418513593383,0.27045224370320886,0.32574030227048434,0.3810283608377594,0.43631641940503485,0.4916044779723103,0.5468925365395854,0.6021805951068608,0.6574686536741359,0.7127567122414113,0.7680447708086864,0.8233328293759619,0.8786208879432373,0.9339089465105124,0.9891970050777878,1.0444850636450629,1.0997731222123384,1.1550611807796134,1.2103492393468889,1.2656372979141643,1.3209253564814394,1.3762134150487149,1.43150147361599,1.4867895321832654,1.5420775907505404,1.5973656493178159,1.652653707885091,1.7079417664523662]},"val_loss":1.247239347633738,"confusion_matrix_table":{"_type":"table-file","sha256":"7f4268ada27f65b436b0afe24143ab93fd715e09e2afced2405ccd3d79aa177b","size":3031,"artifact_path":"wandb-client-artifact://kvjke6cc5e147wo06znlglyxa8ovii60m51pl29by3utn9cpizj4i2va82fi38t38s9axilpf209gf2ey9yb65tlwvkw0h40uu8tom660g5jhwlckgmlopjj5uujlhg2/confusion_matrix_table.table.json","_latest_artifact_path":"wandb-client-artifact://7ksj93lnmu3gdbu4h0mucge3cu1pes4p2vmh70wgoucz5br4l5lw7lt46lz8rwhja7ltorvpls0uqxj7od1ghckmkzkodww93pwud5h0ghq6qycaybh0gmv86l0p18hv:latest/confusion_matrix_table.table.json","path":"media/table/confusion_matrix_table_16_7f4268ada27f65b436b0.table.json","ncols":3,"nrows":100},"biases/layer_1":{"bins":[-1.7418181699344348,-1.6868752291529523,-1.6319322883714698,-1.5769893475899872,-1.5220464068085044,-1.467103466027022,-1.4121605252455394,-1.3572175844640568,-1.302274643682574,-1.2473317029010915,-1.192388762119609,-1.1374458213381264,-1.082502880556644,-1.0275599397751614,-0.9726169989936787,-0.917674058212196,-0.8627311174307135,-0.807788176649231,-0.7528452358677483,-0.6979022950862657,-0.6429593543047831,-0.5880164135233006,-0.533073472741818,-0.4781305319603355,-0.42318759117885296,-0.3682446503973702,-0.31330170961588766,-0.2583587688344051,-0.20341582805292258,-0.14847288727144003,-0.09352994648995727,-0.03858700570847473,0.01635593507300781,0.07129887585449035,0.1262418166359729,0.18118475741745566,0.2361276981989382,0.2910706389804205,0.3460135797619035,0.40095652054338604,0.4558994613248686,0.5108424021063511,0.5657853428878337,0.6207282836693162,0.6756712244507987,0.7306141652322813,0.7855571060137638,0.8405000467952464,0.8954429875767289,0.9503859283582119,1.0053288691396944,1.060271809921177,1.1152147507026595,1.170157691484142,1.2251006322656246,1.2800435730471071,1.3349865138285897,1.3899294546100722,1.4448723953915548,1.4998153361730377,1.5547582769545203,1.6097012177360028,1.6646441585174854,1.719587099298968,1.7745300400804502],"_type":"histogram","values":[3,0,0,0,0,0,0,0,0,0,0,0,0,1,1,0,1,1,0,1,0,0,2,2,1,0,1,0,0,0,0,1,0,1,0,1,0,1,0,1,5,0,1,1,2,0,1,0,0,0,0,1,1,0,0,0,0,0,0,0,0,0,0,1]},"biases/layer_3":{"bins":[-1.799170065499743,-1.7482842491170578,-1.6973984327343727,-1.6465126163516879,-1.5956267999690028,-1.5447409835863177,-1.4938551672036327,-1.4429693508209476,-1.3920835344382625,-1.3411977180555776,-1.2903119016728926,-1.2394260852902075,-1.1885402689075224,-1.1376544525248375,-1.0867686361421525,-1.0358828197594674,-0.9849970033767823,-0.9341111869940972,-0.8832253706114123,-0.8323395542287272,-0.7814537378460422,-0.7305679214633571,-0.6796821050806721,-0.628796288697987,-0.5779104723153019,-0.527024655932617,-0.47613883954993197,-0.4252530231672469,-0.3743672067845618,-0.32348139040187673,-0.2725955740191919,-0.2217097576365068,-0.17082394125382172,-0.11993812487113664,-0.06905230848845156,-0.018166492105766707,0.03271932427691837,0.08360514065960345,0.13449095704228853,0.1853767734249736,0.23626258980765846,0.28714840619034354,0.3380342225730286,0.3889200389557137,0.4398058553383988,0.49069167172108386,0.5415774881037689,0.592463304486454,0.6433491208691391,0.6942349372518237,0.7451207536345088,0.7960065700171939,0.846892386399879,0.897778202782564,0.9486640191652491,0.9995498355479342,1.0504356519306193,1.1013214683133044,1.1522072846959894,1.203093101078674,1.2539789174613591,1.3048647338440442,1.3557505502267293,1.4066363666094144,1.4575221829920997],"_type":"histogram","values":[1,0,0,0,1,1,0,0,0,0,0,0,0,0,0,1,0,1,0,0,0,0,0,0,2,1,2,2,3,0,0,0,1,3,2,0,0,0,2,0,0,1,2,0,2,0,0,0,1,0,0,0,0,0,0,0,0,1,0,0,0,0,0,2]},"train_loss":1.2471725310126107,"val_acc":0.5148333333333334,"weights/layer_5":{"values":[1,1,0,1,2,1,3,1,1,1,1,1,2,0,1,4,2,1,6,7,7,5,10,14,6,19,16,15,13,11,5,13,8,16,17,16,16,14,6,8,8,8,9,4,3,1,3,6,1,2,0,0,0,0,1,0,0,0,0,0,1,0,0,1],