{"biases/layer_3":{"_type":"histogram","values":[1,0,0,1,2,2,0,3,2,2,1,2,3,4,1,2,0,3,1,3,1,1,3,0,2,1,1,2,1,1,2,5,5,3,3,2,1,4,5,6,4,2,1,1,1,4,2,0,0,1,1,3,1,4,2,3,0,3,2,2,0,2,2,5],"bins":[-0.8817620164707087,-0.8556414888351057,-0.8295209611995028,-0.8034004335638998,-0.7772799059282969,-0.7511593782926939,-0.7250388506570908,-0.6989183230214879,-0.672797795385885,-0.646677267750282,-0.620556740114679,-0.5944362124790761,-0.5683156848434731,-0.54219515720787,-0.5160746295722671,-0.48995410193666417,-0.4638335743010612,-0.43771304666545824,-0.4115925190298553,-0.3854719913942523,-0.35935146375864935,-0.33323093612304633,-0.3071104084874434,-0.2809898808518404,-0.2548693532162374,-0.22874882558063447,-0.20262829794503145,-0.17650777030942855,-0.15038724267382553,-0.12426671503822262,-0.0981461874026196,-0.07202565976701669,-0.04590513213141367,-0.019784604495810654,0.006335923139792254,0.032456450775395274,0.05857697841099818,0.0846975060466012,0.11081803368220411,0.13693856131780713,0.16305908895341004,0.18917961658901317,0.21530014422461607,0.24142067186021898,0.2675411994958219,0.293661727131425,0.31978225476702793,0.34590278240263084,0.37202331003823397,0.3981438376738369,0.4242643653094398,0.4503848929450427,0.4765054205806458,0.5026259482162487,0.5287464758518516,0.5548670034874545,0.5809875311230577,0.6071080587586606,0.6332285863942635,0.6593491140298666,0.6854696416654695,0.7115901693010724,0.7377106969366753,0.7638312245722785,0.7899517522078814]},"weights/layer_3":{"values":[1,0,0,0,0,1,2,5,4,2,5,1,13,8,18,16,32,28,60,66,84,113,149,225,299,404,554,621,800,992,1090,1194,1288,1314,1289,1139,986,801,632,542,407,289,218,171,156,96,59,48,46,28,23,18,16,5,9,5,5,2,3,0,1,0,0,1],"bins":[-0.6201426132604311,-0.6013673293014763,-0.5825920453425215,-0.5638167613835667,-0.545041477424612,-0.5262661934656572,-0.5074909095067024,-0.48871562554774756,-0.4699403415887928,-0.451165057629838,-0.4323897736708832,-0.4136144897119284,-0.3948392057529736,-0.3760639217940188,-0.35728863783506404,-0.33851335387610926,-0.3197380699171545,-0.3009627859581997,-0.2821875019992449,-0.26341221804029014,-0.24463693408133536,-0.22586165012238052,-0.20708636616342574,-0.18831108220447096,-0.16953579824551618,-0.1507605142865614,-0.13198523032760662,-0.11320994636865178,-0.094434662409697,-0.07565937845074222,-0.05688409449178744,-0.03810881053283266,-0.01933352657387788,-0.000558242614923099,0.01821704134403168,0.03699232530298646,0.05576760926194124,0.07454289322089602,0.0933181771798508,0.11209346113880558,0.13086874509776036,0.14964402905671526,0.16841931301567004,0.18719459697462482,0.2059698809335796,0.22474516489253438,0.24352044885148916,0.26229573281044394,0.2810710167693987,0.2998463007283535,0.3186215846873083,0.33739686864626306,0.35617215260521784,0.3749474365641726,0.3937227205231275,0.4124980044820823,0.4312732884410371,0.45004857239999185,0.46882385635894663,0.4875991403179014,0.5063744242768562,0.525149708235811,0.5439249921947658,0.5627002761537205,0.5814755601126754],"_type":"histogram"},"biases/layer_4":{"values":[1,0,3,3,1,0,0,0,2,2,4,3,1,2,2,0,0,1,1,4,4,4,1,2,2,3,4,5,2,6,2,7,3,3,5,2,1,4,5,3,0,3,1,1,0,0,4,3,1,3,2,3,0,0,1,0,2,0,1,1,1,1,0,2],"bins":[-0.8612253359298208,-0.8356648496846641,-0.8101043634395074,-0.7845438771943508,-0.7589833909491941,-0.7334229047040375,-0.7078624184588809,-0.6823019322137241,-0.6567414459685674,-0.6311809597234108,-0.6056204734782542,-0.5800599872330975,-0.5544995009879409,-0.5289390147427842,-0.5033785284976275,-0.4778180422524709,-0.4522575560073142,-0.42669706976215754,-0.4011365835170009,-0.3755760972718442,-0.35001561102668755,-0.32445512478153093,-0.2988946385363742,-0.2733341522912176,-0.247773666046061,-0.22221317980090427,-0.19665269355574766,-0.17109220731059094,-0.14553172106543433,-0.1199712348202776,-0.094410748575121,-0.06885026232996427,-0.04328977608480766,-0.017729289839651052,0.00783119640550567,0.03339168265066228,0.058952168895819,0.08451265514097561,0.11007314138613233,0.13563362763128894,0.16119411387644567,0.18675460012160228,0.2123150863667589,0.2378755726119155,0.26343605885707233,0.28899654510222894,0.31455703134738555,0.34011751759254216,0.3656780038376988,0.3912384900828556,0.4167989763280122,0.4423594625731688,0.46791994881832544,0.49348043506348227,0.5190409213086389,0.5446014075537955,0.5701618937989521,0.5957223800441087,0.6212828662892655,0.6468433525344222,0.6724038387795788,0.6979643250247354,0.7235248112698922,0.7490852975150488,0.7746457837602053],"_type":"histogram"},"weights/layer_4":{"bins":[-0.4571378894712895,-0.4411707147119098,-0.42520353995253,-0.40923636519315026,-0.3932691904337705,-0.3773020156743908,-0.36133484091501106,-0.3453676661556313,-0.32940049139625155,-0.3134333166368718,-0.29746614187749204,-0.2814989671181123,-0.2655317923587326,-0.2495646175993528,-0.23359744283997308,-0.21763026808059333,-0.20166309332121357,-0.18569591856183382,-0.16972874380245406,-0.1537615690430743,-0.13779439428369455,-0.12182721952431486,-0.1058600447649351,-0.08989287000555535,-0.0739256952461756,-0.05795852048679584,-0.041991345727416085,-0.02602417096803633,-0.010056996208656632,0.005910178550723122,0.021877353310102876,0.03784452806948263,0.053811702828862384,0.06977887758824208,0.08574605234762189,0.10171322710700159,0.1176804018663814,0.1336475766257611,0.1496147513851409,0.1655819261445206,0.18154910090390042,0.19751627566328012,0.21348345042265982,0.22945062518203962,0.24541779994141932,0.26138497470079913,0.27735214946017883,0.29331932421955864,0.30928649897893834,0.32525367373831804,0.34122084849769785,0.35718802325707755,0.37315519801645736,0.38912237277583706,0.40508954753521687,0.42105672229459656,0.43702389705397626,0.45299107181335607,0.46895824657273577,0.4849254213321156,0.5008925960914953,0.5168597708508751,0.5328269456102548,0.5487941203696346,0.5647612951290142],"_type":"histogram","values":[1,0,1,1,3,2,6,3,6,18,19,26,26,36,55,83,101,150,194,217,306,412,534,593,861,1038,1227,1330,1421,1387,1253,1102,909,710,543,455,324,262,196,136,114,84,54,43,46,27,21,14,13,6,7,2,2,1,0,2,0,0,0,0,0,0,0,1]},"confusion_matrix_table":{"sha256":"10fe55b8185ba448a0246151d9ac8c297370e9f05cdcf729f2c11dc5032fbeb8","size":3031,"artifact_path":"wandb-client-artifact://eichkeenftbqtdyownyqqi85oqlg1jm1ea6nk766fvt49vn0865dku8301xs23o3sgf5c6i64oo1twnazebdg7t090lo75s4g9ag5b73dzuwbqoj6syrp2ryxmurldwo/confusion_matrix_table.table.json","_latest_artifact_path":"wandb-client-artifact://hah7h2n7yu1ve63x6obtj0bu74frha0dih9f2458qakpk0m1xgaznii43qauvjxvmq3zwhztn5j1d3pt8fopjbvmx7yl5n49f9i90gk6ye36fikcavrjh43641jcqfx8:latest/confusion_matrix_table.table.json","path":"media/table/confusion_matrix_table_21_10fe55b8185ba448a024.table.json","ncols":3,"nrows":100,"_type":"table-file"},"_wandb":{"runtime":204},"weights/layer_0":{"_type":"histogram","values":[2,1,1,1,4,3,3,5,12,11,16,21,15,30,50,62,81,118,164,193,255,376,564,725,950,1251,1719,2379,3203,4230,5394,6601,8074,9183,9693,9111,8157,6725,5479,4047,3030,2199,1603,1198,948,631,498,393,261,177,115,93,98,50,47,32,12,17,10,9,11,6,4,1],