{"biases/layer_0":{"bins":[-1.196774187708071,-1.1780797919071915,-1.159385396106312,-1.1406910003054325,-1.1219966045045529,-1.1033022087036732,-1.0846078129027938,-1.0659134171019142,-1.0472190213010346,-1.0285246255001552,-1.0098302296992756,-0.991135833898396,-0.9724414380975165,-0.953747042296637,-0.9350526464957574,-0.9163582506948779,-0.8976638548939984,-0.8789694590931187,-0.8602750632922391,-0.8415806674913597,-0.8228862716904801,-0.8041918758896005,-0.785497480088721,-0.7668030842878415,-0.7481086884869619,-0.7294142926860824,-0.7107198968852029,-0.6920255010843233,-0.6733311052834438,-0.6546367094825641,-0.6359423136816846,-0.617247917880805,-0.5985535220799255,-0.579859126279046,-0.5611647304781664,-0.5424703346772869,-0.5237759388764073,-0.5050815430755278,-0.48638714727464827,-0.46769275147376865,-0.44899835567288915,-0.43030395987200953,-0.41160956407113003,-0.3929151682702505,-0.3742207724693709,-0.3555263766684914,-0.3368319808676118,-0.3181375850667323,-0.29944318926585267,-0.28074879346497317,-0.26205439766409366,-0.24336000186321405,-0.22466560606233454,-0.20597121026145493,-0.18727681446057542,-0.1685824186596958,-0.14988802285881642,-0.1311936270579368,-0.11249923125705719,-0.0938048354561778,-0.07511043965529818,-0.05641604385441856,-0.03772164805353895,-0.019027252252659554,-0.0003328564517799264],"_type":"histogram","values":[1,0,0,1,0,0,0,1,0,0,1,0,1,1,4,3,2,5,4,1,2,1,3,2,1,2,2,0,1,1,0,2,2,2,0,0,3,4,0,3,2,1,0,1,0,0,0,0,0,0,0,0,0,0,0,0,0,1,0,0,0,1,1,1]},"biases/layer_1":{"_type":"histogram","values":[8,6,7,9,5,3,2,4,1,3,0,0,1,1,1,1,0,0,0,0,0,0,0,0,0,0,0,0,0,0,0,0,0,1,0,1,0,0,0,0,0,0,1,1,0,1,0,0,0,1,0,0,0,2,0,1,1,0,0,1,0,0,0,1],"bins":[-1.8239783785353607,-1.7838134360438942,-1.7436484935524277,-1.7034835510609612,-1.6633186085694944,-1.623153666078028,-1.5829887235865614,-1.5428237810950949,-1.5026588386036284,-1.4624938961121616,-1.4223289536206951,-1.3821640111292286,-1.341999068637762,-1.3018341261462956,-1.261669183654829,-1.2215042411633625,-1.181339298671896,-1.1411743561804295,-1.1010094136889628,-1.0608444711974963,-1.0206795287060297,-0.9805145862145631,-0.9403496437230966,-0.9001847012316301,-0.8600197587401635,-0.8198548162486969,-0.7796898737572304,-0.7395249312657639,-0.6993599887742974,-0.6591950462828307,-0.6190301037913641,-0.5788651612998976,-0.5387002188084311,-0.4985352763169646,-0.4583703338254981,-0.41820539133403156,-0.3780404488425648,-0.3378755063510983,-0.2977105638596318,-0.2575456213681653,-0.21738067887669876,-0.17721573638523225,-0.1370507938937655,-0.096885851402299,-0.05672090891083248,-0.016555966419365964,0.02360897607210055,0.06377391856356707,0.1039388610550338,0.14410380354650032,0.18426874603796684,0.22443368852943335,0.26459863102089987,0.3047635735123664,0.3449285160038329,0.3850934584952994,0.4252584009867659,0.46542334347823244,0.5055882859696994,0.5457532284611659,0.5859181709526324,0.626083113444099,0.6662480559355655,0.706412998427032,0.7465779409184984]},"biases/layer_2":{"_type":"histogram","values":[2,1,1,0,2,3,2,0,3,0,2,4,2,5,0,0,1,1,1,1,0,0,1,4,0,2,1,0,1,0,0,3,1,0,2,2,1,2,1,0,1,0,0,1,0,0,1,0,0,0,0,0,1,2,0,1,0,0,1,1,1,0,1,1],"bins":[-1.6462230924951835,-1.641008164812803,-1.6357932371304222,-1.6305783094480417,-1.6253633817656612,-1.6201484540832805,-1.6149335264009,-1.6097185987185194,-1.6045036710361387,-1.5992887433537581,-1.5940738156713776,-1.5888588879889969,-1.5836439603066164,-1.5784290326242358,-1.573214104941855,-1.5679991772594746,-1.562784249577094,-1.5575693218947133,-1.5523543942123328,-1.5471394665299523,-1.5419245388475715,-1.536709611165191,-1.5314946834828105,-1.5262797558004297,-1.5210648281180492,-1.5158499004356687,-1.5106349727532882,-1.5054200450709074,-1.500205117388527,-1.4949901897061464,-1.4897752620237656,-1.4845603343413851,-1.4793454066590046,-1.4741304789766239,-1.4689155512942433,-1.4637006236118628,-1.458485695929482,-1.4532707682471016,-1.448055840564721,-1.4428409128823403,-1.4376259851999598,-1.4324110575175792,-1.4271961298351985,-1.421981202152818,-1.4167662744704375,-1.4115513467880567,-1.4063364191056762,-1.4011214914232957,-1.395906563740915,-1.3906916360585344,-1.3854767083761539,-1.3802617806937731,-1.3750468530113926,-1.369831925329012,-1.3646169976466314,-1.3594020699642508,-1.3541871422818703,-1.3489722145994896,-1.343757286917109,-1.3385423592347285,-1.3333274315523478,-1.3281125038699673,-1.3228975761875867,-1.317682648505206,-1.3124677208228255]},"val_loss":0.5798186278866425,"_timestamp":1.741524924038118e+09,"weights/layer_2":{"_type":"histogram","values":[4,4,4,9,7,7,18,11,23,18,23,27,37,27,28,29,24,33,24,29,47,40,37,39,18,23,40,31,35,47,29,47,26,29,52,27,78,113,152,130,140,151,124,185,240,285,247,303,250,228,148,94,83,58,49,28,16,16,7,3,6,3,3,3],"bins":[-1.2844661570095914,-1.2529006786998864,-1.2213352003901814,-1.1897697220804764,-1.1582042437707716,-1.1266387654610666,-1.0950732871513615,-1.0635078088416565,-1.0319423305319515,-1.0003768522222465,-0.9688113739125415,-0.9372458956028366,-0.9056804172931315,-0.8741149389834265,-0.8425494606737216,-0.8109839823640166,-0.7794185040543116,-0.7478530257446065,-0.7162875474349015,-0.6847220691251966,-0.6531565908154916,-0.6215911125057866,-0.5900256341960817,-0.5584601558863767,-0.5268946775766716,-0.4953291992669666,-0.4637637209572616,-0.4321982426475567,-0.40063276433785167,-0.36906728602814665,-0.33750180771844174,-0.3059363294087367,-0.2743708510990317,-0.24280537278932668,-0.21123989447962166,-0.17967441616991664,-0.14810893786021162,-0.11654345955050682,-0.0849779812408018,-0.053412502931096784,-0.021847024621391764,0.009718453688313256,0.041283931998018275,0.0728494103077233,0.10441488861742809,0.1359803669271331,0.16754584523683813,0.19911132354654315,0.23067680185624817,0.2622422801659532,0.2938077584756582,0.32537323678536323,0.35693871509506825,0.38850419340477305,0.42006967171447807,0.4516351500241831,0.4832006283338881,0.5147661066435931,0.5463315849532981,0.5778970632630032,0.609462541572708,0.641028019882413,0.672593498192118,0.704158976501823,0.735724454811528]},"epoch":5,"weights/layer_1":{"_type":"histogram","values":[8,3,3,4,3,3,0,6,1,6,1,6,8,8,7,9,5,7,25,63,68,39,70,74,153,211,213,182,361,281,403,316,319,199,195,156,147,172,68,51,46,32,8,19,13,21,29,27,12,14,4,2,1,1,1,2,1,2,2,1,1,1,1,1],"bins":[-1.0162265550354936,-0.9826879418168024,-0.9491493285981112,-0.91561071537942,-0.8820721021607287,-0.8485334889420375,-0.8149948757233463,-0.781456262504655,-0.7479176492859638,-0.7143790360672726,-0.6808404228485814,-0.6473018096298901,-0.613763196411199,-0.5802245831925078,-0.5466859699738166,-0.5131473567551254,-0.4796087435364341,-0.4460701303177429,-0.41253151709905167,-0.37899290388036044,-0.3454542906616692,-0.311915677442978,-0.27837706422428676,-0.24483845100559554,-0.21129983778690442,-0.1777612245682132,-0.14422261134952197,-0.11068399813083074,-0.07714538491213951,-0.04360677169344829,-0.01006815847475706,0.023470454743934166,0.05700906796262539,0.09054768118131662,0.12408629440000785,0.15762490761869907,0.1911635208373903,0.22470213405608153,0.25824074727477275,0.291779360493464,0.3253179737121552,0.35885658693084643,0.39239520014953766,0.4259338133682289,0.4594724265869201,0.49301103980561134,0.5265496530243026,0.5600882662429938,0.5936268794616848,0.627165492680376,0.6607041058990673,0.6942427191177585,0.7277813323364497,0.7613199455551409,0.7948585587738322,0.8283971719925234,0.8619357852112146,0.8954743984299058,0.9290130116485971,0.9625516248672883,0.9960902380859795,1.029628851304671,1.063167464523362,1.0967060777420534,1.1302446909607444]},"learning_rate":0.001,"weights/layer_3":{"_type":"histogram","values":[8,8,13,16,12,26,41,46,60,68,106,158,173,137,119,139,127,142,150,196,256,251,108,141,201,235,213,239,99,131,104,71,53,49,39,28,22,17,12,4,9,13,1,2,1,1,5,6,0,4,1,0,1,4,0,5,0,3,2,0,12,3,0,5],