{"_wandb":{"runtime":118},"epoch":9,"val_loss":0.7098089307309522,"val_acc":0.7381666666666666,"_timestamp":1.7414610630053988e+09,"_runtime":118.1247542,"_step":10}