{"_timestamp":1.7415268587568398e+09,"weights/layer_3":{"values":[1,0,0,0,0,0,0,1,3,1,1,0,2,2,4,2,8,4,8,6,6,9,1,10,11,6,5,13,13,10,6,8,9,12,13,11,15,17,7,14,9,6,8,10,6,2,4,7,4,4,4,1,2,0,1,6,0,3,0,0,3,0,0,1],"bins":[-0.025815179788019223,-0.025020982424827014,-0.024226785061634806,-0.023432587698442597,-0.022638390335250388,-0.021844192972058175,-0.021049995608865966,-0.020255798245673758,-0.01946160088248155,-0.01866740351928934,-0.01787320615609713,-0.017079008792904922,-0.016284811429712713,-0.015490614066520504,-0.014696416703328294,-0.013902219340136085,-0.013108021976943876,-0.012313824613751667,-0.011519627250559458,-0.010725429887367247,-0.009931232524175038,-0.00913703516098283,-0.00834283779779062,-0.007548640434598412,-0.006754443071406203,-0.005960245708213994,-0.005166048345021785,-0.0043718509818295725,-0.0035776536186373636,-0.0027834562554451547,-0.001989258892252946,-0.001195061529060737,-0.000400864165868528,0.0003933331973236809,0.0011875305605158898,0.0019817279237080987,0.0027759252869003076,0.0035701226500925165,0.004364320013284729,0.005158517376476938,0.005952714739669147,0.006746912102861356,0.0075411094660535645,0.008335306829245773,0.009129504192437982,0.009923701555630191,0.0107178989188224,0.011512096282014609,0.012306293645206818,0.013100491008399027,0.013894688371591236,0.014688885734783445,0.015483083097975654,0.016277280461167862,0.01707147782436008,0.017865675187552287,0.018659872550744496,0.019454069913936705,0.020248267277128914,0.021042464640321123,0.02183666200351333,0.02263085936670554,0.02342505672989775,0.02421925409308996,0.025013451456282167],"_type":"histogram"},"biases/layer_1":{"values":[1,0,1,0,1,0,0,0,0,0,0,0,1,2,0,0,0,0,2,0,0,0,1,1,1,1,0,1,0,1,1,0,1,1,2,0,0,0,0,0,0,0,2,2,2,1,1,1,1,0,0,1,0,0,0,0,0,0,0,0,0,0,1,1],"bins":[-1.016078453836386e-05,-9.852389045882793e-06,-9.543993553401727e-06,-9.235598060920659e-06,-8.927202568439591e-06,-8.618807075958524e-06,-8.310411583477458e-06,-8.00201609099639e-06,-7.693620598515322e-06,-7.385225106034255e-06,-7.076829613553188e-06,-6.7684341210721205e-06,-6.460038628591054e-06,-6.151643136109986e-06,-5.843247643628919e-06,-5.534852151147851e-06,-5.226456658666784e-06,-4.918061166185717e-06,-4.60966567370465e-06,-4.301270181223583e-06,-3.992874688742515e-06,-3.684479196261448e-06,-3.3760837037803804e-06,-3.0676882112993135e-06,-2.7592927188182466e-06,-2.450897226337179e-06,-2.142501733856111e-06,-1.834106241375045e-06,-1.5257107488939773e-06,-1.2173152564129096e-06,-9.089197639318418e-07,-6.005242714507758e-07,-2.92128778969708e-07,1.6266713511359733e-08,3.246622059924258e-07,6.330576984734935e-07,9.414531909545613e-07,1.249848683435629e-06,1.558244175916695e-06,1.8666396683977628e-06,2.1750351608788306e-06,2.4834306533598966e-06,2.7918261458409644e-06,3.100221638322032e-06,3.4086171308031e-06,3.717012623284166e-06,4.025408115765234e-06,4.333803608246301e-06,4.6421991007273674e-06,4.950594593208435e-06,5.258990085689503e-06,5.567385578170571e-06,5.875781070651638e-06,6.184176563132706e-06,6.4925720556137705e-06,6.800967548094838e-06,7.109363040575906e-06,7.417758533056974e-06,7.726154025538041e-06,8.03454951801911e-06,8.342945010500177e-06,8.651340502981241e-06,8.959735995462309e-06,9.268131487943377e-06,9.576526980424445e-06],"_type":"histogram"},"train_loss":2.3027405496928863,"val_loss":2.3027405496928863,"weights/layer_1":{"_type":"histogram","values":[1,0,0,0,2,4,1,2,3,1,4,4,6,10,8,5,8,14,17,18,15,18,15,32,17,24,30,25,54,38,32,34,42,42,41,37,39,42,36,33,36,40,25,22,19,20,18,20,14,11,7,2,5,5,2,3,4,6,3,3,1,2,1,1],"bins":[-0.03005737437293898,-0.029167222171372676,-0.028277069969806376,-0.027386917768240072,-0.02649676556667377,-0.025606613365107465,-0.024716461163541162,-0.023826308961974862,-0.022936156760408558,-0.022046004558842255,-0.021155852357275955,-0.02026570015570965,-0.019375547954143348,-0.018485395752577044,-0.01759524355101074,-0.01670509134944444,-0.015814939147878137,-0.014924786946311833,-0.01403463474474553,-0.01314448254317923,-0.012254330341612926,-0.011364178140046623,-0.010474025938480323,-0.009583873736914019,-0.008693721535347716,-0.007803569333781412,-0.0069134171322151085,-0.006023264930648808,-0.005133112729082505,-0.004242960527516201,-0.0033528083259499013,-0.0024626561243835977,-0.0015725039228172942,-0.0006823517212509907,0.00020780048031531287,0.001097952681881613,0.00198810488344792,0.0028782570850142165,0.00376840928658052,0.004658561488146824,0.005548713689713127,0.006438865891279431,0.007329018092845734,0.008219170294412038,0.009109322495978334,0.009999474697544638,0.010889626899110941,0.011779779100677245,0.012669931302243548,0.013560083503809852,0.014450235705376156,0.015340387906942459,0.016230540108508763,0.01712069231007506,0.018010844511641363,0.018900996713207666,0.01979114891477397,0.020681301116340273,0.021571453317906577,0.02246160551947288,0.023351757721039177,0.02424190992260548,0.025132062124171784,0.026022214325738088,0.02691236652730439]},"train_acc":0.09033333333333333,"epoch":15,"_step":20,"_wandb":{"runtime":19},"sample_predictions":{"filenames":["media/images/sample_predictions_20_606215d87f87b2f00799.png","media/images/sample_predictions_20_80c07028ea3856542be4.png","media/images/sample_predictions_20_9cf40359a3dec85636e5.png","media/images/sample_predictions_20_ce5b739914bcd72b66df.png","media/images/sample_predictions_20_07a347c11e27a0aa79ca.png","media/images/sample_predictions_20_d99b4985df3c791d3f16.png","media/images/sample_predictions_20_379b818d067226d80795.png","media/images/sample_predictions_20_1fed2768e0601d187e72.png","media/images/sample_predictions_20_736760c82067caaa8fe3.png","media/images/sample_predictions_20_26363bd2a04602ee6a04.png"],"captions":["True: 1, Pred: 7","True: 5, Pred: 7","True: 2, Pred: 7","True: 3, Pred: 7","True: 9, Pred: 7","True: 0, Pred: 7","True: 9, Pred: 7","True: 0, Pred: 7","True: 1, Pred: 7","True: 8, Pred: 7"],"_type":"images/separated","width":28,"height":28,"format":"png","count":10},"biases/layer_3":{"values":[1,0,0,0,0,0,0,0,0,0,0,0,0,0,1,0,0,0,1,1,1,0,0,0,0,1,0,0,0,0,0,1,0,0,0,0,0,1,0,0,1,0,0,0,0,0,0,0,0,0,0,0,0,0,0,0,0,0,0,0,0,0,0,1],"bins":[-0.00572802757315265,-0.005517988824547162,-0.005307950075941675,-0.005097911327336188,-0.0048878725787307,-0.004677833830125213,-0.004467795081519726,-0.004257756332914238,-0.004047717584308752,-0.003837678835703264,-0.0036276400870977766,-0.0034176013384922895,-0.0032075625898868023,-0.0029975238412813148,-0.0027874850926758277,-0.00257744634407034,-0.002367407595464853,-0.002157368846859366,-0.0019473300982538783,-0.0017372913496483912,-0.0015272526010429036,-0.001317213852437417,-0.0011071751038319293,-0.0008971363552264418,-0.0006870976066209551,-0.0004770588580154675,-0.00026702010940997997,-5.6981360804492405e-05,0.0001530573878009943,0.00036309613640648185,0.0005731348850119694,0.0007831736336174561,0.0009932123822229437,0.0012032511308284312,0.001413289879433918,0.0016233286280394055,0.001833367376644893,0.0020434061252503797,0.0022534448738558673,0.002463483622461355,0.0026735223710668424,0.00288356111967233,0.003093599868277816,0.0033036386168833034,0.003513677365488791,0.0037237161140942785,0.003933754862699766,0.004143793611305254,0.004353832359910739,0.004563871108516227,0.0047739098571217145,0.004983948605727202,0.00519398735433269,0.005404026102938177,0.005614064851543665,0.005824103600149151,0.006034142348754638,0.006244181097360126,0.006454219845965613,0.006664258594571101,0.006874297343176588,0.007084336091782074,0.007294374840387562,0.007504413588993049,0.007714452337598538],"_type":"histogram"},"val_acc":0.09033333333333333,"learning_rate":0.0001,"confusion_matrix_table":{"size":3002,"artifact_path":"wandb-client-artifact://cshiwrbbac5yw0ye8iy0av62xrcyvb7drfdmjk6teumff68s7jbyrndah268fynhne3x9zafwsrou4uvv6jfz2k8tmn9thfe5envnkkki03ktxcuztu8rrok4hf6s36y/confusion_matrix_table.table.json",