{"_step":21,"_runtime":80.9859246,"_timestamp":1.7415276247528336e+09,"biases/layer_3":{"bins":[-0.6028493916721944,-0.5850362944142181,-0.5672231971562418,-0.5494100998982655,-0.5315970026402892,-0.5137839053823128,-0.49597080812433647,-0.47815771086636016,-0.46034461360838386,-0.44253151635040755,-0.42471841909243124,-0.4069053218344549,-0.3890922245764786,-0.37127912731850227,-0.3534660300605259,-0.3356529328025496,-0.3178398355445733,-0.300026738286597,-0.2822136410286207,-0.2644005437706443,-0.246587446512668,-0.2287743492546917,-0.21096125199671534,-0.19314815473873903,-0.17533505748076272,-0.15752196022278642,-0.1397088629648101,-0.12189576570683375,-0.10408266844885744,-0.08626957119088108,-0.06845647393290477,-0.050643376674928464,-0.03283027941695216,-0.01501718215897585,0.0027959150990004566,0.020609012356976764,0.03842210961495307,0.05623520687292949,0.0740483041309058,0.0918614013888821,0.10967449864685841,0.12748759590483472,0.14530069316281102,0.16311379042078733,0.18092688767876375,0.19873998493674006,0.21655308219471636,0.23436617945269267,0.252179276710669,0.2699923739686453,0.2878054712266216,0.3056185684845979,0.3234316657425742,0.3412447630005506,0.35905786025852693,0.37687095751650324,0.39468405477447954,0.41249715203245585,0.43031024929043227,0.44812334654840846,0.4659364438063849,0.4837495410643611,0.5015626383223375,0.5193757355803137,0.53718883283829],"_type":"histogram","values":[1,0,0,0,1,0,0,0,0,1,0,1,0,1,1,0,3,0,0,1,1,1,0,3,1,1,0,3,2,2,1,1,0,2,1,0,1,5,2,0,1,2,2,3,2,3,1,2,0,1,1,0,0,2,0,1,0,1,1,0,2,0,0,2]},"learning_rate":0.001,"weights/layer_1":{"values":[2,0,0,1,2,1,1,2,2,6,2,2,10,7,15,8,14,20,15,26,41,47,52,49,100,106,133,180,194,218,282,285,300,298,300,250,233,177,129,123,84,86,47,44,36,35,23,26,11,7,7,9,8,10,13,6,0,3,2,3,1,1,0,1],"bins":[-1.4940890830922264,-1.4483760355310764,-1.4026629879699264,-1.3569499404087764,-1.3112368928476263,-1.2655238452864763,-1.2198107977253263,-1.1740977501641763,-1.1283847026030263,-1.0826716550418762,-1.0369586074807262,-0.9912455599195762,-0.9455325123584262,-0.8998194647972761,-0.8541064172361261,-0.8083933696749761,-0.7626803221138261,-0.7169672745526761,-0.671254226991526,-0.625541179430376,-0.579828131869226,-0.534115084308076,-0.48840203674692595,-0.4426889891857759,-0.3969759416246259,-0.3512628940634759,-0.30554984650232586,-0.25983679894117584,-0.21412375138002582,-0.1684107038188758,-0.12269765625772577,-0.07698460869657575,-0.03127156113542573,0.014441486425724293,0.060154533986874315,0.10586758154802434,0.15158062910917436,0.19729367667032438,0.2430067242314744,0.2887197717926244,0.33443281935377445,0.38014586691492447,0.4258589144760745,0.4715719620372245,0.5172850095983745,0.5629980571595243,0.6087111047206746,0.6544241522818248,0.7001371998429746,0.7458502474041244,0.7915632949652747,0.8372763425264249,0.8829893900875747,0.9287024376487245,0.9744154852098748,1.020128532771025,1.0658415803321748,1.1115546278933246,1.1572676754544748,1.202980723015625,1.2486937705767749,1.2944068181379247,1.340119865699075,1.3858329132602252,1.4315459608213748],"_type":"histogram"},"weights/layer_2":{"values":[1,0,0,0,1,0,1,2,0,1,1,3,1,2,5,6,8,6,14,16,15,28,34,30,43,49,70,92,103,127,137,156,171,199,222,248,261,252,243,205,200,168,156,143,129,103,73,80,49,43,41,47,31,19,6,18,10,6,5,5,2,5,1,3],"bins":[-1.3304319059918184,-1.2945544255589396,-1.2586769451260609,-1.2227994646931823,-1.1869219842603036,-1.1510445038274248,-1.115167023394546,-1.0792895429616673,-1.0434120625287886,-1.0075345820959098,-0.9716571016630312,-0.9357796212301526,-0.8999021407972738,-0.8640246603643951,-0.8281471799315163,-0.7922696994986377,-0.7563922190657589,-0.7205147386328802,-0.6846372582000015,-0.6487597777671228,-0.612882297334244,-0.5770048169013654,-0.5411273364684867,-0.5052498560356079,-0.46937237560272926,-0.4334948951698505,-0.39761741473697176,-0.361739934304093,-0.32586245387121426,-0.28998497343833574,-0.254107493005457,-0.21823001257257824,-0.18235253213969949,-0.14647505170682074,-0.11059757127394199,-0.07472009084106324,-0.03884261040818471,-0.002965129975305958,0.03291235045757279,0.06878983089045154,0.10466731132333029,0.14054479175620904,0.17642227218908757,0.21229975262196632,0.24817723305484507,0.2840547134877238,0.31993219392060257,0.3558096743534813,0.39168715478635985,0.4275646352192386,0.46344211565211735,0.4993195960849961,0.5351970765178748,0.5710745569507536,0.6069520373836323,0.6428295178165109,0.6787069982493898,0.7145844786822684,0.7504619591151469,0.7863394395480259,0.8222169199809044,0.8580944004137834,0.8939718808466619,0.9298493612795409,0.9657268417124195],"_type":"histogram"},"train_loss":0.42591427393000536,"biases/layer_4":{"values":[1,0,0,0,0,0,0,0,0,0,0,0,0,0,1,0,0,0,0,0,0,0,0,0,2,0,1,1,0,0,0,0,0,0,0,0,0,0,0,0,0,0,0,0,0,0,1,0,0,0,0,0,0,0,0,1,0,0,0,0,0,0,1,1],"bins":[-0.5051126375336583,-0.49111186519638883,-0.47711109285911935,-0.46311032052184986,-0.4491095481845804,-0.4351087758473109,-0.4211080035100414,-0.4071072311727719,-0.39310645883550244,-0.37910568649823295,-0.36510491416096347,-0.351104141823694,-0.33710336948642444,-0.32310259714915496,-0.3091018248118855,-0.295101052474616,-0.2811002801373465,-0.267099507800077,-0.25309873546280753,-0.23909796312553805,-0.22509719078826856,-0.21109641845099908,-0.1970956461137296,-0.1830948737764601,-0.16909410143919057,-0.15509332910192108,-0.1410925567646516,-0.12709178442738212,-0.11309101209011263,-0.09909023975284315,-0.08508946741557366,-0.07108869507830418,-0.05708792274103469,-0.043087150403765206,-0.02908637806649572,-0.015085605729226237,-0.001084833391956752,0.012915938945312733,0.026916711282582217,0.0409174836198517,0.05491825595712119,0.06891902829439067,0.08291980063166016,0.09692057296892964,0.11092134530619913,0.12492211764346861,0.1389228899807381,0.15292366231800758,0.16692443465527718,0.18092520699254666,0.19492597932981615,0.20892675166708563,0.22292752400435512,0.2369282963416246,0.2509290686788941,0.26492984101616357,0.27893061335343305,0.29293138569070254,0.306932158027972,0.3209329303652415,0.334933702702511,0.3489344750397805,0.36293524737704996,0.37693601971431945,0.39093679205158893],"_type":"histogram"},"confusion_matrix_table":{"ncols":3,"nrows":100,"_type":"table-file","sha256":"3d119bf57e0a47b5d2c339adc1414d08b983a16fdfc052f51edb2e964a7123a4","size":3027,"artifact_path":"wandb-client-artifact://9iuzioxw8wepfz8gzjsfrqhwlhzuvcj6928hdjh63iyq589be69qgo7i7lhjimb0uagmloj994xafp5pdt87thyt1e7v2r032egv6sygak4tx8kpahjxpcamw07mbope/confusion_matrix_table.table.json","_latest_artifact_path":"wandb-client-artifact://hcwvchu9t8h5o1br1ci1yv8eoqbj2us1btkbrgv9baqurllkucbk53l3fugzvrvcoyauosnrwycer57migw7w61k335gljbpifwxrgmwms64nide3rg3bkccan5uiai1:latest/confusion_matrix_table.table.json","path":"media/table/confusion_matrix_table_20_3d119bf57e0a47b5d2c3.table.json"},"epoch":15,"sample_predictions":{"captions":["True: 1, Pred: 1","True: 5, Pred: 5","True: 2, Pred: 2","True: 3, Pred: 3","True: 9, Pred: 9","True: 0, Pred: 0","True: 9, Pred: 9","True: 0, Pred: 3","True: 1, Pred: 1","True: 8, Pred: 8"],"_type":"images/separated","width":28,"height":28,"format":"png","count":10,"filenames":["media/images/sample_predictions_21_606215d87f87b2f00799.png","media/images/sample_predictions_21_80c07028ea3856542be4.png","media/images/sample_predictions_21_9cf40359a3dec85636e5.png","media/images/sample_predictions_21_ce5b739914bcd72b66df.png","media/images/sample_predictions_21_07a347c11e27a0aa79ca.png","media/images/sample_predictions_21_d99b4985df3c791d3f16.png","media/images/sample_predictions_21_379b818d067226d80795.png","media/images/sample_predictions_21_1fed2768e0601d187e72.png","media/images/sample_predictions_21_736760c82067caaa8fe3.png","media/images/sample_predictions_21_26363bd2a04602ee6a04.png"]},"_wandb":{"runtime":80},"val_loss":0.42591427393000536,"biases/layer_2":{"_type":"histogram",