{"epoch":9,"val_loss":2.3027590665023117,"val_acc":0.09916666666666667,"_timestamp":1.7414606666334112e+09,"_runtime":201.9223486,"_step":10,"_wandb":{"runtime":201}}