{"biases/layer_4":{"bins":[-0.0012313544828195517,-0.0012121145690254962,-0.0011928746552314407,-0.0011736347414373852,-0.0011543948276433297,-0.0011351549138492742,-0.0011159150000552187,-0.0010966750862611632,-0.0010774351724671077,-0.0010581952586730522,-0.0010389553448789967,-0.0010197154310849412,-0.0010004755172908857,-0.0009812356034968302,-0.0009619956897027748,-0.0009427557759087193,-0.0009235158621146638,-0.0009042759483206083,-0.0008850360345265528,-0.0008657961207324973,-0.0008465562069384418,-0.0008273162931443864,-0.0008080763793503309,-0.0007888364655562754,-0.0007695965517622199,-0.0007503566379681644,-0.0007311167241741089,-0.0007118768103800534,-0.0006926368965859979,-0.0006733969827919424,-0.0006541570689978869,-0.0006349171552038314,-0.0006156772414097759,-0.0005964373276157204,-0.0005771974138216649,-0.0005579575000276094,-0.0005387175862335539,-0.0005194776724394984,-0.0005002377586454429,-0.00048099784485138735,-0.00046175793105733185,-0.00044251801726327645,-0.00042327810346922095,-0.00040403818967516545,-0.00038479827588110995,-0.00036555836208705444,-0.00034631844829299894,-0.00032707853449894344,-0.00030783862070488794,-0.00028859870691083243,-0.00026935879311677693,-0.00025011887932272154,-0.00023087896552866603,-0.00021163905173461053,-0.00019239913794055503,-0.00017315922414649952,-0.00015391931035244402,-0.00013467939655838852,-0.00011543948276433302,-9.619956897027751e-05,-7.695965517622201e-05,-5.771974138216651e-05,-3.8479827588111006e-05,-1.9239913794055503e-05,-2.806121377745089e-20],"_type":"histogram","values":[1,0,0,0,0,0,0,0,0,0,0,0,0,0,0,0,0,0,0,0,0,0,0,0,0,0,1,0,1,0,0,0,13,0,0,0,1,0,0,1,0,0,1,0,0,1,1,3,1,1,1,0,0,2,1,0,0,0,0,0,0,0,0,2]},"val_acc":0.09233333333333334,"weights/layer_4":{"_type":"histogram","values":[6,11,10,11,13,9,7,13,12,14,18,12,26,16,16,20,25,24,23,30,10,16,11,15,19,21,15,12,23,21,15,26,15,17,18,25,19,14,14,16,17,20,17,18,19,34,16,19,20,17,19,15,17,10,14,18,7,9,14,14,9,2,10,11],"bins":[-7.87465433e-316,-7.6280468e-316,-7.38143927e-316,-7.13483173e-316,-6.8882242e-316,-6.64161667e-316,-6.39500914e-316,-6.1484016e-316,-5.9017941e-316,-5.65518655e-316,-5.408579e-316,-5.1619715e-316,-4.91536395e-316,-4.6687564e-316,-4.4221489e-316,-4.17554136e-316,-3.92893383e-316,-3.6823263e-316,-3.43571877e-316,-3.18911123e-316,-2.9425037e-316,-2.69589617e-316,-2.44928864e-316,-2.2026811e-316,-1.9560736e-316,-1.70946605e-316,-1.4628585e-316,-1.216251e-316,-9.6964345e-317,-7.230359e-317,-4.764284e-317,-2.2982086e-317,1.678667e-318,2.633942e-317,5.1000173e-317,7.5660926e-317,1.0032168e-316,1.24982433e-316,1.49643186e-316,1.7430394e-316,1.9896469e-316,2.23625445e-316,2.482862e-316,2.7294695e-316,2.97607705e-316,3.2226846e-316,3.4692921e-316,3.71589964e-316,3.96250717e-316,4.2091147e-316,4.45572223e-316,4.70232976e-316,4.9489373e-316,5.19554483e-316,5.44215236e-316,5.6887599e-316,5.9353674e-316,6.18197495e-316,6.4285825e-316,6.67519e-316,6.92179754e-316,7.1684051e-316,7.4150126e-316,7.66162014e-316,7.9082271e-316]},"val_loss":2.3028056223077633,"biases/layer_0":{"_type":"histogram","values":[1,0,0,0,0,0,0,0,0,0,0,0,0,0,0,0,0,0,0,2,0,0,2,0,0,1,1,1,0,2,0,2,1,2,1,2,1,1,0,2,0,1,1,1,1,0,1,1,0,0,1,0,1,0,0,0,0,0,0,0,0,0,0,2],"bins":[-0.0005911569413515666,-0.0005731515642809454,-0.000555146187210324,-0.0005371408101397028,-0.0005191354330690815,-0.0005011300559984602,-0.00048312467892783895,-0.00046511930185721766,-0.0004471139247865964,-0.0004291085477159751,-0.0004111031706453538,-0.00039309779357473253,-0.0003750924165041113,-0.00035708703943348997,-0.00033908166236286874,-0.00032107628529224745,-0.00030307090822162617,-0.0002850655311510049,-0.0002670601540803836,-0.0002490547770097623,-0.00023104939993914104,-0.0002130440228685198,-0.00019503864579789853,-0.00017703326872727724,-0.00015902789165665596,-0.00014102251458603468,-0.0001230171375154134,-0.00010501176044479211,-8.700638337417088e-05,-6.900100630354955e-05,-5.099562923292832e-05,-3.299025216230698e-05,-1.4984875091685751e-05,3.020501978935478e-06,2.1025879049556815e-05,3.9031256120178044e-05,5.703663319079938e-05,7.504201026142061e-05,9.304738733204195e-05,0.00011105276440266318,0.0001290581414732845,0.00014706351854390574,0.00016506889561452697,0.0001830742726851483,0.00020107964975576954,0.00021908502682639087,0.0002370904038970121,0.00025509578096763344,0.00027310115803825467,0.0002911065351088759,0.00030911191217949724,0.00032711728925011846,0.0003451226663207398,0.00036312804339136103,0.00038113342046198237,0.0003991387975326036,0.0004171441746032248,0.00043514955167384605,0.0004531549287444675,0.00047116030581508873,0.00048916568288571,0.0005071710599563312,0.0005251764370269526,0.0005431818140975739,0.0005611871911681952]},"biases/layer_2":{"_type":"histogram","values":[1,0,0,0,0,0,1,0,0,0,0,0,0,1,1,1,2,1,2,2,1,0,0,0,0,3,0,1,2,0,1,0,0,0,0,2,0,0,0,0,0,0,0,0,1,0,1,3,0,0,0,2,0,0,0,0,1,0,0,1,0,0,0,1],"bins":[-0.001101849702362497,-0.0010706426813428273,-0.0010394356603231575,-0.0010082286393034879,-0.000977021618283818,-0.0009458145972641484,-0.0009146075762444788,-0.0008834005552248091,-0.0008521935342051393,-0.0008209865131854696,-0.0007897794921657999,-0.0007585724711461302,-0.0007273654501264605,-0.0006961584291067908,-0.0006649514080871212,-0.0006337443870674514,-0.0006025373660477817,-0.000571330345028112,-0.0005401233240084422,-0.0005089163029887726,-0.0004777092819691029,-0.00044650226094943317,-0.00041529523992976354,-0.0003840882189100938,-0.0003528811978904241,-0.00032167417687075435,-0.0002904671558510846,-0.000259260134831415,-0.00022805311381174527,-0.00019684609279207554,-0.00016563907177240592,-0.0001344320507527362,-0.00010322502973306646,-7.201800871339684e-05,-4.0810987693727e-05,-9.60396667405738e-06,2.160305434561246e-05,5.281007536528208e-05,8.40170963849517e-05,0.00011522411740462154,0.00014643113842429116,0.00017763815944396078,0.00020884518046363062,0.00024005220148330024,0.00027125922250296986,0.0003024662435226397,0.0003336732645423093,0.00036488028556197916,0.0003960873065816488,0.0004272943276013184,0.00045850134862098824,0.0004897083696406579,0.0005209153906603277,0.0005521224116799973,0.000583329432699667,0.0006145364537193368,0.0006457434747390064,0.000676950495758676,0.0007081575167783459,0.0007393645377980155,0.0007705715588176851,0.000801778579837355,0.0008329856008570246,0.0008641926218766944,0.0008953996428963641]},"learning_rate":0.0001,"train_loss":2.3025751349998287,"biases/layer_5":{"values":[1,1,0,0,0,1,0,0,1,0,1,0,0,0,0,0,0,0,0,0,0,0,0,1,0,0,0,0,0,1,1,0,0,0,0,0,0,0,0,0,0,0,0,0,0,0,0,0,0,0,0,0,0,0,0,0,0,0,0,0,0,0,0,2],"bins":[-0.006960565112813731,-0.006731950605783046,-0.00650333609875236,-0.006274721591721675,-0.006046107084690989,-0.005817492577660304,-0.005588878070629619,-0.005360263563598933,-0.005131649056568248,-0.004903034549537562,-0.004674420042506877,-0.004445805535476192,-0.004217191028445506,-0.00398857652141482,-0.0037599620143841353,-0.00353134750735345,-0.0033027330003227644,-0.003074118493292079,-0.002845503986261394,-0.002616889479230708,-0.002388274972200023,-0.002159660465169337,-0.001931045958138652,-0.0017024314511079669,-0.001473816944077281,-0.001245202437046596,-0.00101658793001591,-0.0007879734229852249,-0.0005593589159545399,-0.000330744408923854,-0.00010212990189316894,0.00012648460513751698,0.000355099112168202,0.0005837136191988871,0.000812328126229573,0.001040942633260258,0.001269557140290943,0.0014981716473216299,0.001726786154352315,0.001955400661383,0.002184015168413685,0.00241262967544437,0.002641244182475057,0.002869858689505742,0.003098473196536427,0.003327087703567112,0.003555702210597797,0.003784316717628484,0.004012931224659169,0.004241545731689854,0.004470160238720539,0.004698774745751224,0.004927389252781911,0.005156003759812596,0.005384618266843281,0.005613232773873966,0.005841847280904651,0.006070461787935338,0.006299076294966023,0.006527690801996708,0.006756305309027393,0.006984919816058078,0.007213534323088765,0.00744214883011945,0.007670763337150135],