{"biases/layer_1":{"bins":[-9.136966413292573e-07,-8.860486876265282e-07,-8.584007339237991e-07,-8.307527802210701e-07,-8.031048265183409e-07,-7.754568728156118e-07,-7.478089191128827e-07,-7.201609654101536e-07,-6.925130117074246e-07,-6.648650580046954e-07,-6.372171043019663e-07,-6.095691505992372e-07,-5.819211968965082e-07,-5.542732431937791e-07,-5.266252894910499e-07,-4.989773357883208e-07,-4.7132938208559173e-07,-4.4368142838286266e-07,-4.160334746801336e-07,-3.883855209774044e-07,-3.607375672746753e-07,-3.3308961357194624e-07,-3.0544165986921716e-07,-2.777937061664881e-07,-2.50145752463759e-07,-2.2249779876102982e-07,-1.9484984505830074e-07,-1.6720189135557167e-07,-1.395539376528426e-07,-1.1190598395011351e-07,-8.425803024738433e-08,-5.661007654465525e-08,-2.896212284192617e-08,-1.3141691391970919e-09,2.6333784563531986e-08,5.398173826626117e-08,8.162969196899014e-08,1.0927764567171933e-07,1.369255993744485e-07,1.6457355307717748e-07,1.9222150677990667e-07,2.1986946048263564e-07,2.475174141853648e-07,2.75165367888094e-07,3.02813321590823e-07,3.3046127529355216e-07,3.5810922899628113e-07,3.857571826990103e-07,4.134051364017393e-07,4.4105309010446847e-07,4.6870104380719766e-07,4.963489975099266e-07,5.239969512126558e-07,5.516449049153848e-07,5.79292858618114e-07,6.069408123208432e-07,6.345887660235721e-07,6.622367197263013e-07,6.898846734290303e-07,7.175326271317595e-07,7.451805808344886e-07,7.728285345372176e-07,8.004764882399468e-07,8.281244419426758e-07,8.55772395645405e-07],"_type":"histogram","values":[1,0,0,0,0,0,0,0,0,0,0,0,0,0,0,0,0,0,2,2,0,0,2,1,1,3,2,2,3,1,3,2,3,1,4,4,1,2,3,3,1,0,4,1,1,1,0,2,2,1,0,0,1,0,0,2,0,0,0,0,0,0,0,2]},"train_loss":2.302654530916682,"_wandb":{"runtime":57},"weights/layer_2":{"bins":[-0.03475824424675508,-0.03365982808046454,-0.032561411914174,-0.031462995747883464,-0.030364579581592922,-0.02926616341530238,-0.02816774724901184,-0.027069331082721297,-0.02597091491643076,-0.02487249875014022,-0.02377408258384968,-0.022675666417559137,-0.021577250251268595,-0.020478834084978057,-0.019380417918687515,-0.018282001752396977,-0.017183585586106435,-0.016085169419815894,-0.014986753253525355,-0.013888337087234814,-0.012789920920944275,-0.011691504754653734,-0.010593088588363192,-0.009494672422072654,-0.008396256255782112,-0.00729784008949157,-0.006199423923201032,-0.00510100775691049,-0.004002591590619949,-0.002904175424329407,-0.001805759258038872,-0.0007073430917483303,0.0003910730745422114,0.0014894892408327531,0.002587905407123295,0.0036863215734138297,0.004784737739704371,0.005883153905994913,0.006981570072285455,0.008079986238575997,0.009178402404866531,0.010276818571157073,0.011375234737447615,0.012473650903738157,0.013572067070028698,0.01467048323631924,0.015768899402609775,0.016867315568900317,0.017965731735190858,0.0190641479014814,0.02016256406777194,0.021260980234062477,0.022359396400353018,0.02345781256664356,0.0245562287329341,0.025654644899224643,0.026753061065515185,0.027851477231805727,0.02894989339809627,0.030048309564386796,0.031146725730677338,0.03224514189696788,0.03334355806325842,0.03444197422954896,0.0355403903958395],"_type":"histogram","values":[1,0,2,1,1,3,5,5,7,10,12,11,25,28,25,38,58,71,61,77,75,101,112,116,136,136,163,165,172,161,199,203,166,171,176,153,146,145,127,125,113,94,93,74,67,52,37,39,34,24,16,16,12,12,4,7,3,3,3,0,1,1,0,2]},"epoch":10,"weights/layer_0":{"bins":[-0.044336304519102934,-0.04298735753320432,-0.0416384105473057,-0.040289463561407085,-0.038940516575508476,-0.03759156958960986,-0.03624262260371124,-0.034893675617812626,-0.03354472863191402,-0.0321957816460154,-0.030846834660116784,-0.029497887674218168,-0.02814894068831955,-0.02679999370242094,-0.025451046716522322,-0.02410209973062371,-0.022753152744725093,-0.021404205758826476,-0.020055258772927863,-0.018706311787029247,-0.017357364801130634,-0.016008417815232018,-0.014659470829333401,-0.013310523843434788,-0.011961576857536169,-0.01061262987163756,-0.009263682885738943,-0.007914735899840326,-0.00656578891394171,-0.005216841928043094,-0.003867894942144484,-0.0025189479562458678,-0.0011700009703472514,0.00017894601555136502,0.0015278930014499814,0.002876839987348591,0.004225786973247207,0.005574733959145824,0.00692368094504444,0.008272627930943056,0.009621574916841666,0.010970521902740282,0.012319468888638899,0.013668415874537515,0.015017362860436131,0.016366309846334748,0.017715256832233357,0.01906420381813198,0.020413150804030597,0.0217620977899292,0.023111044775827816,0.024459991761726432,0.02580893874762505,0.027157885733523665,0.02850683271942228,0.029855779705320898,0.031204726691219514,0.03255367367711813,0.03390262066301675,0.03525156764891535,0.036600514634813966,0.03794946162071258,0.0392984086066112,0.040647355592509815,0.041996302578408425],"_type":"histogram","values":[1,1,0,2,2,2,8,6,12,17,22,43,74,87,146,177,210,333,445,540,667,823,1030,1233,1461,1710,1871,2110,2189,2454,2576,2694,2712,2709,2682,2429,2364,2232,1970,1787,1535,1343,1175,961,811,605,507,391,286,215,170,100,85,58,33,25,14,15,3,3,2,4,3,1]},"biases/layer_3":{"bins":[-0.000100822155103518,-9.78511343656534e-05,-9.488011362778882e-05,-9.190909288992423e-05,-8.893807215205963e-05,-8.596705141419503e-05,-8.299603067633044e-05,-8.002500993846586e-05,-7.705398920060126e-05,-7.408296846273665e-05,-7.111194772487207e-05,-6.814092698700748e-05,-6.516990624914288e-05,-6.219888551127828e-05,-5.922786477341369e-05,-5.62568440355491e-05,-5.3285823297684505e-05,-5.031480255981991e-05,-4.734378182195532e-05,-4.4372761084090724e-05,-4.140174034622613e-05,-3.843071960836153e-05,-3.545969887049694e-05,-3.2488678132632355e-05,-2.9517657394767755e-05,-2.6546636656903154e-05,-2.3575615919038567e-05,-2.060459518117398e-05,-1.763357444330938e-05,-1.4662553705444779e-05,-1.1691532967580192e-05,-8.720512229715605e-06,-5.749491491851004e-06,-2.7784707539864036e-06,1.9254998387818344e-07,3.1635707217427705e-06,6.134591459607371e-06,9.105612197471972e-06,1.2076632935336559e-05,1.5047653673201146e-05,1.8018674411065746e-05,2.0989695148930347e-05,2.3960715886794947e-05,2.693173662465952e-05,2.990275736252412e-05,3.287377810038872e-05,3.5844798838253296e-05,3.8815819576117896e-05,4.17868403139825e-05,4.47578610518471e-05,4.77288817897117e-05,5.069990252757627e-05,5.367092326544087e-05,5.664194400330547e-05,5.9612964741170046e-05,6.258398547903465e-05,6.555500621689925e-05,6.852602695476385e-05,7.149704769262845e-05,7.446806843049302e-05,7.743908916835762e-05,8.041010990622222e-05,8.33811306440868e-05,8.63521513819514e-05,8.932317211981598e-05],"_type":"histogram","values":[1,0,0,2,0,1,2,0,0,0,0,1,1,1,0,0,1,2,0,0,0,1,1,5,2,0,3,1,3,2,1,0,1,1,2,0,1,0,1,1,1,1,1,2,1,0,2,3,2,1,0,0,3,1,0,2,1,1,0,1,0,0,1,2]},