{"_timestamp":1.7414609382449021e+09,"_runtime":266.8879483,"_step":10,"_wandb":{"runtime":266},"epoch":9,"val_loss":0.6537867108636024,"val_acc":0.7521666666666667}