{"weights/layer_3":{"bins":[-0.00031560607425305364,-0.0003064831970679954,-0.0002973603198829372,-0.0002882374426978789,-0.00027911456551282067,-0.00026999168832776243,-0.0002608688111427042,-0.00025174593395764597,-0.00024262305677258774,-0.00023350017958752948,-0.00022437730240247125,-0.000215254425217413,-0.00020613154803235476,-0.00019700867084729653,-0.0001878857936622383,-0.00017876291647718004,-0.0001696400392921218,-0.00016051716210706358,-0.00015139428492200532,-0.0001422714077369471,-0.00013314853055188886,-0.0001240256533668306,-0.00011490277618177237,-0.00010577989899671414,-9.665702181165588e-05,-8.753414462659765e-05,-7.841126744153942e-05,-6.928839025648119e-05,-6.016551307142296e-05,-5.104263588636467e-05,-4.191975870130644e-05,-3.279688151624821e-05,-2.367400433118998e-05,-1.4551127146131748e-05,-5.428249961073517e-06,3.6946272239847143e-06,1.2817504409043e-05,2.194038159410123e-05,3.106325877915946e-05,4.018613596421769e-05,4.9309013149275924e-05,5.8431890334334155e-05,6.755476751939244e-05,7.667764470445067e-05,8.58005218895089e-05,9.492339907456713e-05,0.00010404627625962536,0.0001131691534446836,0.00012229203062974188,0.0001314149078148001,0.00014053778499985834,0.00014966066218491657,0.0001587835393699748,0.00016790641655503304,0.00017702929374009127,0.00018615217092514955,0.00019527504811020773,0.00020439792529526601,0.0002135208024803243,0.00022264367966538248,0.00023176655685044076,0.00024088943403549894,0.0002500123112205572,0.0002591351884056154,0.0002682580655906737],"_type":"histogram","values":[1,0,0,0,0,0,0,0,1,0,0,0,0,0,1,0,0,1,3,1,2,1,0,1,2,1,7,3,0,1,2,5,8,5,1194,11,6,3,1,1,5,0,1,3,1,2,1,0,0,1,0,0,0,2,1,0,0,0,0,0,0,0,0,1]},"_runtime":120.4249842,"train_acc":0.09033333333333333,"biases/layer_0":{"_type":"histogram","values":[3,1,1,2,1,0,1,2,0,0,1,2,3,2,3,6,4,3,7,3,1,5,2,2,0,4,4,3,5,4,2,2,2,0,6,2,2,2,1,1,2,5,4,3,2,5,0,2,2,1,0,0,3,1,0,0,0,1,0,0,0,0,0,2],"bins":[-0.007916924884253721,-0.007597573047778644,-0.007278221211303566,-0.006958869374828489,-0.0066395175383534115,-0.006320165701878334,-0.006000813865403257,-0.005681462028928179,-0.005362110192453102,-0.0050427583559780245,-0.004723406519502947,-0.00440405468302787,-0.004084702846552793,-0.0037653510100777157,-0.0034459991736026383,-0.003126647337127561,-0.0028072955006524835,-0.002487943664177406,-0.0021685918277023286,-0.0018492399912272512,-0.0015298881547521738,-0.0012105363182770964,-0.000891184481802019,-0.0005718326453269416,-0.00025248080885186507,6.687102762321234e-05,0.00038622286409828975,0.0007055747005733672,0.0010249265370484446,0.001344278373523522,0.0016636302099985994,0.001982982046473677,0.002302333882948754,0.0026216857194238316,0.002941037555898909,0.0032603893923739864,0.003579741228849064,0.0038990930653241412,0.004218444901799219,0.004537796738274296,0.0048571485747493735,0.005176500411224451,0.005495852247699528,0.005815204084174606,0.006134555920649683,0.0064539077571247605,0.006773259593599838,0.007092611430074915,0.007411963266549991,0.00773131510302507,0.008050666939500146,0.008370018775975225,0.0086893706124503,0.00900872244892538,0.009328074285400455,0.009647426121875535,0.00996677795835061,0.01028612979482569,0.010605481631300765,0.010924833467775844,0.01124418530425092,0.011563537140725999,0.011882888977201075,0.012202240813676154,0.01252159265015123]},"weights/layer_2":{"values":[1,0,1,0,0,1,2,0,1,0,1,1,0,3,9,7,8,7,12,13,26,47,59,57,72,167,267,429,339,282,357,12181,381,244,292,270,311,143,99,61,60,49,31,22,7,13,13,8,6,10,3,1,1,2,1,0,2,0,0,0,0,1,0,3],"bins":[-0.0005253702296407806,-0.0005088055154616914,-0.0004922408012826022,-0.00047567608710351295,-0.00045911137292442377,-0.0004425466587453346,-0.00042598194456624534,-0.0004094172303871561,-0.0003928525162080669,-0.00037628780202897773,-0.0003597230878498885,-0.00034315837367079926,-0.00032659365949171007,-0.0003100289453126209,-0.00029346423113353165,-0.0002768995169544424,-0.0002603348027753532,-0.00024377008859626404,-0.0002272053744171748,-0.00021064066023808556,-0.00019407594605899638,-0.0001775112318799072,-0.00016094651770081795,-0.0001443818035217287,-0.00012781708934263953,-0.00011125237516355034,-9.46876609844611e-05,-7.812294680537187e-05,-6.155823262628268e-05,-4.4993518447193495e-05,-2.8428804268104202e-05,-1.1864090089015017e-05,4.700624090074167e-06,2.1265338269163352e-05,3.783005244825254e-05,5.439476662734183e-05,7.095948080643101e-05,8.75241949855202e-05,0.00010408890916460949,0.00012065362334369868,0.00013721833752278786,0.00015378305170187705,0.00017034776588096623,0.00018691248006005553,0.0002034771942391447,0.0002200419084182339,0.0002366066225973232,0.0002531713367764124,0.00026973605095550156,0.00028630076513459074,0.00030286547931367993,0.0003194301934927692,0.0003359949076718584,0.0003525596218509476,0.0003691243360300369,0.00038568905020912607,0.00040225376438821525,0.00041881847856730444,0.0004353831927463936,0.0004519479069254829,0.0004685126211045722,0.0004850773352836613,0.0005016420494627506,0.0005182067636418397,0.0005347714778209291],"_type":"histogram"},"weights/layer_1":{"_type":"histogram","values":[1,0,1,2,0,0,0,1,0,0,0,0,2,3,3,3,9,10,10,22,24,26,56,73,86,116,170,252,348,692,560,530,432,491,8563,552,360,464,486,538,576,293,173,127,87,75,42,29,28,18,7,13,4,3,6,7,3,2,0,3,1,0,0,1],"bins":[-0.0004966717413020958,-0.0004824417587928494,-0.000468211776283603,-0.0004539817937743566,-0.0004397518112651101,-0.0004255218287558637,-0.00041129184624661726,-0.00039706186373737084,-0.00038283188122812436,-0.00036860189871887794,-0.0003543719162096315,-0.0003401419337003851,-0.0003259119511911387,-0.00031168196868189225,-0.00029745198617264583,-0.00028322200366339936,-0.00026899202115415294,-0.0002547620386449065,-0.0002405320561356601,-0.00022630207362641362,-0.0002120720911171672,-0.00019784210860792077,-0.00018361212609867435,-0.00016938214358942793,-0.0001551521610801815,-0.00014092217857093503,-0.0001266921960616886,-0.00011246221355244219,-9.823223104319577e-05,-8.400224853394935e-05,-6.977226602470287e-05,-5.554228351545645e-05,-4.131230100621003e-05,-2.7082318496963608e-05,-1.2852335987717186e-05,1.3776465215292353e-06,1.5607629030775657e-05,2.9837611540022078e-05,4.406759404926861e-05,5.829757655851503e-05,7.252755906776145e-05,8.675754157700787e-05,0.0001009875240862543,0.00011521750659550072,0.00012944748910474714,0.00014367747161399356,0.00015790745412323998,0.0001721374366324864,0.00018636741914173282,0.00020059740165097935,0.00021482738416022577,0.0002290573666694722,0.00024328734917871862,0.00025751733168796504,0.00027174731419721146,0.0002859772967064579,0.0003002072792157043,0.0003144372617249507,0.00032866724423419715,0.0003428972267434437,0.0003571272092526901,0.0003713571917619365,0.00038558717427118294,0.00039981715678042936,0.00041404713928967584]},"train_loss":2.302798980114367,"val_loss":2.302798980114367,"_timestamp":1.7415203086092415e+09,