{"learning_rate":0.0001,"_step":16,"biases/layer_0":{"values":[9,1,0,0,1,0,0,4,6,8,0,0,0,0,0,0,0,0,0,0,0,0,0,0,0,0,0,0,0,0,0,0,0,0,0,0,0,0,0,0,0,0,0,0,0,0,0,0,0,0,0,0,0,1,7,3,0,0,0,0,0,3,6,15],"bins":[-0.13621429303677554,-0.13193983320899808,-0.1276653733812206,-0.12339091355344313,-0.11911645372566565,-0.11484199389788818,-0.11056753407011072,-0.10629307424233325,-0.10201861441455577,-0.09774415458677829,-0.09346969475900083,-0.08919523493122336,-0.0849207751034459,-0.08064631527566841,-0.07637185544789095,-0.07209739562011347,-0.067822935792336,-0.06354847596455854,-0.05927401613678106,-0.05499955630900359,-0.05072509648122611,-0.046450636653448646,-0.04217617682567118,-0.0379017169978937,-0.033627257170116234,-0.02935279734233877,-0.02507833751456129,-0.020803877686783823,-0.016529417859006357,-0.012254958031228877,-0.007980498203451397,-0.0037060383756739312,0.0005684214521035347,0.004842881279881001,0.009117341107658467,0.01339180093543596,0.017666260763213426,0.021940720590990892,0.026215180418768358,0.030489640246545824,0.03476410007432332,0.03903855990210078,0.04331301972987825,0.047587479557655715,0.05186193938543318,0.05613639921321065,0.06041085904098814,0.0646853188687656,0.06895977869654307,0.07323423852432054,0.077508698352098,0.0817831581798755,0.08605761800765296,0.09033207783543043,0.0946065376632079,0.09888099749098536,0.10315545731876283,0.10742991714654032,0.11170437697431779,0.11597883680209528,0.12025329662987275,0.12452775645765021,0.12880221628542768,0.13307667611320514,0.13735113594098258],"_type":"histogram"},"_timestamp":1.741542249498139e+09,"train_acc":0.2898148148148148,"weights/layer_0":{"values":[9,22,33,52,58,80,91,109,164,241,310,314,315,380,415,454,531,603,743,804,912,1062,1208,1408,1505,1643,1652,1863,1970,2129,2071,2148,2261,2236,2061,1975,1915,1777,1591,1461,1281,1127,1034,880,800,648,529,442,404,353,345,305,298,239,234,164,137,150,89,77,40,18,4,2],"bins":[-0.22980005034164463,-0.22245202053415267,-0.21510399072666073,-0.20775596091916876,-0.20040793111167682,-0.19305990130418485,-0.18571187149669288,-0.17836384168920094,-0.17101581188170897,-0.163667782074217,-0.15631975226672506,-0.14897172245923312,-0.14162369265174116,-0.1342756628442492,-0.12692763303675725,-0.11957960322926528,-0.11223157342177333,-0.10488354361428137,-0.0975355138067894,-0.09018748399929746,-0.0828394541918055,-0.07549142438431355,-0.06814339457682159,-0.06079536476932962,-0.05344733496183768,-0.04609930515434571,-0.03875127534685377,-0.0314032455393618,-0.024055215731869833,-0.016707185924377893,-0.009359156116885925,-0.0020111263093939846,0.0053369034980979835,0.012684933305589952,0.020032963113081892,0.027380992920573832,0.03472902272806583,0.04207705253555777,0.04942508234304971,0.056773112150541705,0.06412114195803365,0.07146917176552559,0.07881720157301753,0.08616523138050952,0.09351326118800146,0.1008612909954934,0.1082093208029854,0.11555735061047734,0.12290538041796928,0.13025341022546127,0.13760144003295322,0.14494946984044516,0.1522974996479371,0.1596455294554291,0.16699355926292103,0.17434158907041297,0.18168961887790497,0.1890376486853969,0.19638567849288885,0.20373370830038084,0.21108173810787279,0.21842976791536473,0.22577779772285667,0.23312582753034866,0.2404738573378406],"_type":"histogram"},"_runtime":79.8388799,"biases/layer_2":{"_type":"histogram","values":[2,1,3,0,0,1,2,10,3,0,1,0,1,1,2,2,6,2,0,0,0,0,0,0,0,0,0,0,0,0,0,0,0,0,0,0,0,0,0,0,0,0,0,0,0,2,6,3,0,0,1,0,0,1,0,0,1,0,0,2,0,4,5,2],"bins":[-0.18156914388608153,-0.17583352241191125,-0.17009790093774096,-0.16436227946357065,-0.15862665798940037,-0.1528910365152301,-0.14715541504105978,-0.1414197935668895,-0.1356841720927192,-0.12994855061854893,-0.12421292914437863,-0.11847730767020834,-0.11274168619603805,-0.10700606472186777,-0.10127044324769748,-0.09553482177352718,-0.0897992002993569,-0.08406357882518661,-0.07832795735101632,-0.07259233587684602,-0.06685671440267574,-0.061121092928505455,-0.055385471454335145,-0.04964984998016486,-0.04391422850599458,-0.038178607031824296,-0.032442985557654014,-0.026707364083483703,-0.02097174260931342,-0.015236121135143138,-0.009500499660972828,-0.003764878186802545,0.0019707432873677377,0.00770636476153802,0.013441986235708303,0.019177607709878614,0.024913229184048896,0.03064885065821918,0.03638447213238949,0.04212009360655977,0.047855715080730055,0.05359133655490034,0.05932695802907062,0.06506257950324093,0.07079820097741124,0.07653382245158152,0.0822694439257518,0.08800506539992209,0.09374068687409237,0.09947630834826265,0.10521192982243294,0.11094755129660322,0.1166831727707735,0.12241879424494384,0.12815441571911412,0.1338900371932844,0.1396256586674547,0.14536128014162497,0.15109690161579525,0.15683252308996554,0.16256814456413587,0.16830376603830616,0.17403938751247644,0.17977500898664672,0.18551063046081698]},"sample_predictions":{"captions":["True: 5, Pred: 9","True: 4, Pred: 4","True: 4, Pred: 4","True: 2, Pred: 4","True: 7, Pred: 9","True: 3, Pred: 4","True: 3, Pred: 4","True: 7, Pred: 9","True: 6, Pred: 4","True: 5, Pred: 9"],"_type":"images/separated","width":28,"height":28,"format":"png","count":10,"filenames":["media/images/sample_predictions_16_d7c14b0231c5d431a2dc.png","media/images/sample_predictions_16_4fd40587ba77b5e6eb17.png","media/images/sample_predictions_16_60c6ea670dd694036792.png","media/images/sample_predictions_16_4a49b47fa63059036e18.png","media/images/sample_predictions_16_acf5a28bbfd99b4a0540.png","media/images/sample_predictions_16_361f476c74279a585603.png","media/images/sample_predictions_16_595dd54620faaa127431.png","media/images/sample_predictions_16_de04c9ce5d74bd94782a.png","media/images/sample_predictions_16_f55d897afb24b738e933.png","media/images/sample_predictions_16_b6f0a251e630595d77ed.png"]},"weights/layer_4":{"_type":"histogram","values":[1,1,3,2,3,7,8,6,6,7,11,12,11,8,16,17,22,17,28,23,24,19,17,6,8,13,4,2,0,0,2,1,0,1,0,6,3,13,12,12,25,26,28,28,30,19,28,22,14,10,14,11,7,3,5,6,5,3,2,0,0,1,0,1],"bins":[-0.10198826491023007,-0.09876646504914839,-0.09554466518806672,-0.09232286532698503,-0.08910106546590335,-0.08587926560482168,-0.08265746574374,-0.07943566588265832,-0.07621386602157663,-0.07299206616049496,-0.06977026629941328,-0.0665484664383316,-0.06332666657724992,-0.06010486671616824,-0.05688306685508657,-0.053661266994004884,-0.05043946713292321,-0.04721766727184153,-0.04399586741075985,-0.040774067549678175,-0.0375522676885965,-0.03433046782751481,-0.031108667966433134,-0.02788686810535146,-0.024665068244269783,-0.021443268383188108,-0.018221468522106418,-0.014999668661024743,-0.011777868799943067,-0.008556068938861391,-0.005334269077779702,-0.0021124692166980263,0.0011093306443836493,0.004331130505465325,0.0075529303665470005,0.01077473022762869,0.013996530088710366,0.01721832994979204,0.020440129810873717,0.023661929671955392,0.026883729533037068,0.030105529394118744,0.03332732925520045,0.03654912911628212,0.0397709289773638,0.042992728838445474,0.04621452869952715,0.049436328560608825,0.0526581284216905,0.055879928282772176,0.05910172814385385,0.062323528004935555,0.06554532786601723,0.0687671277270989,0.07198892758818058,0.07521072744926226,0.07843252731034393,0.08165432717142561,0.08487612703250728,0.08809792689358896,0.09131972675467066,0.09454152661575234,0.09776332647683401,0.10098512633791569,0.10420692619899737]},"weights/layer_2":{"_type":"histogram","values":[9,32,70,103,89,104,97,137,125,106,99,104,98,93,139,127,136,117,107,78,33,5,0,0,0,0,0,0,0,0,0,0,0,0,0,0,0,0,0,0,0,0,10,33,105,110,119,122,126,127,102,112,98,113,128,158,118,105,107,103,92,65,27,8],