{"_step":16,"weights/layer_2":{"_type":"histogram","values":[1,1,2,2,3,3,14,21,17,20,22,18,17,19,11,13,13,17,28,34,51,57,41,31,16,8,12,8,14,13,13,12,12,17,19,15,17,23,13,17,21,15,24,20,25,39,32,27,22,13,11,18,15,8,9,5,10,5,5,3,6,3,0,3],"bins":[-0.10740273967737632,-0.10235957487180093,-0.09731641006622554,-0.09227324526065017,-0.08723008045507478,-0.0821869156494994,-0.07714375084392402,-0.07210058603834864,-0.06705742123277325,-0.062014256427197864,-0.056971091621622484,-0.051927926816047104,-0.04688476201047172,-0.04184159720489633,-0.03679843239932096,-0.03175526759374557,-0.026712102788170183,-0.021668937982594796,-0.01662577317701941,-0.011582608371444036,-0.0065394435658686495,-0.0014962787602932626,0.0035468860452821105,0.008590050850857497,0.013633215656432884,0.018676380462008257,0.023719545267583658,0.02876271007315903,0.033805874878734404,0.038849039684309805,0.04389220448988518,0.04893536929546058,0.05397853410103595,0.059021698906611325,0.06406486371218673,0.0691080285177621,0.0741511933233375,0.07919435812891287,0.08423752293448825,0.08928068774006365,0.09432385254563902,0.09936701735121439,0.1044101821567898,0.10945334696236517,0.11449651176794054,0.11953967657351594,0.12458284137909131,0.12962600618466671,0.1346691709902421,0.13971233579581746,0.14475550060139283,0.14979866540696826,0.15484183021254364,0.159884995018119,0.16492815982369438,0.16997132462926975,0.17501448943484513,0.18005765424042056,0.18510081904599593,0.1901439838515713,0.19518714865714668,0.20023031346272205,0.20527347826829748,0.21031664307387285,0.21535980787944825]},"biases/layer_1":{"values":[2,1,0,1,1,3,3,0,0,0,2,0,2,1,0,0,0,0,0,0,0,1,0,0,0,0,0,0,0,0,1,0,0,0,1,0,0,0,0,0,0,0,1,1,0,0,1,0,1,0,0,1,0,0,0,1,3,1,0,0,0,1,1,1],"bins":[-0.018154462013747433,-0.01556869877141389,-0.012982935529080345,-0.0103971722867468,-0.007811409044413256,-0.005225645802079713,-0.0026398825597461675,-5.411931741262227e-05,0.002531643924920921,0.005117407167254465,0.007703170409588008,0.010288933651921555,0.012874696894255099,0.015460460136588642,0.01804622337892219,0.02063198662125573,0.023217749863589276,0.025803513105922823,0.028389276348256363,0.03097503959058991,0.03356080283292345,0.036146566075257,0.03873232931759055,0.04131809255992408,0.04390385580225763,0.046489619044591174,0.04907538228692472,0.05166114552925827,0.054246908771591815,0.05683267201392536,0.059418435256258895,0.06200419849859244,0.06458996174092599,0.06717572498325954,0.06976148822559308,0.07234725146792662,0.07493301471026016,0.07751877795259371,0.08010454119492726,0.0826903044372608,0.08527606767959434,0.08786183092192788,0.09044759416426143,0.09303335740659498,0.09561912064892852,0.09820488389126207,0.1007906471335956,0.10337641037592915,0.1059621736182627,0.10854793686059624,0.11113370010292978,0.11371946334526334,0.11630522658759687,0.11889098982993043,0.12147675307226397,0.1240625163145975,0.12664827955693106,0.1292340427992646,0.13181980604159815,0.1344055692839317,0.13699133252626522,0.13957709576859878,0.1421628590109323,0.14474862225326587,0.1473343854955994],"_type":"histogram"},"biases/layer_3":{"bins":[-1.1092342248603553,-1.075709692663038,-1.0421851604657206,-1.0086606282684034,-0.975136096071086,-0.9416115638737688,-0.9080870316764514,-0.8745624994791341,-0.8410379672818168,-0.8075134350844995,-0.7739889028871821,-0.7404643706898648,-0.7069398384925476,-0.6734153062952302,-0.639890774097913,-0.6063662419005956,-0.5728417097032783,-0.539317177505961,-0.5057926453086437,-0.4722681131113263,-0.438743580914009,-0.4052190487166918,-0.37169451651937446,-0.33816998432205714,-0.3046454521247398,-0.2711209199274225,-0.23759638773010516,-0.20407185553278784,-0.17054732333547062,-0.1370227911381533,-0.10349825894083597,-0.06997372674351854,-0.036449194546201324,-0.0029246623488841106,0.030599869848433325,0.06412440204575054,0.09764893424306798,0.1311734664403852,0.16469799863770263,0.19822253083501984,0.23174706303233727,0.2652715952296545,0.2987961274269717,0.33232065962428914,0.36584519182160635,0.3993697240189238,0.432894256216241,0.46641878841355844,0.49994332061087565,0.5334678528081929,0.5669923850055103,0.6005169172028275,0.634041449400145,0.6675659815974622,0.7010905137947796,0.7346150459920968,0.768139578189414,0.8016641103867315,0.8351886425840487,0.8687131747813661,0.9022377069786833,0.9357622391760005,0.9692867713733182,1.0028113035706354,1.0363358357679524],"_type":"histogram","values":[1,0,0,0,0,0,0,0,0,0,0,1,0,1,0,0,0,0,0,0,2,1,0,1,0,0,0,0,0,1,2,1,1,11,0,1,1,0,1,1,1,1,0,0,1,0,0,0,1,0,0,0,0,0,0,0,0,0,0,0,0,0,0,1]},"val_loss":0.7672543183713496,"val_acc":0.7318333333333333,"biases/layer_0":{"values":[1,0,0,0,0,0,0,0,0,1,0,0,0,1,0,0,0,0,1,1,1,0,1,2,2,0,1,0,0,1,1,1,1,0,0,0,1,1,1,1,0,0,1,0,0,0,0,0,0,0,0,1,2,0,0,1,1,2,1,0,2,0,0,1],"bins":[-0.10130400141143371,-0.09730040327685884,-0.09329680514228395,-0.08929320700770907,-0.08528960887313419,-0.0812860107385593,-0.07728241260398443,-0.07327881446940954,-0.06927521633483466,-0.06527161820025978,-0.061268020065684894,-0.05726442193111002,-0.053260823796535135,-0.04925722566196025,-0.045253627527385376,-0.04125002939281049,-0.03724643125823561,-0.033242833123660734,-0.029239234989085844,-0.025235636854510968,-0.021232038719936078,-0.0172284405853612,-0.013224842450786325,-0.009221244316211435,-0.005217646181636559,-0.0012140480470616832,0.0027895500875132068,0.006793148222088083,0.010796746356662959,0.014800344491237849,0.018803942625812725,0.022807540760387615,0.02681113889496249,0.030814737029537367,0.034818335164112243,0.03882193329868715,0.042825531433262023,0.0468291295678369,0.050832727702411776,0.05483632583698665,0.058839923971561556,0.06284352210613643,0.06684712024071131,0.07085071837528618,0.07485431650986106,0.07885791464443594,0.08286151277901084,0.08686511091358572,0.09086870904816059,0.09487230718273547,0.09887590531731034,0.10287950345188525,0.10688310158646012,0.110886699721035,0.11489029785560988,0.11889389599018475,0.12289749412475963,0.12690109225933455,0.1309046903939094,0.1349082885284843,0.13891188666305915,0.14291548479763405,0.14691908293220896,0.1509226810667838,0.1549262792013587],"_type":"histogram"},"_wandb":{"runtime":72},"train_loss":0.7672543183713496,"sample_predictions":{"count":10,"filenames":["media/images/sample_predictions_16_606215d87f87b2f00799.png","media/images/sample_predictions_16_80c07028ea3856542be4.png","media/images/sample_predictions_16_9cf40359a3dec85636e5.png","media/images/sample_predictions_16_ce5b739914bcd72b66df.png","media/images/sample_predictions_16_07a347c11e27a0aa79ca.png","media/images/sample_predictions_16_d99b4985df3c791d3f16.png","media/images/sample_predictions_16_379b818d067226d80795.png","media/images/sample_predictions_16_1fed2768e0601d187e72.png","media/images/sample_predictions_16_736760c82067caaa8fe3.png","media/images/sample_predictions_16_26363bd2a04602ee6a04.png"],"captions":["True: 1, Pred: 1","True: 5, Pred: 5","True: 2, Pred: 0","True: 3, Pred: 3","True: 9, Pred: 9","True: 0, Pred: 3","True: 9, Pred: 9","True: 0, Pred: 3","True: 1, Pred: 1","True: 8, Pred: 8"],"_type":"images/separated","width":28,"height":28,"format":"png"},"weights/layer_3":{"values":[1,0,1,1,1,0,2,2,6,7,2,9,5,7,10,22,14,11,14,19,20,50,50,81,109,88,73,62,28,22,6,5,10,8,7,6,11,12,11,5,12,11,4,13,7,8,10,4,7,18,15,16,14,12,14,14,12,13,9,5,4,1,2,1],