{"val_loss":0.6233843178216699,"val_acc":0.7756666666666666,"_timestamp":1.741460341906291e+09,"_runtime":83.8379422,"_step":10,"_wandb":{"runtime":83},"epoch":9}