{"val_acc":0.5141666666666667,"weights/layer_2":{"values":[6,0,0,0,0,0,0,5,1,7,4,1,5,16,14,17,11,21,67,66,13,12,19,23,40,73,51,32,8,0,0,0,0,4,3,10,4,4,2,2,13,20,25,17,0,19,11,58,100,41,23,8,1,29,23,42,3,2,0,6,16,7,8,11],"bins":[-1.0121099809290859,-0.978968680723449,-0.945827380517812,-0.9126860803121751,-0.8795447801065381,-0.8464034799009013,-0.8132621796952644,-0.7801208794896274,-0.7469795792839904,-0.7138382790783535,-0.6806969788727166,-0.6475556786670796,-0.6144143784614428,-0.5812730782558058,-0.5481317780501689,-0.514990477844532,-0.481849177638895,-0.44870787743325813,-0.41556657722762114,-0.38242527702198426,-0.34928397681634726,-0.3161426766107104,-0.2830013764050734,-0.2498600761994365,-0.21671877599379963,-0.18357747578816264,-0.15043617558252576,-0.11729487537688876,-0.08415357517125188,-0.05101227496561489,-0.01787097475997801,0.015270325445658983,0.048411625651295864,0.08155292585693275,0.11469422606256963,0.14783552626820673,0.1809768264738436,0.2141181266794805,0.24725942688511737,0.2804007270907545,0.31354202729639136,0.34668332750202824,0.3798246277076651,0.412965927913302,0.4461072281189391,0.479248528324576,0.5123898285302129,0.5455311287358497,0.5786724289414866,0.6118137291471237,0.6449550293527606,0.6780963295583975,0.7112376297640344,0.7443789299696715,0.7775202301753084,0.8106615303809452,0.8438028305865821,0.876944130792219,0.9100854309978561,0.943226731203493,0.9763680314091299,1.009509331614767,1.0426506318204039,1.0757919320260407,1.1089332322316776],"_type":"histogram"},"weights/layer_0":{"bins":[-0.31524267983912574,-0.3055501573672715,-0.2958576348954173,-0.286165112423563,-0.27647258995170876,-0.2667800674798545,-0.25708754500800024,-0.24739502253614604,-0.23770250006429178,-0.22800997759243752,-0.2183174551205833,-0.20862493264872906,-0.1989324101768748,-0.18923988770502054,-0.1795473652331663,-0.16985484276131207,-0.16016232028945782,-0.15046979781760356,-0.14077727534574933,-0.1310847528738951,-0.12139223040204083,-0.11169970793018658,-0.10200718545833234,-0.09231466298647811,-0.08262214051462385,-0.0729296180427696,-0.06323709557091534,-0.05354457309906113,-0.04385205062720687,-0.034159528155352614,-0.02446700568349841,-0.014774483211644152,-0.0050819607397898925,0.004610561732064367,0.014303084203918626,0.02399560667577283,0.03368812914762709,0.04338065161948135,0.05307317409133555,0.06276569656318981,0.07245821903504407,0.08215074150689833,0.09184326397875259,0.10153578645060679,0.11122830892246105,0.12092083139431531,0.1306133538661695,0.14030587633802377,0.14999839880987803,0.1596909212817323,0.16938344375358655,0.17907596622544075,0.18876848869729507,0.19846101116914922,0.20815353364100347,0.21784605611285773,0.227538578584712,0.23723110105656625,0.2469236235284205,0.25661614600027477,0.2663086684721289,0.2760011909439832,0.28569371341583744,0.2953862358876917,0.30507875835954595],"_type":"histogram","values":[6,20,24,39,21,41,43,58,85,75,84,91,136,146,132,185,178,229,285,310,354,431,528,618,761,887,978,1088,1283,1315,1439,1640,2011,1490,1320,1303,973,907,753,569,489,356,288,206,155,114,94,95,72,68,44,54,43,30,32,33,21,11,13,13,9,5,4,3]},"train_acc":0.5141666666666667,"learning_rate":0.0001,"weights/layer_1":{"_type":"histogram","values":[7,10,26,70,65,59,34,29,7,7,15,13,27,17,14,8,5,3,5,1,0,0,2,7,1,2,0,5,5,7,0,0,1,0,0,0,0,0,0,0,0,0,9,38,76,104,73,53,35,32,35,18,14,9,11,11,9,7,7,7,4,7,8,5],"bins":[-0.5108311760156701,-0.49381927202466014,-0.47680736803365026,-0.4597954640426404,-0.44278356005163044,-0.4257716560606205,-0.4087597520696106,-0.39174784807860075,-0.3747359440875908,-0.3577240400965809,-0.340712136105571,-0.3237002321145611,-0.3066883281235512,-0.28967642413254124,-0.27266452014153136,-0.2556526161505215,-0.23864071215951155,-0.2216288081685016,-0.20461690417749173,-0.18760500018648185,-0.17059309619547192,-0.15358119220446198,-0.1365692882134521,-0.11955738422244222,-0.10254548023143228,-0.08553357624042235,-0.06852167224941247,-0.05150976825840259,-0.03449786426739265,-0.017485960276382717,-0.00047405628537289246,0.016537847705637043,0.03354975169664698,0.050561655687656915,0.06757355967866685,0.08458546366967667,0.10159736766068661,0.11860927165169655,0.13562117564270637,0.1526330796337163,0.16964498362472624,0.18665688761573618,0.2036687916067461,0.22068069559775594,0.23769259958876587,0.2547045035797758,0.27171640757078563,0.28872831156179557,0.3057402155528055,0.32275211954381544,0.3397640235348254,0.3567759275258352,0.37378783151684514,0.3907997355078551,0.4078116394988649,0.42482354348987483,0.44183544748088477,0.4588473514718947,0.47585925546290464,0.4928711594539146,0.5098830634449243,0.5268949674359342,0.5439068714269442,0.5609187754179541,0.577930679408964]},"val_loss":1.1208158955822665,"biases/layer_0":{"bins":[-0.16037148287848027,-0.15586060900967247,-0.1513497351408647,-0.1468388612720569,-0.1423279874032491,-0.13781711353444132,-0.1333062396656335,-0.1287953657968257,-0.12428449192801792,-0.11977361805921014,-0.11526274419040233,-0.11075187032159454,-0.10624099645278676,-0.10173012258397895,-0.09721924871517117,-0.09270837484636336,-0.08819750097755558,-0.08368662710874779,-0.07917575323993999,-0.0746648793711322,-0.0701540055023244,-0.06564313163351661,-0.06113225776470882,-0.05662138389590102,-0.05211051002709323,-0.04759963615828544,-0.04308876228947764,-0.03857788842066985,-0.03406701455186206,-0.02955614068305426,-0.02504526681424646,-0.020534392945438684,-0.016023519076630882,-0.01151264520782308,-0.007001771339015306,-0.0024908974702075037,0.0020199763986002983,0.006530850267408073,0.011041724136215875,0.015552598005023677,0.02006347187383148,0.024574345742639253,0.029085219611447055,0.03359609348025486,0.03810696734906263,0.042617841217870434,0.047128715086678236,0.05163958895548601,0.05615046282429381,0.060661336693101614,0.06517221056190939,0.06968308443071719,0.07419395829952499,0.07870483216833277,0.08321570603714057,0.08772657990594837,0.09223745377475615,0.09674832764356397,0.10125920151237175,0.10577007538117952,0.11028094924998735,0.11479182311879513,0.1193026969876029,0.12381357085641073,0.12832444472521853],"_type":"histogram","values":[2,0,0,0,0,0,0,0,0,0,0,0,0,1,1,1,0,1,1,3,3,2,0,2,1,1,1,0,0,2,0,0,0,1,0,0,1,1,0,0,0,0,0,0,0,0,1,1,1,1,0,0,0,0,0,1,0,0,0,0,1,0,0,1]},"_step":15,"biases/layer_1":{"bins":[-0.17873707764761554,-0.16893910801608172,-0.1591411383845479,-0.1493431687530141,-0.13954519912148028,-0.1297472294899465,-0.11994925985841268,-0.11015129022687886,-0.10035332059534505,-0.09055535096381123,-0.08075738133227742,-0.07095941170074362,-0.0611614420692098,-0.051363472437676,-0.041565502806142185,-0.03176753317460837,-0.021969563543074555,-0.01217159391154074,-0.002373624280006925,0.00742434535152689,0.017222314983060705,0.027020284614594492,0.03681825424612831,0.04661622387766212,0.05641419350919594,0.06621216314072975,0.07601013277226354,0.08580810240379738,0.09560607203533117,0.10540404166686501,0.1152020112983988,0.12499998092993264,0.13479795056146643,0.14459592019300022,0.15439388982453406,0.16419185945606785,0.1739898290876017,0.18378779871913548,0.19358576835066932,0.2033837379822031,0.21318170761373695,0.22297967724527074,0.23277764687680452,0.24257561650833837,0.25237358613987215,0.262171555771406,0.2719695254029398,0.2817674950344736,0.2915654646660074,0.3013634342975412,0.31116140392907504,0.32095937356060883,0.3307573431921426,0.3405553128236765,0.3503532824552103,0.3601512520867441,0.3699492217182779,0.37974719134981166,0.38954516098134556,0.39934313061287935,0.40914110024441314,0.4189390698759469,0.4287370395074808,0.4385350091390146,0.4483329787705484],"_type":"histogram","values":[4,5,7,5,1,2,2,0,0,0,0,0,0,0,0,0,0,0,0,0,0,0,0,0,0,0,0,0,0,0,0,0,0,0,0,0,0,0,0,0,0,0,0,0,0,0,0,0,0,0,0,0,0,0,0,0,0,0,0,0,1,0,2,3]},"_wandb":{"runtime":15},"epoch":10,"train_loss":1.1208158955822665,"sample_predictions":{"_type":"images/separated","width":28,"height":28,"format":"png","count":10,