{"biases/layer_2":{"values":[2,1,38,45,22,2,0,0,0,0,0,0,0,0,0,0,0,0,0,0,0,0,0,0,0,0,0,0,0,0,0,0,0,0,0,0,0,1,2,3,0,0,0,0,0,0,0,0,1,1,0,0,0,2,1,2,0,1,0,0,1,1,0,2],"bins":[-1.3930248577804487,-1.3543305312441998,-1.315636204707951,-1.2769418781717023,-1.2382475516354534,-1.1995532250992045,-1.1608588985629558,-1.122164572026707,-1.0834702454904581,-1.0447759189542092,-1.0060815924179605,-0.9673872658817116,-0.9286929393454628,-0.889998612809214,-0.8513042862729652,-0.8126099597367163,-0.7739156332004675,-0.7352213066642187,-0.6965269801279699,-0.657832653591721,-0.6191383270554722,-0.5804440005192234,-0.5417496739829746,-0.5030553474467258,-0.46436102091047693,-0.4256666943742281,-0.3869723678379793,-0.34827804130173035,-0.30958371476548163,-0.2708893882292329,-0.23219506169298398,-0.19350073515673505,-0.15480640862048634,-0.11611208208423762,-0.07741775554798869,-0.03872342901173975,-2.9102475491038504e-05,0.038665224060757675,0.07735955059700661,0.11605387713325555,0.15474820366950426,0.19344253020575297,0.2321368567420019,0.27083118327825084,0.30952550981449956,0.34821983635074827,0.3869141628869972,0.42560848942324614,0.46430281595949485,0.5029971424957436,0.5416914690319925,0.5803857955682414,0.6190801221044901,0.6577744486407389,0.696468775176988,0.7351631017132367,0.7738574282494854,0.8125517547857342,0.8512460813219829,0.889940407858232,0.9286347343944807,0.9673290609307295,1.0060233874669786,1.0447177140032273,1.0834120405394758],"_type":"histogram"},"biases/layer_4":{"_type":"histogram","values":[1,0,0,0,0,0,0,0,0,0,0,0,0,0,0,0,0,0,0,1,1,0,0,2,2,2,2,5,0,2,5,2,1,0,1,4,0,2,0,0,0,0,2,4,4,3,0,3,4,6,8,6,6,7,5,7,7,8,3,6,3,2,0,1],"bins":[-1.2990745309258744,-1.253685326615039,-1.2082961223042035,-1.162906917993368,-1.1175177136825325,-1.072128509371697,-1.0267393050608615,-0.981350100750026,-0.9359608964391906,-0.8905716921283551,-0.8451824878175196,-0.7997932835066841,-0.7544040791958486,-0.7090148748850131,-0.6636256705741777,-0.6182364662633422,-0.5728472619525067,-0.5274580576416712,-0.4820688533308357,-0.4366796490200002,-0.39129044470916474,-0.34590124039832926,-0.3005120360874938,-0.2551228317766583,-0.2097336274658228,-0.16434442315498732,-0.11895521884415183,-0.07356601453331635,-0.028176810222480864,0.01721239408835462,0.0626015983991901,0.10799080271002559,0.15338000702086108,0.19876921133169656,0.24415841564253205,0.28954761995336753,0.334936824264203,0.3803260285750385,0.425715232885874,0.47110443719670947,0.516493641507545,0.5618828458183804,0.6072720501292159,0.6526612544400514,0.6980504587508869,0.7434396630617224,0.7888288673725579,0.8342180716833933,0.8796072759942288,0.9249964803050643,0.9703856846158998,1.0157748889267353,1.0611640932375708,1.1065532975484063,1.1519425018592417,1.1973317061700772,1.2427209104809127,1.2881101147917482,1.3334993191025837,1.3788885234134192,1.4242777277242546,1.4696669320350901,1.5150561363459256,1.560445340656761,1.6058345449675968]},"train_acc":0.842,"biases/layer_3":{"values":[2,0,1,0,2,2,1,1,1,1,2,1,2,0,3,0,0,0,0,0,0,1,0,1,0,1,0,0,0,0,0,0,0,1,1,0,0,1,1,3,0,2,1,0,0,0,1,1,3,3,6,11,7,10,10,7,8,9,8,5,1,2,2,2],"bins":[-1.0169692991880015,-1.0129003619901564,-1.0088314247923114,-1.0047624875944663,-1.0006935503966212,-0.9966246131987762,-0.9925556760009311,-0.988486738803086,-0.984417801605241,-0.9803488644073959,-0.9762799272095508,-0.9722109900117057,-0.9681420528138607,-0.9640731156160156,-0.9600041784181705,-0.9559352412203255,-0.9518663040224804,-0.9477973668246353,-0.9437284296267903,-0.9396594924289452,-0.9355905552311001,-0.9315216180332551,-0.92745268083541,-0.9233837436375649,-0.9193148064397199,-0.9152458692418748,-0.9111769320440297,-0.9071079948461847,-0.9030390576483396,-0.8989701204504945,-0.8949011832526494,-0.8908322460548044,-0.8867633088569593,-0.8826943716591142,-0.8786254344612692,-0.8745564972634241,-0.870487560065579,-0.866418622867734,-0.8623496856698889,-0.8582807484720438,-0.8542118112741988,-0.8501428740763537,-0.8460739368785086,-0.8420049996806636,-0.8379360624828185,-0.8338671252849734,-0.8297981880871284,-0.8257292508892833,-0.8216603136914382,-0.8175913764935931,-0.8135224392957481,-0.809453502097903,-0.8053845649000579,-0.8013156277022129,-0.7972466905043678,-0.7931777533065227,-0.7891088161086777,-0.7850398789108326,-0.7809709417129875,-0.7769020045151425,-0.7728330673172974,-0.7687641301194523,-0.7646951929216073,-0.7606262557237622,-0.7565573185259171],"_type":"histogram"},"biases/layer_5":{"bins":[-0.7651849305690369,-0.715517956830899,-0.6658509830927611,-0.6161840093546233,-0.5665170356164854,-0.5168500618783475,-0.46718308814020953,-0.41751611440207165,-0.36784914066393376,-0.3181821669257959,-0.268515193187658,-0.21884821944952004,-0.16918124571138216,-0.11951427197324427,-0.06984729823510638,-0.020180324496968494,0.029486649241169394,0.07915362297930728,0.12882059671744517,0.17848757045558306,0.22815454419372094,0.27782151793185894,0.32748849166999683,0.3771554654081347,0.4268224391462726,0.4764894128844105,0.5261563866225484,0.5758233603606863,0.6254903340988242,0.675157307836962,0.7248242815750999,0.7744912553132378,0.8241582290513757,0.8738252027895136,0.9234921765276515,0.9731591502657894,1.0228261240039274,1.0724930977420652,1.1221600714802031,1.171827045218341,1.221494018956479,1.2711609926946168,1.3208279664327547,1.3704949401708926,1.4201619139090305,1.4698288876471683,1.5194958613853062,1.5691628351234441,1.618829808861582,1.66849678259972,1.7181637563378578,1.7678307300759957,1.8174977038141336,1.8671646775522714,1.9168316512904093,1.9664986250285472,2.016165598766685,2.065832572504823,2.115499546242961,2.1651665199810988,2.2148334937192367,2.2645004674573745,2.3141674411955124,2.3638344149336503,2.413501388671788],"_type":"histogram","values":[2,4,1,0,0,0,0,0,0,0,0,0,0,0,0,0,0,0,1,0,0,0,0,0,0,0,0,0,0,0,0,0,0,0,0,0,0,0,0,0,0,0,0,0,0,0,0,1,0,0,0,0,0,0,0,0,0,0,0,0,0,0,0,1]},"_wandb":{"runtime":56},"train_loss":0.48482515262883485,"epoch":10,"_timestamp":1.7415327316154997e+09,"weights/layer_3":{"_type":"histogram","values":[15,24,62,64,52,81,74,82,85,83,83,78,37,32,33,11,0,4,17,32,27,26,25,26,60,108,120,71,64,53,25,37,43,27,30,63,194,229,161,282,600,978,1694,2724,2749,1675,1217,966,635,198,106,55,44,40,17,14,13,6,6,7,5,5,7,3],"bins":[-1.0903202575370763,-1.0645556762518562,-1.0387910949666364,-1.0130265136814163,-0.9872619323961963,-0.9614973511109763,-0.9357327698257564,-0.9099681885405364,-0.8842036072553164,-0.8584390259700965,-0.8326744446848764,-0.8069098633996565,-0.7811452821144365,-0.7553807008292165,-0.7296161195439965,-0.7038515382587764,-0.6780869569735566,-0.6523223756883365,-0.6265577944031165,-0.6007932131178966,-0.5750286318326766,-0.5492640505474566,-0.5234994692622367,-0.4977348879770166,-0.4719703066917966,-0.44620572540657666,-0.4204411441213567,-0.3946765628361367,-0.36891198155091676,-0.3431474002656967,-0.3173828189804767,-0.29161823769525674,-0.2658536564100368,-0.2400890751248168,-0.21432449383959684,-0.18855991255437687,-0.1627953312691568,-0.13703074998393683,-0.11126616869871686,-0.08550158741349678,-0.059737006128276926,-0.03397242484305685,-0.008207843557836991,0.017556737727383087,0.043321319012602943,0.06908590029782302,0.0948504815830431,0.12061506286826296,0.14637964415348304,0.1721442254387029,0.19790880672392297,0.22367338800914283,0.2494379692943629,0.275202550579583,0.30096713186480284,0.3267317131500229,0.3524962944352428,0.37826087572046285,0.40402545700568293,0.4297900382909028,0.45555461957612287,0.4813192008613427,0.5070837821465628,0.5328483634317827,0.5586129447170027]},"_runtime":56.614256,"confusion_matrix_table":{"sha256":"c8de436944e32806d6fc95b99fc0195afa2875a1ad61ff2241f3720186962eb8","size":3027,"artifact_path":"wandb-client-artifact://tns78kqk821p64nkhaxw51gwm4a2bpumstipmrzsl8ox8age5qdkly2j39nhv48fjeul51czbblv6dcyuj7bmfa0el55lbarmgi0qoslnh9fs0rv3fg1r3k5jcbazxb3/confusion_matrix_table.table.json",