{"biases/layer_5":{"bins":[-0.3370837643734899,-0.32385595241820353,-0.3106281404629171,-0.2974003285076307,-0.2841725165523443,-0.2709447045970579,-0.2577168926417715,-0.24448908068648512,-0.2312612687311987,-0.2180334567759123,-0.2048056448206259,-0.1915778328653395,-0.1783500209100531,-0.1651222089547667,-0.1518943969994803,-0.1386665850441939,-0.1254387730889075,-0.11221096113362108,-0.0989831491783347,-0.08575533722304829,-0.0725275252677619,-0.059299713312475466,-0.04607190135718908,-0.0328440894019027,-0.01961627744661626,-0.0063884654913298755,0.006839346463956508,0.020067158419242892,0.03329497037452933,0.046522782329815715,0.0597505942851021,0.07297840624038854,0.08620621819567492,0.0994340301509613,0.11266184210624774,0.12588965406153413,0.1391174660168205,0.15234527797210695,0.16557308992739334,0.17880090188267977,0.1920287138379661,0.20525652579325254,0.21848433774853898,0.2317121497038253,0.24493996165911175,0.2581677736143982,0.2713955855696845,0.28462339752497096,0.2978512094802574,0.3110790214355437,0.32430683339083016,0.3375346453461165,0.35076245730140293,0.36399026925668937,0.3772180812119757,0.39044589316726214,0.4036737051225486,0.4169015170778349,0.43012932903312134,0.4433571409884078,0.4565849529436941,0.46981276489898055,0.483040576854267,0.4962683888095533,0.5094962007648398],"_type":"histogram","values":[1,0,0,0,0,0,0,0,1,1,0,0,0,0,0,1,0,0,0,0,1,0,0,0,0,0,1,0,0,0,0,0,0,0,1,0,1,0,1,0,0,0,0,0,0,0,0,0,0,0,0,0,0,0,0,0,0,0,0,0,0,0,0,1]},"biases/layer_1":{"bins":[-0.7150257122079022,-0.6949988172429952,-0.6749719222780881,-0.654945027313181,-0.634918132348274,-0.6148912373833669,-0.5948643424184599,-0.5748374474535529,-0.5548105524886457,-0.5347836575237388,-0.5147567625588316,-0.4947298675939247,-0.4747029726290176,-0.45467607766411056,-0.4346491826992035,-0.41462228773429644,-0.3945953927693894,-0.3745684978044823,-0.35454160283957525,-0.3345147078746682,-0.31448781290976113,-0.29446091794485413,-0.27443402297994707,-0.25440712801504,-0.23438023305013295,-0.21435333808522594,-0.19432644312031888,-0.17429954815541182,-0.15427265319050476,-0.1342457582255977,-0.11421886326069064,-0.09419196829578358,-0.07416507333087652,-0.05413817836596946,-0.0341112834010624,-0.014084388436155337,0.005942506528751723,0.025969401493658784,0.045996296458565844,0.0660231914234729,0.08605008638837996,0.10607698135328691,0.12610387631819397,0.14613077128310104,0.1661576662480081,0.18618456121291516,0.20621145617782222,0.22623835114272928,0.24626524610763634,0.2662921410725434,0.28631903603745035,0.3063459310023575,0.32637282596726447,0.34639972093217164,0.3664266158970786,0.38645351086198576,0.4064804058268927,0.4265073007917999,0.44653419575670683,0.466561090721614,0.48658798568652095,0.5066148806514281,0.5266417756163351,0.5466686705812422,0.5666955655461491],"_type":"histogram","values":[1,0,1,0,0,0,3,0,4,3,4,0,2,0,2,1,5,3,3,4,4,6,3,4,2,3,5,2,1,3,1,2,1,4,0,3,2,6,4,0,3,2,3,0,2,2,3,1,1,3,2,1,1,2,0,1,1,1,0,2,2,2,0,1]},"weights/layer_5":{"_type":"histogram","values":[1,2,0,1,2,3,2,8,10,6,14,14,19,15,20,33,37,30,58,43,51,61,56,75,86,89,58,79,55,48,50,40,41,25,33,26,23,14,13,13,5,5,7,1,2,1,0,0,0,2,1,1,0,0,0,0,0,0,0,0,0,0,0,1],"bins":[-0.3273329368574097,-0.31415360660421315,-0.30097427635101653,-0.28779494609781997,-0.27461561584462335,-0.2614362855914268,-0.2482569553382302,-0.2350776250850336,-0.22189829483183704,-0.20871896457864042,-0.19553963432544386,-0.18236030407224726,-0.16918097381905067,-0.15600164356585408,-0.14282231331265752,-0.12964298305946093,-0.11646365280626433,-0.10328432255306774,-0.09010499229987115,-0.07692566204667456,-0.063746331793478,-0.050567001540281376,-0.03738767128708481,-0.024208341033888248,-0.011029010780691628,0.0021503194725049357,0.015329649725701555,0.02850897997889812,0.04168831023209468,0.0548676404852913,0.06804697073848787,0.08122630099168449,0.09440563124488105,0.10758496149807761,0.12076429175127423,0.1339436220044708,0.14712295225766742,0.16030228251086398,0.1734816127640606,0.1866609430172571,0.19984027327045373,0.21301960352365035,0.22619893377684697,0.23937826403004347,0.2525575942832401,0.2657369245364367,0.2789162547896332,0.29209558504282984,0.30527491529602646,0.31845424554922297,0.3316335758024196,0.3448129060556162,0.35799223630881283,0.37117156656200934,0.38435089681520596,0.3975302270684026,0.4107095573215991,0.4238888875747957,0.4370682178279923,0.45024754808118883,0.46342687833438545,0.47660620858758207,0.4897855388407787,0.5029648690939752,0.5161441993471718]},"_runtime":194.2563261,"_wandb":{"runtime":194},"weights/layer_0":{"values":[1,2,3,3,2,3,4,2,5,8,8,13,7,20,26,28,39,69,79,101,96,151,171,233,265,415,545,763,1139,1616,2205,3051,4517,6584,9411,12259,13561,11686,9036,6526,4547,3293,2226,1706,1111,779,571,366,271,207,148,94,76,66,51,54,48,36,19,9,7,5,5,4],"bins":[-2.7038250031332685,-2.629486672465183,-2.5551483417970977,-2.4808100111290123,-2.406471680460927,-2.3321333497928416,-2.2577950191247558,-2.1834566884566704,-2.109118357788585,-2.0347800271204997,-1.9604416964524143,-1.886103365784329,-1.8117650351162435,-1.7374267044481582,-1.6630883737800726,-1.5887500431119872,-1.5144117124439018,-1.4400733817758165,-1.365735051107731,-1.2913967204396455,-1.2170583897715601,-1.1427200591034747,-1.0683817284353894,-0.994043397767304,-0.9197050670992186,-0.845366736431133,-0.7710284057630477,-0.6966900750949621,-0.6223517444268767,-0.5480134137587913,-0.47367508309070594,-0.39933675242262057,-0.3249984217545352,-0.2506600910864498,-0.17632176041836445,-0.10198342975027908,-0.027645099082193703,0.04669323158589167,0.12103156225397749,0.19536989292206286,0.26970822359014823,0.3440465542582336,0.418384884926319,0.49272321559440435,0.5670615462624897,0.6413998769305751,0.7157382075986605,0.7900765382667458,0.8644148689348312,0.938753199602917,1.0130915302710024,1.0874298609390878,1.1617681916071732,1.2361065222752585,1.3104448529433443,1.3847831836114293,1.459121514279515,1.5334598449476,1.6077981756156858,1.6821365062837708,1.7564748369518566,1.8308131676199415,1.9051514982880273,1.9794898289561123,2.053828159624198],"_type":"histogram"},"train_loss":0.4331878973398656,"val_acc":0.851,"learning_rate":0.001,"epoch":15,"weights/layer_4":{"bins":[-0.5278863321072856,-0.5112028038112364,-0.49451927551518715,-0.4778357472191379,-0.46115221892308866,-0.4444686906270394,-0.42778516233099023,-0.411101634034941,-0.39441810573889174,-0.3777345774428425,-0.36105104914679326,-0.34436752085074407,-0.3276839925546948,-0.3110004642586456,-0.29431693596259634,-0.2776334076665471,-0.26094987937049785,-0.2442663510744486,-0.22758282277839936,-0.21089929448235012,-0.19421576618630088,-0.1775322378902517,-0.16084870959420244,-0.1441651812981532,-0.12748165300210396,-0.11079812470605471,-0.09411459641000547,-0.07743106811395623,-0.06074753981790704,-0.04406401152185779,-0.02738048322580855,-0.010696954929759306,0.005986573366289938,0.02267010166233918,0.039353629958388425,0.05603715825443767,0.07272068655048691,0.08940421484653616,0.1060877431425854,0.12277127143863464,0.1394547997346839,0.15613832803073302,0.17282185632678226,0.1895053846228315,0.20618891291888075,0.22287244121493,0.23955596951097924,0.2562394978070285,0.2729230261030777,0.28960655439912697,0.3062900826951762,0.32297361099122546,0.3396571392872747,0.35634066758332394,0.3730241958793732,0.38970772417542243,0.40639125247147156,0.4230747807675208,0.43975830906357005,0.4564418373596193,0.47312536565566854,0.4898088939517179,0.506492422247767,0.5231759505438164,0.5398594788398654],"_type":"histogram","values":[1,0,0,1,3,1,3,8,7,13,9,15,17,30,34,28,45,65,81,99,122,180,252,312,381,535,646,784,1025,1164,1355,1427,1328,1253,1138,885,707,571,431,325,255,206,135,119,81,64,52,45,32,20,18,13,13,16,10,5,7,7,2,0,1,0,1,1]},"weights/layer_1":{"_type":"histogram",