{"val_acc":0.7441666666666666,"_timestamp":1.7414611878939154e+09,"_wandb":{"runtime":110},"_runtime":110.8932294,"_step":10,"epoch":9,"val_loss":0.7071459138439903}