{"val_acc":0.09233333333333334,"_timestamp":1.7414616092810218e+09,"_runtime":140.910671,"_step":10,"epoch":9,"val_loss":2.3028278549462455,"_wandb":{"runtime":140}}