{"epoch":4,"val_loss":2.3027711201606555,"val_acc":0.09233333333333334,"_timestamp":1.74146046040364e+09,"_runtime":22.5381075,"_step":5,"_wandb":{"runtime":22}}