{"biases/layer_1":{"values":[1,1,0,1,1,2,3,2,1,1,6,5,5,9,4,8,3,6,4,2,0,4,8,3,7,2,6,1,2,4,1,2,1,1,1,1,0,1,1,2,0,1,0,1,1,0,3,2,0,0,0,0,0,1,0,0,0,1,1,1,1,1,0,1],"bins":[0.29390880630662725,0.2963501531378934,0.29879149996915955,0.3012328468004257,0.3036741936316919,0.306115540462958,0.3085568872942242,0.3109982341254904,0.3134395809567565,0.3158809277880227,0.31832227461928886,0.32076362145055504,0.32320496828182116,0.32564631511308734,0.3280876619443535,0.33052900877561964,0.3329703556068858,0.335411702438152,0.3378530492694181,0.3402943961006843,0.34273574293195047,0.3451770897632166,0.34761843659448277,0.35005978342574895,0.3525011302570151,0.35494247708828125,0.3573838239195474,0.35982517075081355,0.36226651758207973,0.3647078644133459,0.3671492112446121,0.3695905580758782,0.3720319049071444,0.37447325173841056,0.3769145985696767,0.37935594540094286,0.38179729223220904,0.3842386390634752,0.38667998589474134,0.3891213327260075,0.39156267955727364,0.3940040263885398,0.396445373219806,0.3988867200510722,0.4013280668823383,0.4037694137136045,0.4062107605448706,0.4086521073761368,0.41109345420740295,0.41353480103866913,0.4159761478699353,0.41841749470120143,0.4208588415324676,0.42330018836373373,0.4257415351949999,0.4281828820262661,0.43062422885753227,0.4330655756887984,0.43550692252006457,0.4379482693513307,0.44038961618259687,0.44283096301386304,0.4452723098451292,0.4477136566763954,0.4501550035076615],"_type":"histogram"},"_wandb":{"runtime":140},"weights/layer_1":{"values":[2,0,1,0,2,2,2,4,3,3,7,9,19,60,75,50,94,232,601,868,1047,1044,718,761,916,1556,3051,1613,922,665,538,398,171,278,159,146,124,97,37,22,14,15,16,8,2,12,3,2,4,5,2,1,0,0,0,0,1,0,0,0,0,0,0,2],"bins":[-1.1408532443990342,-1.1012133228335552,-1.061573401268076,-1.021933479702597,-0.9822935581371178,-0.9426536365716387,-0.9030137150061597,-0.8633737934406805,-0.8237338718752014,-0.7840939503097223,-0.7444540287442432,-0.7048141071787641,-0.665174185613285,-0.6255342640478059,-0.5858943424823269,-0.5462544209168477,-0.5066144993513686,-0.46697457778588947,-0.42733465622041034,-0.3876947346549313,-0.3480548130894522,-0.30841489152397306,-0.26877496995849404,-0.2291350483930149,-0.18949512682753578,-0.14985520526205665,-0.11021528369657752,-0.0705753621310985,-0.030935440565619476,0.008704480999859765,0.048344402565338784,0.08798432413081803,0.12762424569629705,0.16726416726177606,0.2069040888272553,0.24654401039273433,0.28618393195821357,0.3258238535236926,0.3654637750891716,0.40510369665465085,0.44474361822012987,0.4843835397856089,0.5240234613510881,0.5636633829165671,0.6033033044820462,0.6429432260475254,0.6825831476130044,0.7222230691784837,0.7618629907439627,0.8015029123094417,0.841142833874921,0.8807827554404,0.9204226770058792,0.960062598571358,0.9997025201368372,1.0393424417023165,1.0789823632677953,1.1186222848332745,1.1582622063987538,1.197902127964233,1.2375420495297118,1.277181971095191,1.3168218926606703,1.356461814226149,1.396101735791628],"_type":"histogram"},"val_loss":0.5154532148411303,"train_acc":0.8328333333333333,"biases/layer_4":{"bins":[-1.3881760968991754,-1.3430857852092295,-1.2979954735192836,-1.2529051618293376,-1.2078148501393917,-1.1627245384494458,-1.1176342267594999,-1.072543915069554,-1.027453603379608,-0.982363291689662,-0.937272979999716,-0.89218266830977,-0.8470923566198241,-0.8020020449298781,-0.7569117332399322,-0.7118214215499863,-0.6667311098600404,-0.6216407981700944,-0.5765504864801485,-0.5314601747902026,-0.48636986310025665,-0.4412795514103106,-0.3961892397203647,-0.35109892803041887,-0.3060086163404727,-0.2609183046505268,-0.21582799296058086,-0.17073768127063493,-0.125647369580689,-0.08055705789074308,-0.03546674620079715,0.009623565489148778,0.054713877179094705,0.09980418886904063,0.14489450055898656,0.1899848122489325,0.23507512393887842,0.28016543562882434,0.32525574731877027,0.3703460590087162,0.4154363706986621,0.4605266823886083,0.5056169940785542,0.5507073057685001,0.5957976174584461,0.6408879291483918,0.6859782408383377,0.7310685525282836,0.77615886421823,0.8212491759081759,0.8663394875981218,0.9114297992880678,0.9565201109780137,1.0016104226679596,1.0467007343579056,1.0917910460478515,1.1368813577377974,1.1819716694277433,1.2270619811176893,1.2721522928076352,1.3172426044975811,1.362332916187527,1.407423227877473,1.452513539567419,1.4976038512573648],"_type":"histogram","values":[3,1,0,0,0,0,0,0,0,0,0,0,0,0,0,0,0,0,0,0,0,0,0,0,0,0,0,0,0,0,0,0,0,0,0,2,3,5,9,7,5,3,4,4,1,2,5,2,1,2,2,0,3,3,5,5,11,11,4,11,10,3,0,1]},"biases/layer_5":{"_type":"histogram","values":[1,0,1,1,0,0,1,0,1,0,0,1,0,0,0,0,0,0,0,0,0,0,1,0,0,1,0,0,0,0,0,0,0,0,0,0,0,0,0,1,0,0,0,0,0,0,0,0,0,0,0,0,0,0,0,0,0,0,0,0,0,0,0,1],"bins":[-0.6000820283348507,-0.5675354273226008,-0.5349888263103508,-0.502442225298101,-0.4698956242858511,-0.43734902327360115,-0.40480242226135127,-0.3722558212491014,-0.33970922023685146,-0.30716261922460153,-0.27461601821235165,-0.24206941720010178,-0.20952281618785185,-0.17697621517560191,-0.14442961416335204,-0.11188301315110216,-0.07933641213885223,-0.0467898111266023,-0.014243210114352367,0.018303390897897454,0.050849991910147385,0.08339659292239732,0.11594319393464714,0.14848979494689707,0.181036395959147,0.21358299697139693,0.24612959798364686,0.2786761989958967,0.3112228000081466,0.34376940102039655,0.37631600203264637,0.4088626030448963,0.44140920405714623,0.47395580506939616,0.5065024060816461,0.539049007093896,0.571595608106146,0.6041422091183957,0.6366888101306456,0.6692354111428955,0.7017820121551455,0.7343286131673954,0.7668752141796453,0.7994218151918953,0.831968416204145,0.8645150172163949,0.8970616182286448,0.9296082192408948,0.9621548202531447,0.9947014212653946,1.0272480222776446,1.0597946232898945,1.0923412243021444,1.1248878253143941,1.157434426326644,1.189981027338894,1.222527628351144,1.2550742293633939,1.2876208303756438,1.3201674313878937,1.3527140324001434,1.3852606334123934,1.4178072344246433,1.4503538354368934,1.4829004364491434]},"biases/layer_3":{"_type":"histogram","values":[1,2,0,0,0,7,4,2,2,1,0,0,0,0,0,0,0,0,0,0,0,1,0,0,0,0,0,1,0,0,0,0,1,0,0,1,1,1,0,0,0,0,0,3,3,3,3,6,3,6,6,4,5,6,5,6,6,17,10,3,3,2,2,1],"bins":[-1.0327304501513785,-1.0283464657244017,-1.0239624812974246,-1.0195784968704478,-1.0151945124434707,-1.0108105280164938,-1.0064265435895168,-1.00204255916254,-0.9976585747355629,-0.9932745903085859,-0.9888906058816089,-0.984506621454632,-0.980122637027655,-0.975738652600678,-0.9713546681737011,-0.9669706837467242,-0.9625866993197472,-0.9582027148927703,-0.9538187304657932,-0.9494347460388164,-0.9450507616118394,-0.9406667771848625,-0.9362827927578855,-0.9318988083309085,-0.9275148239039316,-0.9231308394769546,-0.9187468550499777,-0.9143628706230007,-0.9099788861960237,-0.9055949017690468,-0.9012109173420698,-0.8968269329150929,-0.8924429484881159,-0.8880589640611389,-0.883674979634162,-0.879290995207185,-0.874907010780208,-0.8705230263532311,-0.8661390419262541,-0.8617550574992772,-0.8573710730723002,-0.8529870886453232,-0.8486031042183463,-0.8442191197913693,-0.8398351353643925,-0.8354511509374154,-0.8310671665104385,-0.8266831820834615,-0.8222991976564846,-0.8179152132295076,-0.8135312288025307,-0.8091472443755536,-0.8047632599485768,-0.8003792755215998,-0.7959952910946229,-0.7916113066676459,-0.7872273222406689,-0.782843337813692,-0.778459353386715,-0.774075368959738,-0.7696913845327611,-0.7653074001057841,-0.7609234156788072,-0.7565394312518302,-0.7521554468248532]},"sample_predictions":{"_type":"images/separated","width":28,"height":28,"format":"png","count":10,