{"weights/layer_1":{"values":[12,31,45,39,16,1,7,13,4,3,10,12,39,48,42,82,72,28,6,2,0,0,0,0,0,0,0,0,0,0,0,0,0,0,0,0,0,0,0,0,0,0,0,0,0,0,0,1,2,12,27,54,66,49,35,20,28,45,46,44,39,30,7,7],"bins":[-0.4112326234460177,-0.39881139956425593,-0.3863901756824941,-0.37396895180073236,-0.36154772791897055,-0.3491265040372088,-0.336705280155447,-0.32428405627368523,-0.3118628323919235,-0.29944160851016166,-0.2870203846283999,-0.27459916074663815,-0.26217793686487634,-0.24975671298311455,-0.2373354891013528,-0.22491426521959101,-0.21249304133782923,-0.20007181745606745,-0.18765059357430566,-0.1752293696925439,-0.16280814581078212,-0.1503869219290203,-0.13796569804725856,-0.1255444741654968,-0.11312325028373499,-0.10070202640197323,-0.08828080252021142,-0.07585957863844967,-0.06343835475668791,-0.0510171308749261,-0.03859590699316434,-0.02617468311140253,-0.013753459229640774,-0.0013322353478790183,0.011088988533882793,0.02351021241564455,0.03593143629740636,0.04835266017916812,0.06077388406092987,0.07319510794269168,0.08561633182445344,0.09803755570621525,0.11045877958797706,0.12288000346973876,0.13530122735150057,0.1477224512332624,0.1601436751150241,0.1725648989967859,0.1849861228785477,0.1974073467603094,0.20982857064207122,0.22224979452383303,0.23467101840559484,0.24709224228735654,0.25951346616911836,0.27193469005088017,0.28435591393264187,0.2967771378144037,0.3091983616961655,0.3216195855779272,0.334040809459689,0.3464620333414508,0.3588832572232126,0.3713044811049743,0.38372570498673614],"_type":"histogram"},"biases/layer_2":{"_type":"histogram","values":[1,4,5,2,1,1,0,0,0,0,0,0,0,0,0,0,0,0,0,0,0,0,0,0,0,0,0,0,0,0,0,0,0,0,0,0,0,0,0,0,0,0,0,0,0,0,0,0,0,0,0,0,0,0,0,0,1,1,2,0,2,2,4,6],"bins":[-0.23820934895855148,-0.22860188559347674,-0.218994422228402,-0.2093869588633273,-0.19977949549825258,-0.19017203213317785,-0.18056456876810312,-0.1709571054030284,-0.16134964203795366,-0.15174217867287892,-0.14213471530780422,-0.1325272519427295,-0.12291978857765476,-0.11331232521258004,-0.10370486184750533,-0.0940973984824306,-0.08448993511735586,-0.07488247175228113,-0.0652750083872064,-0.0556675450221317,-0.04606008165705697,-0.036452618291982236,-0.026845154926907505,-0.017237691561832774,-0.007630228196758043,0.00197723516831666,0.011584698533391391,0.021192161898466094,0.030799625263540825,0.040407088628615556,0.05001455199369029,0.05962201535876502,0.06922947872383975,0.07883694208891448,0.08844440545398921,0.09805186881906394,0.10765933218413867,0.1172667955492134,0.12687425891428808,0.1364817222793628,0.14608918564443754,0.15569664900951227,0.165304112374587,0.17491157573966173,0.18451903910473647,0.1941265024698112,0.20373396583488593,0.21334142919996066,0.2229488925650354,0.23255635593011006,0.2421638192951848,0.2517712826602595,0.2613787460253343,0.27098620939040896,0.28059367275548364,0.2902011361205584,0.2998085994856331,0.3094160628507079,0.31902352621578256,0.32863098958085735,0.338238452945932,0.3478459163110068,0.3574533796760815,0.36706084304115627,0.376668306406231]},"_wandb":{"runtime":7},"epoch":5,"val_loss":1.5225817829252826,"val_acc":0.349,"_step":10,"learning_rate":0.0001,"weights/layer_0":{"bins":[-0.2166491521425907,-0.21011196128759804,-0.2035747704326054,-0.19703757957761275,-0.1905003887226201,-0.18396319786762746,-0.1774260070126348,-0.17088881615764218,-0.16435162530264952,-0.15781443444765686,-0.15127724359266423,-0.14474005273767157,-0.13820286188267894,-0.13166567102768628,-0.12512848017269362,-0.11859128931770098,-0.11205409846270833,-0.10551690760771569,-0.09897971675272305,-0.09244252589773039,-0.08590533504273776,-0.0793681441877451,-0.07283095333275244,-0.06629376247775981,-0.05975657162276715,-0.05321938076777449,-0.04668218991278186,-0.040144999057789205,-0.033607808202796546,-0.027070617347803916,-0.020533426492811258,-0.013996235637818627,-0.007459044782825969,-0.0009218539278333104,0.00561533692715932,0.012152527782151978,0.01868971863714461,0.025226909492137267,0.031764100347129925,0.038301291202122584,0.044838482057115187,0.051375672912107845,0.0579128637671005,0.06445005462209316,0.07098724547708582,0.07752443633207848,0.08406162718707108,0.09059881804206374,0.0971360088970564,0.10367319975204906,0.11021039060704171,0.11674758146203432,0.12328477231702697,0.12982196317201963,0.1363591540270123,0.14289634488200495,0.1494335357369976,0.1559707265919902,0.16250791744698287,0.16904510830197553,0.17558229915696819,0.18211949001196084,0.18865668086695345,0.1951938717219461,0.20173106257693876],"_type":"histogram","values":[5,13,15,21,26,35,64,85,79,84,119,88,142,139,142,232,271,298,278,367,415,358,420,460,486,560,767,814,954,1060,1164,1235,1148,1166,1190,1238,1092,963,864,798,677,490,448,417,339,409,388,345,331,282,232,160,145,147,164,124,95,86,59,38,26,18,10,3]},"_timestamp":1.7415248655522103e+09,"sample_predictions":{"captions":["True: 1, Pred: 1","True: 5, Pred: 5","True: 2, Pred: 0","True: 3, Pred: 0","True: 9, Pred: 7","True: 0, Pred: 1","True: 9, Pred: 7","True: 0, Pred: 1","True: 1, Pred: 1","True: 8, Pred: 8"],"_type":"images/separated","width":28,"height":28,"format":"png","count":10,"filenames":["media/images/sample_predictions_10_606215d87f87b2f00799.png","media/images/sample_predictions_10_80c07028ea3856542be4.png","media/images/sample_predictions_10_9cf40359a3dec85636e5.png","media/images/sample_predictions_10_ce5b739914bcd72b66df.png","media/images/sample_predictions_10_07a347c11e27a0aa79ca.png","media/images/sample_predictions_10_d99b4985df3c791d3f16.png","media/images/sample_predictions_10_379b818d067226d80795.png","media/images/sample_predictions_10_1fed2768e0601d187e72.png","media/images/sample_predictions_10_736760c82067caaa8fe3.png","media/images/sample_predictions_10_26363bd2a04602ee6a04.png"]},"biases/layer_0":{"values":[1,0,0,1,0,0,1,0,0,0,0,1,2,1,1,2,1,0,1,1,1,0,0,0,1,0,1,0,0,0,0,0,0,0,0,0,0,0,0,0,0,0,0,0,0,0,0,0,0,0,0,0,0,2,1,1,0,0,4,0,2,3,1,2],"bins":[-0.09200514812581369,-0.08957436734100407,-0.08714358655619446,-0.08471280577138483,-0.08228202498657522,-0.0798512442017656,-0.07742046341695599,-0.07498968263214638,-0.07255890184733677,-0.07012812106252714,-0.06769734027771752,-0.06526655949290791,-0.0628357787080983,-0.06040499792328868,-0.05797421713847906,-0.05554343635366944,-0.05311265556885983,-0.050681874784050215,-0.048251093999240595,-0.04582031321443098,-0.04338953242962136,-0.04095875164481175,-0.038527970860002134,-0.03609719007519251,-0.0336664092903829,-0.031235628505573286,-0.028804847720763666,-0.026374066935954052,-0.02394328615114444,-0.021512505366334825,-0.019081724581525197,-0.016650943796715584,-0.01422016301190597,-0.011789382227096357,-0.009358601442286743,-0.006927820657477116,-0.004497039872667502,-0.0020662590878578885,0.0003645216969517251,0.0027953024817613387,0.005226083266570966,0.00765686405138058,0.010087644836190193,0.012518425620999807,0.01494920640580942,0.017379987190619034,0.01981076797542866,0.022241548760238275,0.02467232954504789,0.027103110329857502,0.029533891114667116,0.03196467189947674,0.03439545268428636,0.036826233469095956,0.039257014253905584,0.04168779503871521,0.04411857582352481,0.04654935660833444,0.04898013739314404,0.051410918177953666,0.05384169896276329,0.05627247974757289,0.05870326053238252,0.06113404131719212,0.06356482210200176],"_type":"histogram"},"weights/layer_3":{"values":[2,3,1,6,6,4,8,9,7,6,3,3,5,2,4,8,11,7,5,9,12,5,6,9,1,2,1,1,0,2,1,0,0,0,1,1,1,3,2,3,1,2,1,0,0,0,0,0,1,6,14,18,31,29,6,0,2,2,11,9,7,11,7,2],