{"epoch":15,"_step":21,"_timestamp":1.7415326057462127e+09,"_runtime":73.0029955,"weights/layer_0":{"_type":"histogram","values":[3,2,1,1,4,4,11,7,12,17,22,27,40,55,62,108,113,167,241,333,471,660,964,1369,2126,2892,4096,5853,7706,9548,11343,12525,9940,8098,6236,4582,3241,2176,1572,1025,800,534,379,293,210,128,90,80,47,45,25,19,10,13,7,1,7,2,1,2,0,2,3,1],"bins":[-1.1716297123089512,-1.1341355659740475,-1.096641419639144,-1.0591472733042404,-1.021653126969337,-0.9841589806344333,-0.9466648342995296,-0.9091706879646261,-0.8716765416297225,-0.834182395294819,-0.7966882489599154,-0.7591941026250117,-0.7216999562901082,-0.6842058099552046,-0.646711663620301,-0.6092175172853974,-0.5717233709504939,-0.5342292246155903,-0.49673507828068675,-0.4592409319457831,-0.4217467856108795,-0.38425263927597597,-0.3467584929410723,-0.30926434660616875,-0.2717702002712652,-0.23427605393636164,-0.19678190760145808,-0.15928776126655442,-0.12179361493165075,-0.0842994685967473,-0.04680532226184364,-0.009311175926940196,0.02818297040796347,0.06567711674286714,0.10317126307777058,0.14066540941267425,0.1781595557475777,0.21565370208248136,0.253147848417385,0.29064199475228847,0.32813614108719213,0.3656302874220958,0.40312443375699925,0.4406185800919029,0.4781127264268066,0.51560687276171,0.5531010190966137,0.5905951654315171,0.6280893117664208,0.6655834581013245,0.7030776044362279,0.7405717507711316,0.778065897106035,0.8155600434409387,0.8530541897758424,0.8905483361107458,0.9280424824456497,0.9655366287805531,1.0030307751154566,1.04052492145036,1.078019067785264,1.1155132141201674,1.1530073604550708,1.1905015067899747,1.2279956531248784]},"biases/layer_2":{"values":[3,0,1,2,0,0,2,1,0,0,0,0,0,0,0,1,1,0,3,1,4,5,7,9,5,11,4,5,3,3,0,4,6,1,3,0,0,0,2,0,3,0,2,2,3,1,5,1,4,3,1,1,0,3,1,0,1,1,3,1,0,3,1,1],"bins":[-0.6422517584309372,-0.6386135070731015,-0.6349752557152658,-0.6313370043574301,-0.6276987529995944,-0.6240605016417589,-0.6204222502839232,-0.6167839989260875,-0.6131457475682518,-0.6095074962104161,-0.6058692448525804,-0.6022309934947447,-0.598592742136909,-0.5949544907790734,-0.5913162394212377,-0.5876779880634021,-0.5840397367055664,-0.5804014853477307,-0.576763233989895,-0.5731249826320594,-0.5694867312742237,-0.565848479916388,-0.5622102285585523,-0.5585719772007167,-0.554933725842881,-0.5512954744850453,-0.5476572231272097,-0.544018971769374,-0.5403807204115383,-0.5367424690537026,-0.5331042176958669,-0.5294659663380312,-0.5258277149801955,-0.52218946362236,-0.5185512122645243,-0.5149129609066886,-0.5112747095488529,-0.5076364581910172,-0.5039982068331815,-0.5003599554753458,-0.4967217041175102,-0.4930834527596745,-0.48944520140183884,-0.4858069500440032,-0.4821686986861675,-0.47853044732833183,-0.47489219597049614,-0.47125394461266046,-0.46761569325482477,-0.4639774418969891,-0.46033919053915345,-0.45670093918131777,-0.45306268782348214,-0.44942443646564645,-0.44578618510781076,-0.4421479337499751,-0.4385096823921394,-0.4348714310343037,-0.431233179676468,-0.4275949283186324,-0.4239566769607967,-0.42031842560296107,-0.4166801742451254,-0.4130419228872897,-0.409403671529454],"_type":"histogram"},"weights/layer_2":{"values":[8,51,93,130,143,165,175,234,134,130,113,150,189,195,261,330,396,297,356,382,455,552,798,836,712,1017,1228,1303,1060,905,787,644,529,394,318,188,176,162,121,122,42,24,9,5,3,4,1,0,7,9,13,16,6,0,0,0,0,0,0,0,1,0,2,3],"bins":[-0.5494437825443835,-0.5269847725701962,-0.5045257625960088,-0.4820667526218214,-0.45960774264763404,-0.43714873267344667,-0.4146897226992593,-0.39223071272507193,-0.36977170275088456,-0.3473126927766972,-0.3248536828025098,-0.30239467282832244,-0.27993566285413507,-0.2574766528799477,-0.23501764290576033,-0.21255863293157296,-0.19009962295738558,-0.1676406129831982,-0.14518160300901084,-0.12272259303482347,-0.1002635830606361,-0.07780457308644873,-0.05534556311226135,-0.03288655313807398,-0.01042754316388661,0.012031466810300762,0.03449047678448813,0.056949486758675505,0.07940849673286288,0.10186750670705025,0.12432651668123762,0.146785526655425,0.16924453662961236,0.19170354660379973,0.2141625565779871,0.23662156655217448,0.25908057652636185,0.2815395865005492,0.3039985964747366,0.32645760644892396,0.34891661642311134,0.3713756263972987,0.3938346363714861,0.41629364634567345,0.4387526563198608,0.4612116662940481,0.48367067626823557,0.506129686242423,0.5285886962166103,0.5510477061907976,0.573506716164985,0.5959657261391725,0.6184247361133598,0.6408837460875471,0.6633427560617345,0.685801766035922,0.7082607760101093,0.7307197859842965,0.753178795958484,0.7756378059326715,0.7980968159068588,0.820555825881046,0.8430148358552335,0.865473845829421,0.8879328558036084],"_type":"histogram"},"train_acc":0.879,"learning_rate":0.001,"confusion_matrix_table":{"_type":"table-file","sha256":"b6a8ede46c4367dfc12dad525f692cbe640477cfcf4d63c8d07ccbd3180c6a39","size":3021,"artifact_path":"wandb-client-artifact://2pmlu4zfx9byerx3lz94mgdszvjy4qp7tldmia2wk52m4xah515eymgpnvyv6l4f4i454qh3x6pcm2bexwigb0pxp92fwijx7suszh45rdrgrn9eihxdz7skoomumwof/confusion_matrix_table.table.json","_latest_artifact_path":"wandb-client-artifact://ue85946cdvch5axewilnwey5m1fesvyeww9t652cpkkzcn6sqi1idqed6qy0adni5fo6ineuvsya6oy4ukm59d52gmlgjyzr5n4hxchfkemkcq5iy227fzxzmdk3kmp4:latest/confusion_matrix_table.table.json","path":"media/table/confusion_matrix_table_20_b6a8ede46c4367dfc12d.table.json","ncols":3,"nrows":100},"weights/layer_4":{"_type":"histogram","values":[1,1,3,6,2,2,2,0,2,1,6,4,3,7,10,17,20,34,38,35,40,43,59,47,86,82,93,87,80,82,70,63,48,30,25,35,20,10,22,7,6,5,0,5,3,7,12,4,3,5,1,0,0,3,0,0,0,0,0,0,0,0,0,3],"bins":[-1.1773099637857518,-1.135163505292599,-1.093017046799446,-1.0508705883062932,-1.0087241298131402,-0.9665776713199874,-0.9244312128268346,-0.8822847543336817,-0.8401382958405288,-0.7979918373473759,-0.755845378854223,-0.7136989203610702,-0.6715524618679173,-0.6294060033747644,-0.5872595448816116,-0.5451130863884587,-0.5029666278953058,-0.46082016940215287,-0.41867371090899996,-0.37652725241584717,-0.33438079392269426,-0.29223433542954136,-0.25008787693638856,-0.20794141844323566,-0.16579495995008275,-0.12364850145692996,-0.08150204296377694,-0.03935558447062415,0.0027908740225286444,0.04493733251568166,0.08708379100883445,0.12923024950198747,0.17137670799514026,0.21352316648829306,0.2556696249814461,0.29781608347459887,0.3399625419677519,0.3821090004609047,0.4242554589540575,0.4664019174472105,0.5085483759403633,0.5506948344335161,0.5928412929266691,0.6349877514198219,0.6771342099129747,0.7192806684061277,0.7614271268992805,0.8035735853924335,0.8457200438855863,0.8878665023787393,0.9300129608718919,0.9721594193650449,1.014305877858198,1.0564523363513505,1.0985987948445035,1.1407452533376565,1.182891711830809,1.2250381703239621,1.2671846288171151,1.3093310873102681,1.3514775458034207,1.3936240042965737,1.4357704627897268,1.4779169212828793,1.5200633797760326]},"val_loss":0.35427437657070593,"weights/layer_3":{"_type":"histogram","values":[8,5,9,6,18,25,20,39,29,23,36,32,55,81,126,177,207,179,183,203,221,198,229,241,240,237,236,225,214,229,327,434,525,735,1038,1040,1293,1301,1271,737,433,355,344,426,422,382,307,189,107,110,118,138,120,131,70,67,52,50,40,36,37,10,3,5],