{"weights/layer_1":{"bins":[-2.1005974982474878,-2.0365160399270676,-1.972434581606647,-1.9083531232862267,-1.8442716649658064,-1.780190206645386,-1.7161087483249657,-1.6520272900045454,-1.587945831684125,-1.5238643733637047,-1.4597829150432844,-1.395701456722864,-1.3316199984024437,-1.2675385400820234,-1.203457081761603,-1.1393756234411827,-1.0752941651207624,-1.011212706800342,-0.9471312484799217,-0.8830497901595014,-0.818968331839081,-0.7548868735186607,-0.6908054151982403,-0.62672395687782,-0.5626424985573997,-0.49856104023697934,-0.434479581916559,-0.37039812359613866,-0.3063166652757183,-0.242235206955298,-0.17815374863487765,-0.11407229031445731,-0.04999083199403698,0.014090626326383582,0.0781720846468037,0.1422535429672238,0.20633500128764437,0.27041645960806493,0.33449791792848504,0.39857937624890516,0.4626608345693257,0.5267422928897463,0.5908237512101664,0.6549052095305865,0.7189866678510071,0.7830681261714276,0.8471495844918477,0.9112310428122679,0.9753125011326884,1.039393959453109,1.103475417773529,1.1675568760939492,1.2316383344143698,1.2957197927347903,1.3598012510552104,1.4238827093756306,1.487964167696051,1.5520456260164717,1.6161270843368918,1.680208542657312,1.7442900009777325,1.808371459298153,1.8724529176185731,1.9365343759389932,2.0006158342594134],"_type":"histogram","values":[1,0,0,0,2,0,0,2,9,5,16,17,29,40,50,78,90,150,212,255,357,460,628,813,1012,1363,1780,2259,3026,3890,5040,6069,6720,6613,5576,4585,3345,2557,1990,1570,1181,961,686,560,404,306,218,165,136,88,91,43,25,18,11,17,5,6,4,1,0,0,0,1]},"biases/layer_4":{"_type":"histogram","values":[1,0,0,0,0,0,0,0,1,0,0,1,1,3,0,0,4,1,0,1,5,0,4,4,3,1,1,3,1,6,4,9,13,21,12,22,25,24,18,11,6,6,7,6,1,2,3,3,3,0,2,2,3,0,2,0,3,0,1,1,2,0,2,1],"bins":[-0.7445712162520793,-0.723560392528149,-0.7025495688042186,-0.6815387450802882,-0.6605279213563578,-0.6395170976324275,-0.6185062739084972,-0.5974954501845668,-0.5764846264606365,-0.5554738027367061,-0.5344629790127757,-0.5134521552888454,-0.492441331564915,-0.4714305078409846,-0.45041968411705424,-0.42940886039312387,-0.4083980366691935,-0.3873872129452631,-0.36637638922133275,-0.3453655654974024,-0.324354741773472,-0.3033439180495417,-0.2823330943256113,-0.26132227060168095,-0.24031144687775063,-0.21930062315382026,-0.1982897994298899,-0.17727897570595952,-0.15626815198202915,-0.13525732825809877,-0.1142465045341684,-0.09323568081023803,-0.07222485708630766,-0.05121403336237729,-0.030203209638446915,-0.009192385914516543,0.011818437809413829,0.0328292615333442,0.05384008525727457,0.07485090898120494,0.09586173270513532,0.11687255642906558,0.13788338015299595,0.15889420387692632,0.1799050276008567,0.20091585132478706,0.22192667504871744,0.2429374987726478,0.26394832249657807,0.28495914622050844,0.3059699699444388,0.3269807936683692,0.34799161739229956,0.36900244111622993,0.3900132648401603,0.4110240885640907,0.43203491228802104,0.4530457360119514,0.4740565597358818,0.49506738345981216,0.5160782071837425,0.5370890309076729,0.5580998546316033,0.5791106783555336,0.6001215020794639]},"biases/layer_2":{"bins":[-0.6022359707952492,-0.5829902773779447,-0.5637445839606402,-0.5444988905433357,-0.5252531971260312,-0.5060075037087268,-0.4867618102914223,-0.4675161168741178,-0.44827042345681334,-0.42902473003950886,-0.4097790366222044,-0.3905333432048999,-0.37128764978759543,-0.35204195637029095,-0.3327962629529865,-0.313550569535682,-0.2943048761183775,-0.27505918270107305,-0.25581348928376857,-0.2365677958664641,-0.21732210244915962,-0.19807640903185514,-0.17883071561455066,-0.15958502219724618,-0.1403393287799417,-0.12109363536263723,-0.10184794194533275,-0.08260224852802822,-0.0633565551107238,-0.04411086169341938,-0.024865168276114846,-0.005619474858810314,0.013626218558494108,0.03287191197579853,0.05211760539310306,0.0713632988104076,0.09060899222771202,0.10985468564501644,0.12910037906232097,0.1483460724796255,0.16759176589692992,0.18683745931423434,0.20608315273153888,0.2253288461488434,0.24457453956614783,0.26382023298345225,0.2830659264007568,0.3023116198180613,0.32155731323536574,0.34080300665267016,0.3600487000699747,0.3792943934872792,0.39854008690458365,0.41778578032188807,0.4370314737391927,0.45627716715649713,0.47552286057380155,0.494768553991106,0.5140142474084104,0.533259940825715,0.5525056342430195,0.5717513276603239,0.5909970210776285,0.610242714494933,0.6294884079122374],"_type":"histogram","values":[2,3,2,2,2,3,2,4,3,3,5,2,6,3,3,3,11,3,5,4,4,7,3,3,8,6,7,9,7,3,2,2,5,7,3,5,5,4,2,3,5,1,0,6,6,5,3,9,4,3,4,5,7,2,3,3,4,2,6,4,2,2,1,3]},"_step":27,"epoch":20,"biases/layer_5":{"_type":"histogram","values":[1,1,0,0,0,0,0,0,0,0,0,0,0,0,0,1,0,0,0,0,0,1,0,0,0,0,0,0,0,0,0,1,0,0,1,0,0,0,0,0,0,0,2,1,0,0,0,0,0,0,0,0,0,0,0,0,0,0,0,0,0,0,0,1],"bins":[-0.4729313241742211,-0.45919165699368947,-0.4454519898131578,-0.43171232263262616,-0.4179726554520945,-0.40423298827156284,-0.39049332109103124,-0.3767536539104996,-0.36301398672996793,-0.3492743195494363,-0.3355346523689046,-0.321794985188373,-0.30805531800784136,-0.2943156508273097,-0.28057598364677805,-0.2668363164662464,-0.25309664928571474,-0.23935698210518308,-0.22561731492465142,-0.21187764774411977,-0.1981379805635881,-0.1843983133830565,-0.17065864620252486,-0.1569189790219932,-0.14317931184146154,-0.1294396446609299,-0.11569997748039823,-0.10196031029986657,-0.08822064311933497,-0.07448097593880332,-0.06074130875827166,-0.047001641577740005,-0.03326197439720835,-0.019522307216676693,-0.005782640036145037,0.00795702714438662,0.021696694324918275,0.03543636150544993,0.04917602868598159,0.06291569586651324,0.0766553630470449,0.09039503022757645,0.1041346974081081,0.11787436458863976,0.1316140317691714,0.14535369894970307,0.15909336613023473,0.17283303331076638,0.18657270049129804,0.2003123676718297,0.21405203485236135,0.227791702032893,0.24153136921342466,0.2552710363939563,0.269010703574488,0.28275037075501963,0.2964900379355512,0.31022970511608283,0.3239693722966145,0.33770903947714614,0.3514487066576778,0.36518837383820946,0.3789280410187411,0.39266770819927277,0.4064073753798045]},"biases/layer_0":{"values":[1,0,0,1,0,0,0,0,0,1,1,0,1,0,3,0,1,3,1,3,5,3,7,4,8,3,6,8,4,5,10,11,8,12,8,11,3,7,12,8,14,8,9,11,7,11,7,4,4,4,2,3,4,1,2,0,1,2,0,0,0,0,1,2],"bins":[-1.9207299096926402,-1.8683845309263538,-1.8160391521600672,-1.7636937733937805,-1.711348394627494,-1.6590030158612077,-1.606657637094921,-1.5543122583286344,-1.501966879562348,-1.4496215007960616,-1.397276122029775,-1.3449307432634883,-1.2925853644972018,-1.2402399857309154,-1.1878946069646288,-1.1355492281983421,-1.0832038494320557,-1.0308584706657693,-0.9785130918994827,-0.9261677131331961,-0.8738223343669096,-0.821476955600623,-0.7691315768343365,-0.7167861980680501,-0.6644408193017635,-0.6120954405354768,-0.5597500617691904,-0.507404683002904,-0.45505930423661733,-0.4027139254703307,-0.35036854670404427,-0.29802316793775785,-0.2456777891714712,-0.19333241040518456,-0.14098703163889814,-0.08864165287261172,-0.03629627410632508,0.016049104659961566,0.06839448342624799,0.12073986219253441,0.17308524095882105,0.2254306197251077,0.27777599849139434,0.33012137725768054,0.3824667560239672,0.4348121347902538,0.48715751355654,0.5395028923228267,0.5918482710891133,0.6441936498554,0.6965390286216866,0.7488844073879728,0.8012297861542594,0.8535751649205461,0.9059205436868323,0.9582659224531189,1.0106113012194056,1.0629566799856922,1.1153020587519789,1.167647437518265,1.2199928162845517,1.2723381950508383,1.3246835738171245,1.3770289525834112,1.429374331349698],"_type":"histogram"},"_wandb":{"runtime":1561},"confusion_matrix_table":{"nrows":100,"_type":"table-file","sha256":"1c032e8df1176146013476e736ee67c4c24efe92b202a868ea916923ec5f25b5","size":3021,"artifact_path":"wandb-client-artifact://0c2fxerew9nu0pw7fucuigopjfc5vyhpiew389vdpbwjs1z0fw3gx7gsj6bnz7n1zd6mloorh90ncuqsw3722itsgtlu3dob6lurk1ldrv0hwg6neeb4m35diho7zi0w/confusion_matrix_table.table.json",