{"biases/layer_2":{"values":[5,2,0,0,1,2,0,0,1,3,3,3,0,0,1,1,2,2,5,6,0,1,2,5,1,1,3,2,1,3,1,3,2,3,5,3,1,0,0,5,3,1,3,4,3,1,1,4,3,0,3,3,1,5,2,2,2,2,1,0,1,1,2,1],"bins":[-1.0061952190858123,-0.9760743289186222,-0.9459534387514321,-0.915832548584242,-0.8857116584170518,-0.8555907682498617,-0.8254698780826716,-0.7953489879154815,-0.7652280977482913,-0.7351072075811012,-0.704986317413911,-0.6748654272467209,-0.6447445370795308,-0.6146236469123407,-0.5845027567451506,-0.5543818665779604,-0.5242609764107703,-0.4941400862435802,-0.4640191960763901,-0.43389830590919987,-0.40377741574200976,-0.37365652557481965,-0.34353563540762955,-0.31341474524043944,-0.28329385507324933,-0.2531729649060591,-0.223052074738869,-0.1929311845716789,-0.1628102944044888,-0.1326894042372987,-0.10256851407010847,-0.07244762390291837,-0.04232673373572826,-0.012205843568538155,0.01791504659865195,0.04803593676584206,0.07815682693303216,0.10827771710022227,0.1383986072674126,0.1685194974346027,0.1986403876017928,0.22876127776898292,0.258882167936173,0.28900305810336313,0.31912394827055324,0.34924483843774334,0.37936572860493345,0.40948661877212356,0.43960750893931366,0.469728399106504,0.4998492892736941,0.5299701794408842,0.5600910696080743,0.5902119597752644,0.6203328499424545,0.6504537401096446,0.6805746302768347,0.7106955204440248,0.740816410611215,0.7709373007784053,0.8010581909455954,0.8311790811127855,0.8612999712799756,0.8914208614471657,0.9215417516143559],"_type":"histogram"},"val_loss":0.5705965186066317,"weights/layer_0":{"bins":[-7.56815427840955,-7.349917765983307,-7.131681253557064,-6.91344474113082,-6.695208228704576,-6.476971716278333,-6.25873520385209,-6.040498691425846,-5.822262178999603,-5.604025666573359,-5.3857891541471155,-5.167552641720873,-4.949316129294629,-4.731079616868385,-4.512843104442142,-4.294606592015898,-4.076370079589655,-3.8581335671634114,-3.6398970547371676,-3.4216605423109243,-3.2034240298846806,-2.9851875174584377,-2.766951005032194,-2.54871449260595,-2.3304779801797073,-2.1122414677534636,-1.8940049553272198,-1.675768442900976,-1.4575319304747332,-1.2392954180484894,-1.0210589056222457,-0.8028223931960028,-0.584585880769759,-0.3663493683435153,-0.1481128559172724,0.07012365650897134,0.2883601689352151,0.5065966813614589,0.7248331937877017,0.9430697062139446,1.1613062186401892,1.379542731066432,1.597779243492675,1.8160157559189196,2.0342522683451625,2.2524887807714054,2.47072529319765,2.688961805623893,2.9071983180501357,3.1254348304763804,3.3436713429026232,3.561907855328868,3.7801443677551108,3.9983808801813536,4.216617392607598,4.434853905033841,4.653090417460084,4.871326929886329,5.0895634423125715,5.307799954738814,5.526036467165059,5.744272979591302,5.962509492017545,6.180746004443789,6.398982516870031],"_type":"histogram","values":[2,0,2,1,4,1,7,8,8,10,20,23,22,35,28,42,72,91,145,178,261,351,502,645,807,1183,1785,2507,3455,4401,5736,7081,7975,8440,8728,8228,7525,7068,5763,4672,3392,2587,1874,1257,886,653,516,365,266,173,136,104,72,58,49,41,31,28,19,11,10,9,1,2]},"biases/layer_3":{"_type":"histogram","values":[3,2,1,4,3,2,0,1,1,2,3,0,2,3,3,1,1,1,8,0,2,5,2,1,6,4,6,4,2,2,4,1,1,1,2,3,3,2,3,0,1,2,0,1,3,6,1,2,0,2,1,1,0,3,2,4,2,0,0,0,0,1,0,1],"bins":[-0.9400494005744559,-0.9074071098415325,-0.874764819108609,-0.8421225283756857,-0.8094802376427623,-0.776837946909839,-0.7441956561769156,-0.7115533654439922,-0.6789110747110688,-0.6462687839781455,-0.613626493245222,-0.5809842025122987,-0.5483419117793753,-0.515699621046452,-0.48305733031352854,-0.45041503958060514,-0.4177727488476818,-0.38513045811475843,-0.3524881673818351,-0.3198458766489116,-0.28720358591598827,-0.2545612951830649,-0.22191900445014145,-0.1892767137172181,-0.15663442298429475,-0.1239921322513714,-0.09134984151844805,-0.05870755078552459,-0.026065260052601236,0.006577030680322116,0.03921932141324558,0.07186161214616893,0.10450390287909228,0.13714619361201563,0.16978848434493898,0.20243077507786233,0.2350730658107857,0.26771535654370926,0.3003576472766326,0.33299993800955596,0.3656422287424793,0.39828451947540267,0.430926810208326,0.46356910094124937,0.49621139167417294,0.5288536824070963,0.5614959731400196,0.594138263872943,0.6267805546058663,0.6594228453387897,0.692065136071713,0.7247074268046364,0.7573497175375598,0.7899920082704833,0.8226342990034067,0.85527658973633,0.8879188804692534,0.9205611712021767,0.9532034619351001,0.9858457526680234,1.018488043400947,1.0511303341338705,1.0837726248667936,1.1164149155997167,1.1490572063326403]},"weights/layer_4":{"values":[1,0,0,1,1,1,1,1,3,1,4,2,4,4,4,5,8,12,5,10,19,30,20,15,27,26,43,61,43,57,65,68,51,65,61,62,58,62,52,54,49,46,32,40,20,20,13,5,8,6,7,8,4,2,2,1,3,0,3,2,0,0,0,2],"bins":[-0.4119612625775297,-0.3996737760352794,-0.3873862894930292,-0.37509880295077896,-0.3628113164085287,-0.35052382986627845,-0.3382363433240282,-0.325948856781778,-0.3136613702395277,-0.30137388369727747,-0.28908639715502726,-0.276798910612777,-0.26451142407052675,-0.2522239375282765,-0.23993645098602626,-0.22764896444377603,-0.21536147790152577,-0.2030739913592755,-0.19078650481702528,-0.17849901827477505,-0.1662115317325248,-0.15392404519027453,-0.14163655864802432,-0.12934907210577407,-0.1170615855635238,-0.10477409902127355,-0.09248661247902329,-0.08019912593677309,-0.06791163939452283,-0.05562415285227257,-0.043336666310022365,-0.031049179767772106,-0.018761693225521847,-0.006474206683271588,0.0058132798589786705,0.018100766401228874,0.030388252943479133,0.04267573948572939,0.054963226027979595,0.06725071257022985,0.07953819911248011,0.09182568565473032,0.10411317219698063,0.11640065873923083,0.12868814528148104,0.14097563182373135,0.15326311836598155,0.16555060490823187,0.17783809145048207,0.19012557799273228,0.2024130645349826,0.2147005510772328,0.2269880376194831,0.2392755241617333,0.2515630107039835,0.26385049724623383,0.27613798378848403,0.28842547033073423,0.30071295687298455,0.31300044341523475,0.32528792995748496,0.33757541649973527,0.3498629030419855,0.3621503895842358,0.37443787612648605],"_type":"histogram"},"biases/layer_0":{"_type":"histogram","values":[1,0,1,1,2,0,0,0,0,0,0,0,0,2,1,0,2,0,0,2,6,3,4,4,4,2,0,5,0,2,1,6,1,1,4,3,3,2,2,2,2,5,4,6,3,2,2,2,3,4,4,2,6,1,1,3,0,2,3,1,0,1,2,2],"bins":[-1.6292963191933718,-1.585165895441355,-1.5410354716893382,-1.4969050479373216,-1.4527746241853048,-1.408644200433288,-1.3645137766812714,-1.3203833529292546,-1.2762529291772378,-1.232122505425221,-1.1879920816732041,-1.1438616579211875,-1.0997312341691707,-1.055600810417154,-1.0114703866651373,-0.9673399629131205,-0.9232095391611037,-0.8790791154090869,-0.8349486916570702,-0.7908182679050535,-0.7466878441530367,-0.7025574204010199,-0.6584269966490032,-0.6142965728969865,-0.5701661491449697,-0.5260357253929528,-0.48190530164093603,-0.43777487788891944,-0.39364445413690263,-0.3495140303848858,-0.30538360663286923,-0.2612531828808524,-0.2171227591288356,-0.1729923353768188,-0.12886191162480198,-0.0847314878727854,-0.04060106412076858,0.00352935963124823,0.04765978338326482,0.09179020713528163,0.13592063088729844,0.18005105463931526,0.22418147839133207,0.26831190214334866,0.31244232589536547,0.3565727496473823,0.40070317339939887,0.4448335971514159,0.4889640209034325,0.5330944446554491,0.5772248684074661,0.6213552921594827,0.6654857159114997,0.7096161396635163,0.7537465634155329,0.79787698716755,0.8420074109195665,0.8861378346715831,0.9302682584236002,0.9743986821756168,1.0185291059276333,1.0626595296796504,1.106789953431667,1.150920377183684,1.1950508009357006]},"train_loss":0.5705965186066317,"epoch":15,"sample_predictions":{"width":28,"height":28,"format":"png","count":10,