{"_runtime":119.6614776,"val_acc":0.10066666666666667,"weights/layer_1":{"values":[2,2,3,13,19,22,30,49,58,93,105,122,153,199,247,286,353,408,445,528,588,644,737,733,736,724,749,666,677,638,562,564,521,512,465,458,457,395,357,297,301,251,197,163,141,108,86,73,56,48,47,57,41,41,42,34,30,19,12,7,7,4,1,1],"bins":[-1.0002062603960925e-06,-8.679036090247854e-07,-7.356009576534783e-07,-6.032983062821712e-07,-4.709956549108641e-07,-3.38693003539557e-07,-2.0639035216824996e-07,-7.408770079694283e-08,5.8214950574364306e-08,1.9051760194567133e-07,3.2282025331697857e-07,4.551229046882856e-07,5.874255560595926e-07,7.197282074308999e-07,8.520308588022069e-07,9.843335101735141e-07,1.1166361615448211e-06,1.2489388129161282e-06,1.3812414642874352e-06,1.5135441156587426e-06,1.6458467670300497e-06,1.7781494184013567e-06,1.9104520697726637e-06,2.0427547211439707e-06,2.1750573725152778e-06,2.3073600238865852e-06,2.4396626752578922e-06,2.5719653266291993e-06,2.7042679780005063e-06,2.8365706293718137e-06,2.9688732807431208e-06,3.101175932114428e-06,3.233478583485735e-06,3.365781234857042e-06,3.498083886228349e-06,3.630386537599656e-06,3.762689188970963e-06,3.89499184034227e-06,4.027294491713578e-06,4.159597143084885e-06,4.291899794456192e-06,4.424202445827499e-06,4.556505097198806e-06,4.688807748570113e-06,4.82111039994142e-06,4.953413051312727e-06,5.085715702684034e-06,5.218018354055341e-06,5.350321005426648e-06,5.482623656797956e-06,5.614926308169263e-06,5.74722895954057e-06,5.879531610911877e-06,6.011834262283184e-06,6.144136913654491e-06,6.276439565025798e-06,6.408742216397105e-06,6.541044867768412e-06,6.67334751913972e-06,6.805650170511027e-06,6.937952821882334e-06,7.070255473253641e-06,7.202558124624948e-06,7.334860775996255e-06,7.467163427367562e-06],"_type":"histogram"},"biases/layer_3":{"bins":[-0.013566904676491437,-0.013180887319397965,-0.012794869962304493,-0.012408852605211022,-0.01202283524811755,-0.01163681789102408,-0.011250800533930608,-0.010864783176837136,-0.010478765819743665,-0.010092748462650193,-0.009706731105556721,-0.009320713748463251,-0.00893469639136978,-0.008548679034276307,-0.008162661677182836,-0.007776644320089364,-0.007390626962995892,-0.00700460960590242,-0.006618592248808949,-0.006232574891715478,-0.005846557534622006,-0.005460540177528535,-0.005074522820435063,-0.004688505463341592,-0.00430248810624812,-0.003916470749154648,-0.0035304533920611763,-0.0031444360349677045,-0.0027584186778742345,-0.0023724013207807627,-0.001986383963687291,-0.0016003666065938192,-0.0012143492495003474,-0.0008283318924068757,-0.0004423145353134039,-5.629717821993216e-05,0.0003297201788735396,0.0007157375359670096,0.0011017548930604814,0.0014877722501539532,0.001873789607247425,0.002259806964340895,0.0026458243214343667,0.0030318416785278385,0.0034178590356213102,0.003803876392714782,0.004189893749808254,0.0045759111069017255,0.004961928463995197,0.005347945821088669,0.005733963178182141,0.006119980535275613,0.006505997892369084,0.006892015249462556,0.007278032606556028,0.0076640499636495,0.008050067320742968,0.00843608467783644,0.008822102034929911,0.009208119392023383,0.009594136749116855,0.009980154106210327,0.010366171463303799,0.01075218882039727,0.011138206177490744],"_type":"histogram","values":[1,0,0,0,0,0,0,0,0,0,0,0,0,0,0,0,0,0,2,0,0,1,0,0,0,0,0,0,0,2,0,0,0,0,0,0,0,0,0,0,0,0,0,0,0,0,2,0,0,0,0,0,0,0,0,0,0,0,0,0,0,1,0,1]},"train_loss":2.302802692631386,"sample_predictions":{"filenames":["media/images/sample_predictions_10_d7c14b0231c5d431a2dc.png","media/images/sample_predictions_10_4fd40587ba77b5e6eb17.png","media/images/sample_predictions_10_60c6ea670dd694036792.png","media/images/sample_predictions_10_4a49b47fa63059036e18.png","media/images/sample_predictions_10_acf5a28bbfd99b4a0540.png","media/images/sample_predictions_10_361f476c74279a585603.png","media/images/sample_predictions_10_595dd54620faaa127431.png","media/images/sample_predictions_10_de04c9ce5d74bd94782a.png","media/images/sample_predictions_10_f55d897afb24b738e933.png","media/images/sample_predictions_10_b6f0a251e630595d77ed.png"],"captions":["True: 5, Pred: 9","True: 4, Pred: 9","True: 4, Pred: 9","True: 2, Pred: 9","True: 7, Pred: 9","True: 3, Pred: 9","True: 3, Pred: 9","True: 7, Pred: 9","True: 6, Pred: 9","True: 5, Pred: 9"],"_type":"images/separated","width":28,"height":28,"format":"png","count":10},"_wandb":{"runtime":119},"val_loss":2.3025835287442575,"learning_rate":0.001,"train_acc":0.09992592592592593,"weights/layer_0":{"_type":"histogram","values":[1,0,0,1,1,1,0,5,3,10,10,25,62,89,141,189,228,211,234,233,245,270,368,418,438,557,738,756,871,1406,2265,3524,12915,58655,4866,2636,1660,1309,739,631,487,450,411,388,357,248,200,195,185,177,185,149,83,58,29,13,11,5,3,3,2,1,0,1],"bins":[-0.00022565853438437906,-0.00021884775253926846,-0.00021203697069415787,-0.00020522618884904727,-0.00019841540700393665,-0.00019160462515882608,-0.00018479384331371545,-0.00017798306146860486,-0.00017117227962349426,-0.00016436149777838366,-0.00015755071593327307,-0.00015073993408816244,-0.00014392915224305188,-0.00013711837039794125,-0.00013030758855283066,-0.00012349680670772006,-0.00011668602486260946,-0.00010987524301749887,-0.00010306446117238827,-9.625367932727767e-05,-8.944289748216708e-05,-8.263211563705645e-05,-7.582133379194586e-05,-6.901055194683526e-05,-6.219977010172466e-05,-5.538898825661407e-05,-4.857820641150347e-05,-4.1767424566392875e-05,-3.495664272128225e-05,-2.8145860876171655e-05,-2.1335079031061058e-05,-1.4524297185950462e-05,-7.713515340839865e-06,-9.02733495729269e-07,5.908048349381327e-06,1.2718830194491924e-05,1.952961203960252e-05,2.6340393884713144e-05,3.315117572982371e-05,3.996195757493434e-05,4.6772739420044906e-05,5.358352126515553e-05,6.039430311026615e-05,6.720508495537672e-05,7.401586680048735e-05,8.082664864559792e-05,8.763743049070854e-05,9.444821233581911e-05,0.00010125899418092973,0.00010806977602604036,0.00011488055787115092,0.00012169133971626155,0.00012850212156137212,0.00013531290340648274,0.0001421236852515933,0.00014893446709670393,0.00015574524894181456,0.00016255603078692513,0.00016936681263203575,0.00017617759447714632,0.00018298837632225694,0.0001897991581673675,0.00019660994001247814,0.0002034207218575887,0.00021023150370269936]},"_timestamp":1.7415424795739267e+09,"weights/layer_3":{"bins":[-0.007471232125845287,-0.0072442583100696374,-0.007017284494293989,-0.0067903106785183395,-0.006563336862742691,-0.006336363046967042,-0.006109389231191393,-0.005882415415415744,-0.005655441599640095,-0.005428467783864446,-0.005201493968088796,-0.004974520152313148,-0.004747546336537499,-0.00452057252076185,-0.0042935987049862005,-0.004066624889210552,-0.003839651073434903,-0.003612677257659254,-0.0033857034418836047,-0.003158729626107956,-0.0029317558103323068,-0.0027047819945566582,-0.002477808178781009,-0.0022508343630053603,-0.002023860547229711,-0.0017968867314540624,-0.001569912915678413,-0.0013429390999027645,-0.001115965284127115,-0.0008889914683514666,-0.0006620176525758172,-0.00043504383680016863,-0.00020807002102451923,1.890379475113016e-05,0.0002458776105267787,0.0004728514263024272,0.0006998252420780775,0.000926799057853726,0.0011537728736293745,0.001380746689405023,0.0016077205051806733,0.0018346943209563218,0.0020616681367319704,0.002288641952507619,0.002515615768283269,0.0027425895840589177,0.002969563399834566,0.0031965372156102147,0.003423511031385865,0.0036504848471615135,0.003877458662937162,0.004104432478712812,0.004331406294488461,0.004558380110264109,0.004785353926039758,0.005012327741815408,0.005239301557591057,0.005466275373366705,0.005693249189142354,0.005920223004918004,0.0061471968206936525,0.006374170636469301,0.00660114445224495,0.0068281182680206,0.007055092083796248],"_type":"histogram","values":[4,40,63,19,2,0,0,0,0,0,0,0,0,0,128,11,115,2,0,0,0,0,128,0,0,0,0,0,0,0,0,0,0,0,0,23,108,92,33,1,0,3,15,20,44,51,56,74,63,34,17,4,1,1,0,0,0,0,1,16,35,44,25,7]},