{"_timestamp":1.7414599469455228e+09,"_runtime":64.1969078,"_step":10,"_wandb":{"runtime":64},"epoch":9,"val_loss":2.302605144689405,"val_acc":0.09233333333333334}