{"val_acc":0.10183333333333333,"val_loss":2.3026605342177437,"weights/layer_0":{"_type":"histogram","values":[2,4,2,1,5,8,9,17,22,29,37,57,72,110,133,169,257,298,355,402,532,609,667,769,922,947,1081,1071,1226,1224,1249,1296,1268,1252,1155,1080,1037,935,814,717,601,550,465,352,271,237,215,128,115,91,76,45,40,17,17,4,12,4,0,3,0,3,0,2],"bins":[-0.03957178966238427,-0.03829828363686383,-0.03702477761134339,-0.03575127158582295,-0.034477765560302506,-0.033204259534782066,-0.031930753509261625,-0.030657247483741188,-0.029383741458220747,-0.028110235432700307,-0.026836729407179866,-0.02556322338165943,-0.02428971735613899,-0.023016211330618548,-0.021742705305098108,-0.020469199279577667,-0.019195693254057226,-0.017922187228536786,-0.016648681203016345,-0.015375175177495905,-0.014101669151975464,-0.012828163126455027,-0.011554657100934587,-0.010281151075414146,-0.009007645049893705,-0.007734139024373268,-0.006460632998852828,-0.005187126973332387,-0.003913620947811947,-0.002640114922291506,-0.0013666088967710655,-9.310287125062489e-05,0.0011804031542698157,0.0024539091797902562,0.003727415205310697,0.005000921230831137,0.006274427256351578,0.0075479332818720185,0.008821439307392459,0.0100949453329129,0.01136845135843334,0.012641957383953774,0.013915463409474214,0.015188969434994655,0.016462475460515096,0.017735981486035536,0.019009487511555977,0.020282993537076417,0.021556499562596858,0.0228300055881173,0.024103511613637732,0.025377017639158173,0.026650523664678613,0.027924029690199054,0.029197535715719494,0.030471041741239935,0.031744547766760375,0.033018053792280816,0.034291559817801257,0.0355650658433217,0.03683857186884214,0.03811207789436258,0.03938558391988302,0.04065908994540346,0.04193259597092391]},"biases/layer_3":{"bins":[-0.011841244960338948,-0.011448209455047618,-0.011055173949756287,-0.010662138444464958,-0.010269102939173626,-0.009876067433882297,-0.009483031928590967,-0.009089996423299636,-0.008696960918008305,-0.008303925412716975,-0.007910889907425646,-0.007517854402134315,-0.007124818896842985,-0.006731783391551655,-0.006338747886260324,-0.005945712380968994,-0.0055526768756776635,-0.005159641370386333,-0.004766605865095003,-0.004373570359803672,-0.003980534854512342,-0.0035874993492210124,-0.003194463843929681,-0.0028014283386383516,-0.002408392833347022,-0.002015357328055691,-0.0016223218227643613,-0.00122928631747303,-0.0008362508121817006,-0.0004432153068903693,-5.017980159903977e-05,0.0003428557036922915,0.000735891208983621,0.0011289267142749505,0.0015219622195662818,0.0019149977248576113,0.0023080332301489426,0.002701068735440272,0.0030941042407316034,0.003487139746022933,0.003880175251314264,0.004273210756605594,0.004666246261896923,0.005059281767188253,0.005452317272479586,0.005845352777770915,0.006238388283062245,0.006631423788353574,0.007024459293644904,0.007417494798936237,0.007810530304227566,0.008203565809518896,0.008596601314810225,0.008989636820101558,0.009382672325392888,0.009775707830684217,0.010168743335975547,0.010561778841266876,0.01095481434655821,0.011347849851849539,0.011740885357140868,0.012133920862432198,0.012526956367723531,0.01291999187301486,0.013313027378306188],"_type":"histogram","values":[1,1,0,0,0,0,0,0,0,0,0,0,0,1,0,0,0,0,0,0,0,1,0,0,0,0,0,0,0,0,0,0,1,0,0,0,0,1,0,0,0,1,1,0,0,0,1,0,0,0,0,0,0,0,0,0,0,0,0,0,0,0,0,1]},"weights/layer_1":{"_type":"histogram","values":[1,0,1,0,1,0,0,2,0,0,1,0,2,8,4,5,5,6,7,7,6,16,12,18,21,23,26,31,19,28,33,40,25,40,43,49,45,33,32,42,37,41,39,38,21,23,31,22,21,17,25,10,13,16,11,5,8,2,3,2,1,2,3,1],"bins":[-0.03392870360893807,-0.033003759807882005,-0.03207881600682594,-0.031153872205769876,-0.03022892840471381,-0.029303984603657744,-0.028379040802601677,-0.027454097001545615,-0.02652915320048955,-0.025604209399433482,-0.024679265598377416,-0.02375432179732135,-0.022829377996265283,-0.02190443419520922,-0.020979490394153155,-0.020054546593097092,-0.019129602792041026,-0.01820465899098496,-0.017279715189928893,-0.016354771388872827,-0.01542982758781676,-0.014504883786760698,-0.013579939985704632,-0.012654996184648565,-0.0117300523835925,-0.010805108582536433,-0.00988016478148037,-0.008955220980424304,-0.008030277179368238,-0.007105333378312172,-0.006180389577256109,-0.005255445776200043,-0.0043305019751439765,-0.0034055581740879103,-0.0024806143730318475,-0.0015556705719757813,-0.0006307267709197151,0.00029421703013635114,0.0012191608311924174,0.0021441046322484836,0.00306904843330455,0.003993992234360616,0.004918936035416675,0.0058438798364727415,0.006768823637528808,0.007693767438584874,0.00861871123964094,0.009543655040697006,0.010468598841753073,0.011393542642809139,0.012318486443865205,0.013243430244921264,0.01416837404597733,0.015093317847033397,0.016018261648089463,0.01694320544914553,0.017868149250201595,0.01879309305125766,0.019718036852313728,0.020642980653369794,0.021567924454425853,0.02249286825548192,0.023417812056537986,0.024342755857594052,0.025267699658650118]},"weights/layer_3":{"_type":"histogram","values":[1,0,0,0,0,0,2,0,1,4,1,0,5,4,4,2,4,4,3,4,4,8,19,8,14,6,10,11,10,15,11,15,14,14,10,12,13,7,8,12,9,5,5,8,4,4,2,3,2,4,3,3,2,1,0,1,2,0,0,0,1,0,0,1],"bins":[-0.029987360143325655,-0.02904546615271685,-0.02810357216210804,-0.027161678171499233,-0.026219784180890424,-0.025277890190281618,-0.02433599619967281,-0.023394102209064002,-0.022452208218455193,-0.021510314227846387,-0.02056842023723758,-0.01962652624662877,-0.018684632256019965,-0.01774273826541116,-0.01680084427480235,-0.01585895028419354,-0.014917056293584734,-0.013975162302975928,-0.013033268312367119,-0.012091374321758313,-0.011149480331149503,-0.010207586340540697,-0.009265692349931888,-0.008323798359323082,-0.007381904368714276,-0.0064400103781054666,-0.005498116387496661,-0.004556222396887851,-0.003614328406279045,-0.0026724344156702357,-0.0017305404250614297,-0.0007886464344526202,0.0001532475561561858,0.0010951415467649918,0.0020370355373737978,0.0029789295279826072,0.003920823518591417,0.004862717509200226,0.005804611499809029,0.006746505490417838,0.007688399481026648,0.00863029347163545,0.00957218746224426,0.010514081452853069,0.011455975443461879,0.012397869434070681,0.01333976342467949,0.0142816574152883,0.015223551405897102,0.016165445396505912,0.01710733938711472,0.01804923337772353,0.018991127368332333,0.019933021358941143,0.020874915349549952,0.021816809340158762,0.022758703330767564,0.023700597321376374,0.024642491311985183,0.025584385302593986,0.026526279293202795,0.027468173283811605,0.028410067274420414,0.029351961265029217,0.03029385525563803]},"train_acc":0.10183333333333333,"epoch":5,"train_loss":2.3026605342177437,"biases/layer_0":{"_type":"histogram","values":[1,0,0,0,0,0,0,1,0,0,0,2,1,1,1,2,2,0,1,0,1,0,0,0,2,0,0,1,1,0,2,1,2,0,0,0,0,3,0,0,0,1,1,0,0,0,1,1,1,0,0,0,0,0,0,0,1,0,0,0,0,0,0,1],