{"biases/layer_3":{"bins":[-0.0058937465587804525,-0.005704945584429009,-0.0055161446100775655,-0.005327343635726122,-0.005138542661374678,-0.004949741687023234,-0.0047609407126717905,-0.004572139738320347,-0.004383338763968903,-0.00419453778961746,-0.004005736815266016,-0.0038169358409145724,-0.003628134866563129,-0.0034393338922116853,-0.0032505329178602414,-0.003061731943508798,-0.0028729309691573543,-0.0026841299948059108,-0.0024953290204544672,-0.0023065280461030233,-0.0021177270717515797,-0.0019289260974001358,-0.0017401251230486922,-0.0015513241486972487,-0.0013625231743458052,-0.0011737221999943617,-0.0009849212256429181,-0.0007961202512914746,-0.0006073192769400302,-0.00041851830258858667,-0.00022971732823714314,-4.0916353885699606e-05,0.00014788462046574392,0.00033668559481718745,0.000525486569168631,0.0007142875435200745,0.000903088517871518,0.0010918894922229624,0.001280690466574406,0.0014694914409258495,0.001658292415277293,0.0018470933896287366,0.002035894363980181,0.0022246953383316236,0.002413496312683068,0.0026022972870345107,0.002791098261385955,0.0029798992357373977,0.003168700210088842,0.0033575011844402865,0.003546302158791729,0.0037351031331431736,0.003923904107494616,0.004112705081846061,0.004301506056197503,0.004490307030548948,0.004679108004900392,0.004867908979251835,0.005056709953603279,0.005245510927954722,0.005434311902306166,0.005623112876657609,0.005811913851009053,0.006000714825360496,0.0061895157997119395],"_type":"histogram","values":[1,0,0,1,0,0,0,0,0,0,1,0,0,0,0,1,0,0,0,0,0,0,0,0,0,0,0,0,1,0,0,0,0,0,0,0,0,0,0,0,0,2,0,0,0,0,0,0,1,0,0,0,0,0,0,0,0,0,1,0,0,0,0,1]},"biases/layer_0":{"bins":[-2.8413546465684964e-06,-2.7545416177269768e-06,-2.667728588885457e-06,-2.5809155600439376e-06,-2.494102531202418e-06,-2.4072895023608983e-06,-2.3204764735193787e-06,-2.233663444677859e-06,-2.1468504158363395e-06,-2.06003738699482e-06,-1.9732243581533003e-06,-1.8864113293117807e-06,-1.7995983004702611e-06,-1.7127852716287415e-06,-1.625972242787222e-06,-1.5391592139457023e-06,-1.4523461851041827e-06,-1.365533156262663e-06,-1.2787201274211435e-06,-1.191907098579624e-06,-1.1050940697381043e-06,-1.0182810408965847e-06,-9.314680120550651e-07,-8.446549832135455e-07,-7.578419543720259e-07,-6.710289255305063e-07,-5.842158966889867e-07,-4.974028678474671e-07,-4.1058983900594747e-07,-3.2377681016442786e-07,-2.3696378132290826e-07,-1.5015075248138866e-07,-6.333772363986905e-08,2.347530520165055e-08,1.1028833404317015e-07,1.9710136288468976e-07,2.8391439172620936e-07,3.7072742056772896e-07,4.5754044940924857e-07,5.443534782507682e-07,6.311665070922878e-07,7.179795359338074e-07,8.04792564775327e-07,8.916055936168466e-07,9.784186224583662e-07,1.0652316512998858e-06,1.1520446801414054e-06,1.238857708982925e-06,1.3256707378244446e-06,1.4124837666659642e-06,1.4992967955074838e-06,1.5861098243490034e-06,1.672922853190523e-06,1.7597358820320426e-06,1.8465489108735622e-06,1.933361939715082e-06,2.0201749685566014e-06,2.106987997398121e-06,2.1938010262396406e-06,2.2806140550811602e-06,2.36742708392268e-06,2.4542401127641994e-06,2.541053141605719e-06,2.6278661704472387e-06,2.714679199288758e-06],"_type":"histogram","values":[1,0,0,0,0,0,0,1,0,0,0,1,1,0,0,0,0,0,0,0,0,1,0,2,0,0,0,1,0,1,0,0,0,1,1,1,0,1,2,1,1,3,0,1,0,1,1,0,0,2,0,0,2,2,0,0,1,0,0,0,1,0,0,1]},"confusion_matrix_table":{"ncols":3,"nrows":100,"_type":"table-file","sha256":"092281ae5df4c4312bf26c01ad1d2041b373d2707e2425c2ce9e11621c5582cf","size":3002,"artifact_path":"wandb-client-artifact://4fpmij1g3kk5kg3485yh1bttdux39dd9yuwqvz9ev2ahogqlakpifnnpdpnsmjtnzj484z5mt4ywfrm27f4wk7xf5ra0e9qudk7m07ba9r98oyu08vti18wojajew89v/confusion_matrix_table.table.json","_latest_artifact_path":"wandb-client-artifact://cbjfldji73q2ubnrdmyz85hkvzmra1cl3xkjl674nr8rfq22bu4bkbpmk0xx5lh4agxyl66wx2ewv3n5ezheu5xun5hp1di85ib70zp794b0drxifoso3ubc191t5zpg:latest/confusion_matrix_table.table.json","path":"media/table/confusion_matrix_table_9_092281ae5df4c4312bf2.table.json"},"weights/layer_0":{"_type":"histogram","values":[1,0,0,2,0,2,4,6,8,16,16,27,45,46,63,88,112,165,219,250,341,396,484,543,619,755,854,855,954,1119,1143,1186,1233,1282,1206,1285,1178,1087,1042,1011,897,742,730,569,550,434,329,289,215,175,127,96,83,63,52,33,20,21,6,6,2,3,2,1],"bins":[-0.042300347966499174,-0.041046494984643245,-0.039792642002787315,-0.03853878902093138,-0.03728493603907545,-0.03603108305721952,-0.03477723007536359,-0.03352337709350766,-0.03226952411165172,-0.031015671129795794,-0.029761818147939864,-0.028507965166083934,-0.027254112184228005,-0.026000259202372072,-0.024746406220516142,-0.02349255323866021,-0.02223870025680428,-0.02098484727494835,-0.019730994293092417,-0.018477141311236487,-0.017223288329380554,-0.015969435347524624,-0.014715582365668695,-0.013461729383812761,-0.012207876401956832,-0.010954023420100899,-0.009700170438244969,-0.00844631745638904,-0.00719246447453311,-0.00593861149267718,-0.004684758510821244,-0.003430905528965314,-0.0021770525471093843,-0.0009231995652534547,0.00033065341660247494,0.0015845063984584115,0.002838359380314341,0.004092212362170271,0.0053460653440262,0.00659991832588213,0.007853771307738067,0.009107624289593996,0.010361477271449926,0.011615330253305856,0.012869183235161785,0.014123036217017715,0.015376889198873651,0.01663074218072958,0.01788459516258551,0.01913844814444144,0.020392301126297377,0.021646154108153307,0.022900007090009236,0.024153860071865166,0.025407713053721095,0.026661566035577025,0.027915419017432955,0.029169271999288884,0.030423124981144814,0.03167697796300076,0.03293083094485669,0.03418468392671262,0.035438536908568546,0.036692389890424476,0.03794624287228041]},"sample_predictions":{"_type":"images/separated","width":28,"height":28,"format":"png","count":10,"filenames":["media/images/sample_predictions_10_606215d87f87b2f00799.png","media/images/sample_predictions_10_80c07028ea3856542be4.png","media/images/sample_predictions_10_9cf40359a3dec85636e5.png","media/images/sample_predictions_10_ce5b739914bcd72b66df.png","media/images/sample_predictions_10_07a347c11e27a0aa79ca.png","media/images/sample_predictions_10_d99b4985df3c791d3f16.png","media/images/sample_predictions_10_379b818d067226d80795.png","media/images/sample_predictions_10_1fed2768e0601d187e72.png","media/images/sample_predictions_10_736760c82067caaa8fe3.png","media/images/sample_predictions_10_26363bd2a04602ee6a04.png"],"captions":["True: 1, Pred: 8","True: 5, Pred: 8","True: 2, Pred: 8","True: 3, Pred: 8","True: 9, Pred: 8","True: 0, Pred: 8","True: 9, Pred: 8","True: 0, Pred: 8","True: 1, Pred: 8","True: 8, Pred: 8"]},"epoch":5,"_wandb":{"runtime":10},"train_loss":2.302664496080949,"val_loss":2.302664496080949,"train_acc":0.10183333333333333,"weights/layer_2":{"values":[1,0,1,0,0,1,2,2,0,2,4,3,8,5,7,6,8,10,12,14,9,16,26,23,27,23,23,38,40,35,38,44,45,34,30,41,41,30,39,33,41,25,24,28,27,21,25,19,15,13,11,12,12,10,4,1,1,3,3,1,2,3,1,1],