{"_step":17,"weights/layer_0":{"bins":[-1.0194568137991502,-0.9832642032535848,-0.9470715927080193,-0.9108789821624539,-0.8746863716168884,-0.838493761071323,-0.8023011505257577,-0.7661085399801922,-0.7299159294346268,-0.6937233188890614,-0.6575307083434959,-0.6213380977979306,-0.5851454872523651,-0.5489528767067997,-0.5127602661612343,-0.47656765561566883,-0.4403750450701034,-0.40418243452453795,-0.3679898239789725,-0.33179721343340707,-0.2956046028878416,-0.2594119923422763,-0.22321938179671086,-0.18702677125114542,-0.15083416070557998,-0.11464155016001454,-0.0784489396144491,-0.04225632906888366,-0.006063718523318329,0.03012889202224711,0.06632150256781255,0.10251411311337799,0.13870672365894343,0.17489933420450887,0.2110919447500743,0.24728455529563975,0.2834771658412052,0.31966977638677063,0.35586238693233607,0.3920549974779015,0.42824760802346695,0.46444021856903217,0.5006328291145976,0.536825439660163,0.5730180502057285,0.6092106607512939,0.6454032712968594,0.6815958818424248,0.7177884923879903,0.7539811029335557,0.7901737134791211,0.8263663240246866,0.862558934570252,0.8987515451158175,0.9349441556613829,0.9711367662069483,1.0073293767525136,1.043521987298079,1.0797145978436444,1.1159072083892099,1.1520998189347753,1.1882924294803408,1.2244850400259062,1.2606776505714716,1.296870261117037],"_type":"histogram","values":[1,0,0,0,0,1,3,4,5,7,6,13,18,30,33,56,71,92,108,170,250,395,627,1027,1698,3127,5326,11196,12164,5297,3262,1912,1105,712,452,321,188,148,101,73,54,42,19,10,9,7,10,5,2,3,2,2,3,2,2,0,1,2,1,0,0,0,0,1]},"sample_predictions":{"count":10,"filenames":["media/images/sample_predictions_17_606215d87f87b2f00799.png","media/images/sample_predictions_17_80c07028ea3856542be4.png","media/images/sample_predictions_17_9cf40359a3dec85636e5.png","media/images/sample_predictions_17_ce5b739914bcd72b66df.png","media/images/sample_predictions_17_07a347c11e27a0aa79ca.png","media/images/sample_predictions_17_d99b4985df3c791d3f16.png","media/images/sample_predictions_17_379b818d067226d80795.png","media/images/sample_predictions_17_1fed2768e0601d187e72.png","media/images/sample_predictions_17_736760c82067caaa8fe3.png","media/images/sample_predictions_17_26363bd2a04602ee6a04.png"],"captions":["True: 1, Pred: 1","True: 5, Pred: 5","True: 2, Pred: 2","True: 3, Pred: 3","True: 9, Pred: 9","True: 0, Pred: 0","True: 9, Pred: 9","True: 0, Pred: 3","True: 1, Pred: 1","True: 8, Pred: 8"],"_type":"images/separated","width":28,"height":28,"format":"png"},"biases/layer_0":{"values":[1,0,0,0,0,0,0,2,0,0,0,1,0,0,1,2,1,0,1,1,1,3,7,7,3,0,4,2,2,3,2,2,2,1,2,1,3,1,2,0,0,0,0,0,0,1,0,0,1,0,0,1,0,0,0,0,1,0,1,0,0,0,0,1],"bins":[-0.28855881001993927,-0.2763742720173279,-0.2641897340147165,-0.25200519601210514,-0.23982065800949376,-0.22763612000688238,-0.21545158200427098,-0.2032670440016596,-0.19108250599904822,-0.17889796799643684,-0.16671342999382546,-0.15452889199121408,-0.14234435398860268,-0.1301598159859913,-0.11797527798337992,-0.10579073998076854,-0.09360620197815717,-0.08142166397554579,-0.06923712597293441,-0.05705258797032303,-0.044868049967711654,-0.032683511965100276,-0.020498973962488898,-0.00831443595987752,0.003870102042733914,0.016054640045345292,0.02823917804795667,0.04042371605056805,0.052608254053179426,0.0647927920557908,0.07697733005840218,0.08916186806101356,0.10134640606362494,0.11353094406623632,0.1257154820688477,0.13790002007145907,0.15008455807407045,0.16226909607668183,0.1744536340792932,0.18663817208190459,0.19882271008451596,0.2110072480871274,0.22319178608973872,0.23537632409235015,0.24756086209496148,0.2597454000975729,0.27192993810018423,0.28411447610279567,0.2962990141054071,0.3084835521080184,0.32066809011062986,0.3328526281132412,0.3450371661158526,0.35722170411846393,0.36940624212107537,0.3815907801236867,0.3937753181262981,0.40595985612890945,0.4181443941315209,0.4303289321341322,0.44251347013674364,0.45469800813935496,0.4668825461419664,0.4790670841445777,0.49125162214718915],"_type":"histogram"},"weights/layer_3":{"values":[1,1,5,3,4,2,4,2,1,3,0,1,1,3,0,0,0,2,0,0,0,4,5,6,5,4,2,1,1,1,6,8,11,6,28,39,104,739,1689,646,341,145,97,52,17,12,19,48,14,4,3,1,0,0,2,0,0,0,1,0,0,0,0,2],"bins":[-0.6816164419046837,-0.6638668148916841,-0.6461171878786843,-0.6283675608656847,-0.6106179338526849,-0.5928683068396853,-0.5751186798266856,-0.5573690528136859,-0.5396194258006862,-0.5218697987876866,-0.5041201717746868,-0.4863705447616872,-0.46862091774868747,-0.45087129073568777,-0.4331216637226881,-0.4153720367096884,-0.3976224096966887,-0.379872782683689,-0.3621231556706893,-0.34437352865768966,-0.32662390164468996,-0.30887427463169026,-0.2911246476186906,-0.2733750206056909,-0.2556253935926912,-0.2378757665796915,-0.2201261395666918,-0.20237651255369216,-0.18462688554069245,-0.16687725852769275,-0.1491276315146931,-0.13137800450169335,-0.1136283774886937,-0.09587875047569405,-0.0781291234626943,-0.06037949644969465,-0.04262986943669489,-0.024880242423695242,-0.0071306154106955955,0.010619011602304163,0.02836863861530381,0.046118265628303456,0.06386789264130321,0.08161751965430286,0.09936714666730251,0.11711677368030227,0.1348664006933019,0.15261602770630167,0.17036565471930132,0.18811528173230097,0.20586490874530072,0.22361453575830037,0.24136416277130013,0.2591137897842998,0.2768634167972994,0.2946130438102992,0.3123626708232988,0.3301122978362985,0.34786192484929823,0.365611551862298,0.3833611788752975,0.4011108058882973,0.41886043290129704,0.4366100599142966,0.4543596869272962],"_type":"histogram"},"weights/layer_1":{"values":[4,4,8,9,12,24,74,296,597,915,651,341,236,167,148,107,79,53,54,61,32,22,20,37,28,16,7,4,15,17,14,11,7,6,2,6,3,0,1,3,1,0,0,0,0,0,1,1,0,0,0,0,0,0,0,0,0,0,0,0,0,0,0,2],"bins":[-0.16533292717946488,-0.14865139689788964,-0.13196986661631438,-0.11528833633473913,-0.09860680605316388,-0.08192527577158863,-0.06524374549001338,-0.048562215208438134,-0.031880684926862884,-0.015199154645287621,0.001482375636287614,0.01816390591786285,0.03484543619943811,0.051526966481013375,0.06820849676258861,0.08489002704416385,0.10157155732573911,0.11825308760731437,0.13493461788888964,0.15161614817046484,0.1682976784520401,0.18497920873361537,0.20166073901519058,0.21834226929676584,0.2350237995783411,0.25170532985991634,0.2683868601414916,0.28506839042306686,0.3017499207046421,0.3184314509862174,0.33511298126779254,0.3517945115493678,0.36847604183094307,0.38515757211251833,0.4018391023940936,0.41852063267566886,0.4352021629572441,0.4518836932388193,0.46856522352039454,0.4852467538019698,0.5019282840835451,0.5186098143651203,0.5352913446466956,0.5519728749282709,0.568654405209846,0.5853359354914213,0.6020174657729965,0.6186989960545718,0.6353805263361471,0.6520620566177223,0.6687435868992976,0.6854251171808728,0.7021066474624481,0.7187881777440233,0.7354697080255985,0.7521512383071738,0.768832768588749,0.7855142988703243,0.8021958291518996,0.8188773594334748,0.83555888971505,0.8522404199966253,0.8689219502782005,0.8856034805597758,0.9022850108413512],"_type":"histogram"},"train_acc":0.8193333333333334,