{"_runtime":36.9783158,"learning_rate":0.001,"biases/layer_1":{"values":[2,0,0,0,0,1,1,0,0,0,0,1,0,0,1,1,3,1,1,1,2,2,2,3,3,2,2,6,1,1,1,0,1,2,3,0,3,2,2,3,1,0,0,2,0,1,1,0,1,0,0,0,1,2,0,0,0,0,0,0,0,0,0,1],"bins":[-1.34095653475918,-1.295050553325684,-1.249144571892188,-1.203238590458692,-1.1573326090251959,-1.1114266275916997,-1.0655206461582036,-1.0196146647247077,-0.9737086832912116,-0.9278027018577155,-0.8818967204242195,-0.8359907389907235,-0.7900847575572274,-0.7441787761237313,-0.6982727946902353,-0.6523668132567393,-0.6064608318232432,-0.5605548503897471,-0.5146488689562511,-0.46874288752275506,-0.42283690608925895,-0.37693092465576283,-0.33102494322226694,-0.28511896178877083,-0.23921298035527472,-0.1933069989217786,-0.1474010174882825,-0.1014950360547866,-0.05558905462129049,-0.009683073187794378,0.03622290824570151,0.08212888967919763,0.12803487111269374,0.17394085254618985,0.21984683397968596,0.26575281541318185,0.31165879684667797,0.3575647782801741,0.40347075971366997,0.4493767411471661,0.4952827225806622,0.5411887040141583,0.5870946854476544,0.6330006668811503,0.6789066483146462,0.7248126297481423,0.7707186111816384,0.8166245926151345,0.8625305740486306,0.9084365554821268,0.9543425369156229,1.000248518349119,1.046154499782615,1.0920604812161108,1.1379664626496069,1.183872444083103,1.229778425516599,1.2756844069500952,1.3215903883835913,1.3674963698170874,1.4134023512505831,1.4593083326840792,1.5052143141175753,1.5511202955510714,1.5970262769845673],"_type":"histogram"},"weights/layer_0":{"_type":"histogram","values":[2,7,1,7,6,7,12,15,26,31,58,96,127,190,244,277,361,451,598,711,880,1112,1384,1717,2089,2373,2938,3291,3554,3662,3440,3390,3023,2647,2131,1817,1532,1246,982,786,634,511,401,311,270,220,157,131,98,61,38,31,20,19,11,11,2,9,5,4,7,0,3,1],"bins":[-5.319737145399569,-5.142533640370049,-4.965330135340529,-4.788126630311009,-4.61092312528149,-4.43371962025197,-4.25651611522245,-4.07931261019293,-3.9021091051634103,-3.7249056001338907,-3.5477020951043707,-3.3704985900748508,-3.1932950850453308,-3.0160915800158112,-2.8388880749862913,-2.6616845699567717,-2.4844810649272517,-2.3072775598977318,-2.130074054868212,-1.9528705498386922,-1.7756670448091727,-1.5984635397796527,-1.4212600347501327,-1.2440565297206128,-1.0668530246910928,-0.8896495196615737,-0.7124460146320537,-0.5352425096025337,-0.35803900457301374,-0.18083549954349376,-0.003631994513974668,0.1735715105155453,0.3507750155450653,0.5279785205745853,0.7051820256041053,0.8823855306336243,1.0595890356631443,1.2367925406926643,1.4139960457221843,1.5911995507517043,1.7684030557812234,1.9456065608107433,2.1228100658402633,2.3000135708697833,2.4772170758993033,2.6544205809288233,2.8316240859583433,3.0088275909878623,3.186031096017383,3.3632346010469023,3.5404381060764214,3.7176416111059423,3.8948451161354614,4.072048621164982,4.249252126194501,4.42645563122402,4.603659136253541,4.78086264128306,4.958066146312581,5.1352696513421,5.312473156371619,5.48967666140114,5.666880166430659,5.84408367146018,6.0212871764897]},"_timestamp":1.741520370527763e+09,"_step":15,"train_loss":0.66983300483216,"biases/layer_0":{"bins":[-1.421428514077735,-1.3764820323114026,-1.3315355505450701,-1.2865890687787378,-1.2416425870124053,-1.196696105246073,-1.1517496234797404,-1.106803141713408,-1.0618566599470756,-1.0169101781807433,-0.9719636964144107,-0.9270172146480784,-0.882070732881746,-0.8371242511154136,-0.7921777693490811,-0.7472312875827487,-0.7022848058164163,-0.6573383240500839,-0.6123918422837514,-0.567445360517419,-0.5224988787510866,-0.47755239698475416,-0.43260591521842173,-0.3876594334520893,-0.342712951685757,-0.29776646991942446,-0.25281998815309215,-0.2078735063867596,-0.1629270246204273,-0.11798054285409476,-0.07303406108776245,-0.028087579321429912,0.0168589024449024,0.061805384211234715,0.10675186597756725,0.15169834774389956,0.1966448295102321,0.2415913112765644,0.28653779304289695,0.33148427480922926,0.3764307565755618,0.4213772383418941,0.46632372010822665,0.511270201874559,0.5562166836408915,0.6011631654072238,0.6461096471735563,0.6910561289398889,0.736002610706221,0.7809490924725535,0.825895574238886,0.8708420560052181,0.9157885377715507,0.9607350195378832,1.0056815013042157,1.0506279830705478,1.0955744648368804,1.140520946603213,1.1854674283695454,1.2304139101358775,1.27536039190221,1.3203068736685426,1.3652533554348751,1.4101998372012072,1.4551463189675398],"_type":"histogram","values":[1,0,1,0,0,0,0,1,0,0,0,0,0,1,0,1,1,1,0,1,0,0,3,3,2,2,0,2,1,1,2,2,1,2,4,6,3,2,2,3,0,2,1,0,1,0,2,0,0,1,1,0,0,3,0,0,0,1,0,0,0,0,0,3]},"weights/layer_1":{"bins":[-3.1683976423332636,-3.0731280017934344,-2.977858361253605,-2.882588720713776,-2.7873190801739467,-2.6920494396341175,-2.5967797990942882,-2.501510158554459,-2.40624051801463,-2.3109708774748006,-2.2157012369349713,-2.120431596395142,-2.025161955855313,-1.9298923153154837,-1.8346226747756544,-1.7393530342358252,-1.644083393695996,-1.5488137531561668,-1.4535441126163375,-1.3582744720765083,-1.263004831536679,-1.1677351909968499,-1.0724655504570206,-0.9771959099171914,-0.8819262693773622,-0.786656628837533,-0.6913869882977037,-0.5961173477578745,-0.5008477072180453,-0.40557806667821605,-0.31030842613838683,-0.2150387855985576,-0.11976914505872838,-0.02449950451889915,0.07077013602093007,0.1660397765607593,0.2613094171005885,0.35657905764041775,0.451848698180247,0.5471183387200762,0.6423879792599054,0.7376576197997347,0.8329272603395639,0.9281969008793931,1.0234665414192223,1.1187361819590516,1.2140058224988808,1.30927546303871,1.4045451035785392,1.4998147441183685,1.5950843846581977,1.690354025198027,1.7856236657378561,1.8808933062776854,1.9761629468175146,2.071432587357344,2.166702227897173,2.2619718684370023,2.3572415089768315,2.4525111495166607,2.54778079005649,2.643050430596319,2.7383200711361484,2.8335897116759776,2.928859352215807],"_type":"histogram","values":[1,2,6,0,1,0,7,14,5,13,18,9,31,28,44,35,34,38,36,48,56,62,62,52,93,94,124,143,186,160,184,214,197,204,189,183,162,174,152,145,103,110,86,63,69,63,48,47,30,41,51,38,33,39,7,12,13,13,10,6,2,2,1,3]},"weights/layer_3":{"values":[1,0,0,1,3,1,4,2,4,0,4,2,5,11,6,8,10,8,11,8,16,28,19,28,18,32,32,31,26,23,33,21,33,33,28,13,17,17,15,22,7,7,3,5,10,5,3,7,2,5,2,2,2,2,3,0,0,0,0,0,0,0,0,1],"bins":[-0.5923984455955823,-0.572067780387038,-0.5517371151784938,-0.5314064499699495,-0.5110757847614051,-0.4907451195528609,-0.4704144543443166,-0.4500837891357723,-0.42975312392722803,-0.40942245871868377,-0.38909179351013945,-0.3687611283015952,-0.3484304630930509,-0.3280997978845066,-0.30776913267596234,-0.287438467467418,-0.26710780225887376,-0.2467771370503295,-0.22644647184178518,-0.20611580663324092,-0.1857851414246966,-0.16545447621615234,-0.14512381100760807,-0.12479314579906375,-0.10446248059051949,-0.08413181538197523,-0.06380115017343091,-0.04347048496488659,-0.023139819756342384,-0.002809154547798065,0.017521510660746253,0.03785217586929046,0.05818284107783478,0.0785135062863791,0.0988441714949233,0.11917483670346762,0.13950550191201194,0.15983616712055615,0.18016683232910047,0.2004974975376448,0.2208281627461891,0.2411588279547333,0.26148949316327763,0.28182015837182195,0.30215082358036616,0.3224814887889105,0.3428121539974548,0.363142819205999,0.3834734844145433,0.40380414962308764,0.42413481483163185,0.4444654800401763,0.4647961452487205,0.4851268104572647,0.5054574756658091,0.5257881408743533,0.5461188060828975,0.566449471291442,0.5867801364999862,0.6071108017085304,0.6274414669170748,0.647772132125619,0.6681027973341632,0.6884334625427077,0.7087641277512517],"_type":"histogram"},"val_loss":0.66983300483216,"epoch":10,"val_acc":0.7461666666666666,"_wandb":{"runtime":36},"train_acc":0.7461666666666666,"weights/layer_2":{"_type":"histogram","values":[2,0,0,1,1,2,2,1,1,2,5,3,3,10,7,12,8,16,15,16,24,25,38,35,46,49,61,95,135,155,210,287,335,385,378,350,318,230,166,152,103,73,44,56,36,33,36,23,18,17,15,12,8,10,11,3,5,3,3,0,3,1,1,1],