{"epoch":5,"_wandb":{"runtime":7},"weights/layer_0":{"_type":"histogram","values":[1,0,0,1,0,0,3,0,2,1,1,2,1,3,3,3,9,8,9,18,18,43,48,74,132,165,218,323,511,20455,727,495,458,319,225,193,168,104,72,62,47,32,26,23,20,10,7,7,7,5,3,6,4,5,1,2,2,2,1,1,0,0,1,1],"bins":[-1.2417314555511167,-1.200089973797434,-1.1584484920437512,-1.1168070102900685,-1.0751655285363855,-1.0335240467827027,-0.99188256502902,-0.9502410832753372,-0.9085996015216544,-0.8669581197679717,-0.8253166380142889,-0.783675156260606,-0.7420336745069233,-0.7003921927532405,-0.6587507109995576,-0.6171092292458749,-0.5754677474921921,-0.5338262657385093,-0.49218478398482657,-0.4505433022311437,-0.40890182047746093,-0.36726033872377817,-0.3256188569700953,-0.28397737521641253,-0.24233589346272977,-0.200694411709047,-0.15905292995536424,-0.11741144820168148,-0.0757699664479985,-0.03412848469431573,0.0075129970593670325,0.049154478813049796,0.09079596056673256,0.13243744232041532,0.17407892407409808,0.21572040582778085,0.2573618875814636,0.2990033693351466,0.34064485108882936,0.3822863328425121,0.4239278145961949,0.46556929634987765,0.5072107781035604,0.5488522598572432,0.5904937416109262,0.6321352233646089,0.6737767051182917,0.7154181868719744,0.7570596686256572,0.7987011503793402,0.8403426321330227,0.8819841138867057,0.9236255956403883,0.9652670773940712,1.0069085591477538,1.0485500409014368,1.0901915226551198,1.1318330044088023,1.1734744861624853,1.2151159679161678,1.2567574496698508,1.2983989314235334,1.3400404131772163,1.3816818949308989,1.4233233766845819]},"val_loss":0.7417033686946832,"weights/layer_2":{"_type":"histogram","values":[2,0,0,0,0,0,0,0,0,0,1,1,0,0,1,2,2,1,1,2,6,15,20,859,57,6,1,2,2,2,1,0,1,0,0,0,0,0,1,0,1,2,2,1,0,1,1,0,2,3,3,4,4,3,2,4,0,2,0,2,0,0,0,1],"bins":[-0.33507124212435435,-0.3211008918164927,-0.30713054150863106,-0.29316019120076936,-0.2791898408929077,-0.26521949058504607,-0.25124914027718437,-0.23727878996932272,-0.22330843966146108,-0.20933808935359943,-0.19536773904573776,-0.1813973887378761,-0.16742703843001444,-0.1534566881221528,-0.13948633781429112,-0.12551598750642945,-0.1115456371985678,-0.09757528689070616,-0.08360493658284451,-0.06963458627498281,-0.05566423596712117,-0.04169388565925952,-0.02772353535139782,-0.013753185043536176,0.00021716526432546956,0.014187515572187115,0.02815786588004876,0.04212821618791046,0.056098566495772106,0.07006891680363375,0.08403926711149545,0.0980096174193571,0.11197996772721874,0.1259503180350804,0.13992066834294203,0.15389101865080373,0.16786136895866532,0.18183171926652708,0.19580206957438873,0.20977241988225037,0.22374277019011202,0.23771312049797366,0.2516834708058353,0.26565382111369695,0.2796241714215587,0.29359452172942035,0.307564872037282,0.32153522234514365,0.3355055726530053,0.34947592296086694,0.3634462732687286,0.3774166235765902,0.39138697388445187,0.40535732419231363,0.4193276745001753,0.4332980248080369,0.44726837511589856,0.4612387254237602,0.47520907573162185,0.4891794260394835,0.5031497763473453,0.5171201266552069,0.5310904769630685,0.5450608272709302,0.5590311775787918]},"train_acc":0.7375,"_timestamp":1.7415324641649122e+09,"weights/layer_4":{"_type":"histogram","values":[1,0,0,0,0,0,1,0,0,1,0,1,1,0,0,1,0,0,1,0,0,2,2,1,0,1,0,1,2,3,1,1,1,5,3,3,0,0,2,0,1,12,14,191,31,9,4,1,1,4,3,2,3,1,2,1,1,0,0,1,0,1,1,1],"bins":[-1.0236136961629316,-1.000241711487286,-0.9768697268116401,-0.9534977421359944,-0.9301257574603485,-0.9067537727847028,-0.8833817881090571,-0.8600098034334113,-0.8366378187577656,-0.8132658340821197,-0.789893849406474,-0.7665218647308283,-0.7431498800551825,-0.7197778953795366,-0.6964059107038909,-0.6730339260282452,-0.6496619413525995,-0.6262899566769536,-0.6029179720013078,-0.5795459873256621,-0.5561740026500164,-0.5328020179743707,-0.5094300332987248,-0.4860580486230791,-0.4626860639474333,-0.43931407927178756,-0.41594209459614173,-0.392570109920496,-0.3691981252448503,-0.34582614056920447,-0.32245415589355875,-0.2990821712179129,-0.2757101865422672,-0.2523382018666215,-0.22896621719097565,-0.20559423251532993,-0.1822222478396841,-0.15885026316403839,-0.13547827848839267,-0.11210629381274684,-0.08873430913710112,-0.06536232446145529,-0.04199033978580957,-0.018618355110163742,0.004753629565481976,0.028125614241127694,0.05149759891677341,0.07486958359241935,0.09824156826806507,0.12161355294371079,0.1449855376193565,0.16835752229500223,0.19172950697064817,0.21510149164629389,0.2384734763219396,0.2618454609975853,0.28521744567323104,0.308589430348877,0.3319614150245227,0.3553333997001684,0.37870538437581414,0.40207736905145985,0.4254493537271058,0.4488213384027515,0.47219332307839723]},"biases/layer_4":{"_type":"histogram","values":[1,0,0,0,0,0,0,0,0,0,0,0,0,0,0,0,0,0,0,0,0,0,0,0,0,0,1,0,1,1,0,0,0,0,0,0,0,0,0,1,0,1,0,1,0,1,0,0,0,0,0,0,0,0,0,1,0,0,0,0,0,0,0,1],"bins":[-1.6899470979428517,-1.6433547223275469,-1.5967623467122423,-1.5501699710969374,-1.5035775954816328,-1.456985219866328,-1.4103928442510232,-1.3638004686357186,-1.3172080930204138,-1.270615717405109,-1.2240233417898043,-1.1774309661744995,-1.1308385905591947,-1.08424621494389,-1.0376538393285852,-0.9910614637132805,-0.9444690880979758,-0.8978767124826711,-0.8512843368673664,-0.8046919612520615,-0.7580995856367568,-0.7115072100214521,-0.6649148344061473,-0.6183224587908427,-0.5717300831755379,-0.525137707560233,-0.47854533194492843,-0.4319529563296236,-0.3853605807143188,-0.3387682050990142,-0.29217582948370935,-0.24558345386840474,-0.19899107825309992,-0.1523987026377951,-0.10580632702249049,-0.05921395140718566,-0.012621575791881057,0.03397079982342377,0.0805631754387286,0.1271555510540332,0.17374792666933803,0.22034030228464285,0.26693267789994746,0.31352505351525206,0.3601174291305571,0.4067098047458617,0.4533021803611663,0.49989455597647137,0.546486931591776,0.5930793072070806,0.6396716828223856,0.6862640584376902,0.7328564340529948,0.7794488096682999,0.8260411852836045,0.8726335608989091,0.9192259365142141,0.9658183121295187,1.0124106877448233,1.059003063360128,1.105595438975433,1.1521878145907376,1.1987801902060422,1.2453725658213473,1.2919649414366519]},"confusion_matrix_table":{"_latest_artifact_path":"wandb-client-artifact://xt7j9aradvguhlv103kq80s1z7aqok1qjj83th703y4dbrbml03bfdskg3e57jxk21e3oe8ennvcqmuuizq10kdymhvswuanvg4r7zozy2meobbzbmdy9scgd79sx0ky:latest/confusion_matrix_table.table.json","path":"media/table/confusion_matrix_table_10_e854d72a959102fdab57.table.json","ncols":3,"nrows":100,"_type":"table-file","sha256":"e854d72a959102fdab57f21117988a681236f56ea9afe97220c7807b7839fc98","size":3038,"artifact_path":"wandb-client-artifact://hufn9803auqpkob35e6e7ba33lwfpvzcfy3j3vwxiynlrqgn4pw0wzl9z5scoqizhcq65dhq28ieej3x76e0mk0cn2e3jatpq8jamwj4kht6hbonu0j6nmfv1aqtbo6t/confusion_matrix_table.table.json"},"weights/layer_3":{"values":[2,1,1,0,0,4,0,2,0,1,0,3,1,0,1,1,0,1,0,0,2,3,2,2,0,3,1,6,22,894,41,6,3,2,0,0,1,0,0,0,0,0,0,0,0,0,0,1,0,0,0,1,0,2,1,1,1,3,1,1,2,2,0,2],