{"weights/layer_3":{"_type":"histogram","values":[1,1,1,3,9,3,9,7,6,10,7,7,13,12,17,16,32,22,37,60,70,134,181,238,284,359,375,389,298,234,140,96,55,43,46,49,47,47,64,47,53,53,57,48,48,46,46,40,36,22,25,19,26,19,15,16,13,11,10,10,2,6,4,2],"bins":[-0.09738888278666935,-0.0937616353336362,-0.09013438788060306,-0.0865071404275699,-0.08287989297453677,-0.07925264552150361,-0.07562539806847046,-0.07199815061543732,-0.06837090316240417,-0.06474365570937102,-0.06111640825633788,-0.05748916080330473,-0.05386191335027159,-0.05023466589723844,-0.04660741844420529,-0.04298017099117214,-0.039352923538139,-0.03572567608510585,-0.0320984286320727,-0.02847118117903956,-0.024843933726006406,-0.021216686272973267,-0.017589438819940115,-0.013962191366906962,-0.010334943913873823,-0.00670769646084067,-0.0030804490078075314,0.0005467984452256214,0.004174045898258774,0.007801293351291913,0.011428540804325066,0.015055788257358205,0.018683035710391357,0.02231028316342451,0.02593753061645765,0.029564778069490788,0.033192025522523955,0.036819272975557094,0.04044652042859023,0.0440737678816234,0.04770101533465654,0.05132826278768968,0.054955510240722816,0.05858275769375598,0.06221000514678912,0.06583725259982226,0.06946450005285543,0.07309174750588857,0.0767189949589217,0.08034624241195487,0.08397348986498801,0.08760073731802115,0.09122798477105429,0.09485523222408745,0.0984824796771206,0.10210972713015373,0.1057369745831869,0.10936422203622004,0.11299146948925318,0.11661871694228634,0.12024596439531948,0.12387321184835262,0.12750045930138576,0.13112770675441893,0.13475495420745207]},"biases/layer_2":{"_type":"histogram","values":[1,0,0,0,1,1,0,1,0,0,0,0,0,0,1,0,0,1,0,0,0,2,0,0,0,1,0,2,0,3,0,0,0,0,1,1,0,3,14,1,1,2,2,2,3,1,2,2,3,1,0,2,1,1,0,1,0,1,1,1,1,0,0,2],"bins":[-0.30495122622116333,-0.2970230488586428,-0.28909487149612223,-0.2811666941336017,-0.27323851677108113,-0.2653103394085606,-0.25738216204604003,-0.24945398468351948,-0.24152580732099893,-0.23359762995847838,-0.22566945259595783,-0.21774127523343728,-0.2098130978709167,-0.20188492050839615,-0.1939567431458756,-0.18602856578335505,-0.1781003884208345,-0.17017221105831395,-0.1622440336957934,-0.15431585633327286,-0.1463876789707523,-0.13845950160823176,-0.1305313242457112,-0.12260314688319066,-0.11467496952067008,-0.10674679215814953,-0.09881861479562898,-0.09089043743310843,-0.08296226007058788,-0.07503408270806733,-0.06710590534554678,-0.05917772798302623,-0.05124955062050568,-0.04332137325798513,-0.03539319589546458,-0.02746501853294403,-0.01953684117042348,-0.01160866380790293,-0.0036804864453823805,0.004247690917138169,0.01217586827965872,0.02010404564217927,0.02803222300469982,0.03596040036722037,0.04388857772974092,0.05181675509226147,0.05974493245478202,0.06767310981730257,0.07560128717982317,0.08352946454234372,0.09145764190486427,0.09938581926738482,0.10731399662990537,0.11524217399242592,0.12317035135494647,0.13109852871746702,0.13902670607998757,0.14695488344250812,0.15488306080502867,0.16281123816754922,0.17073941553006977,0.17866759289259032,0.18659577025511087,0.19452394761763142,0.202452124980152]},"epoch":10,"biases/layer_3":{"bins":[-1.2354690868899203,-1.206401670098847,-1.1773342533077735,-1.1482668365167001,-1.1191994197256268,-1.0901320029345534,-1.06106458614348,-1.0319971693524064,-1.0029297525613332,-0.9738623357702597,-0.9447949189791863,-0.9157275021881128,-0.8866600853970394,-0.8575926686059661,-0.8285252518148927,-0.7994578350238193,-0.7703904182327459,-0.7413230014416725,-0.7122555846505991,-0.6831881678595257,-0.6541207510684524,-0.6250533342773789,-0.5959859174863055,-0.5669185006952321,-0.5378510839041587,-0.5087836671130853,-0.47971625032201193,-0.45064883353093854,-0.42158141673986504,-0.39251399994879166,-0.3634465831577183,-0.3343791663666449,-0.3053117495755715,-0.2762443327844981,-0.24717691599342473,-0.21810949920235134,-0.18904208241127796,-0.15997466562020457,-0.13090724882913118,-0.1018398320380578,-0.07277241524698441,-0.043704998455910804,-0.014637581664837418,0.014429835126235968,0.043497251917309354,0.07256466870838274,0.10163208549945613,0.1306995022905295,0.1597669190816029,0.18883433587267628,0.21790175266374967,0.24696916945482306,0.27603658624589644,0.30510400303696983,0.3341714198280432,0.3632388366191166,0.3923062534101902,0.4213736702012636,0.450441086992337,0.47950850378341037,0.5085759205744838,0.5376433373655571,0.5667107541566305,0.5957781709477039,0.6248455877387774],"_type":"histogram","values":[1,0,0,0,0,0,0,1,0,0,0,0,0,1,0,0,0,0,0,0,0,0,0,0,0,0,2,2,0,1,1,0,0,1,2,1,0,2,0,1,1,0,29,2,0,1,0,2,1,0,0,0,3,1,1,1,1,0,1,1,1,0,0,2]},"weights/layer_4":{"values":[1,1,1,1,1,0,0,1,0,0,0,0,0,3,2,8,6,4,4,4,1,2,5,0,0,3,1,6,5,2,6,13,17,18,43,108,123,87,49,32,23,23,11,6,4,2,3,0,3,1,1,0,2,1,0,1,0,0,0,0,0,0,0,1],"bins":[-0.28797184752571364,-0.28012014609183444,-0.2722684446579552,-0.264416743224076,-0.2565650417901968,-0.24871334035631756,-0.24086163892243834,-0.23300993748855914,-0.22515823605467994,-0.2173065346208007,-0.20945483318692149,-0.2016031317530423,-0.19375143031916306,-0.18589972888528383,-0.17804802745140463,-0.17019632601752543,-0.1623446245836462,-0.15449292314976698,-0.14664122171588778,-0.13878952028200855,-0.13093781884812936,-0.12308611741425013,-0.11523441598037093,-0.1073827145464917,-0.09953101311261248,-0.09167931167873328,-0.08382761024485405,-0.07597590881097485,-0.06812420737709562,-0.060272505943216426,-0.0524208045093372,-0.044569103075458,-0.03671740164157877,-0.028865700207699574,-0.02101399877382032,-0.01316229733994112,-0.005310595906061921,0.002541105527817278,0.010392806961696532,0.01824450839557573,0.02609620982945493,0.033947911263334185,0.041799612697213384,0.04965131413109258,0.05750301556497178,0.06535471699885104,0.07320641843273024,0.08105811986660943,0.08890982130048869,0.09676152273436789,0.10461322416824709,0.11246492560212629,0.12031662703600554,0.12816832846988474,0.13602002990376394,0.14387173133764314,0.1517234327715224,0.1595751342054016,0.1674268356392808,0.17527853707316005,0.18313023850703924,0.19098193994091844,0.19883364137479764,0.2066853428086769,0.21453704424255607],"_type":"histogram"},"confusion_matrix_table":{"sha256":"1253bd6df9bdc9eb8bf9305cd2283616fdc767a7b0e73c5b7c51d44a5be647ef","size":3033,"artifact_path":"wandb-client-artifact://z5yqgfoztj1jt986ohah8jv3f4s69tw7xl754r9usd0f0nl02bndzx8iom5jkvth775rkkm6vx0w1eavyerrt6282cr8nmhh7rp2k5ff7t0x3x4sck4c1t0cydmzp6rk/confusion_matrix_table.table.json","_latest_artifact_path":"wandb-client-artifact://vu85l3ky8jmq188buv2w335poggdn0z4q8fjt1v8e6qggb9vg188kevshykukbcq6qfdi7eree1ayjpso2p8yr7q2p9hqq4y4rxl6zlk032wkbdzjmshp4h44gqabrv0:latest/confusion_matrix_table.table.json","path":"media/table/confusion_matrix_table_15_1253bd6df9bdc9eb8bf9.table.json","ncols":3,"nrows":100,"_type":"table-file"},"biases/layer_1":{"_type":"histogram","values":[1,0,0,0,0,0,0,0,0,0,0,0,0,0,0,1,2,3,1,4,2,0,3,6,4,4,2,1,0,0,0,0,1,0,0,1,0,1,0,1,4,0,1,1,5,2,2,2,1,2,0,1,1,3,0,0,0,0,0,0,0,0,0,1],