{"val_acc":0.8235,"val_loss":0.48076087281642127,"train_acc":0.8235,"weights/layer_1":{"values":[1,0,0,1,0,3,0,2,1,4,2,3,8,7,6,8,6,9,10,21,14,30,38,79,15845,24,26,23,20,22,20,10,17,20,10,14,22,13,13,7,5,3,3,3,1,2,2,1,0,3,0,0,1,0,0,0,0,0,0,0,0,0,0,1],"bins":[-0.47017934955322793,-0.4507965640052393,-0.43141377845725065,-0.41203099290926204,-0.39264820736127337,-0.37326542181328476,-0.35388263626529615,-0.3344998507173075,-0.31511706516931887,-0.29573427962133025,-0.2763514940733416,-0.256968708525353,-0.23758592297736433,-0.2182031374293757,-0.19882035188138708,-0.1794375663333984,-0.1600547807854098,-0.1406719952374212,-0.12128920968943252,-0.10190642414144391,-0.08252363859345524,-0.06314085304546663,-0.043758067497478015,-0.024375281949489347,-0.0049924964015007345,0.014390289146487878,0.033773074694476546,0.053155860242465214,0.07253864579045377,0.09192143133844244,0.1113042168864311,0.13068700243441966,0.15006978798240833,0.169452573530397,0.18883535907838556,0.20821814462637422,0.2276009301743629,0.24698371572235145,0.2663665012703401,0.2857492868183288,0.30513207236631745,0.324514857914306,0.3438976434622947,0.36328042901028335,0.3826632145582719,0.40204600010626057,0.42142878565424924,0.4408115712022378,0.46019435675022646,0.47957714229821513,0.4989599278462037,0.5183427133941924,0.537725498942181,0.5571082844901697,0.5764910700381584,0.5958738555861468,0.6152566411341355,0.6346394266821241,0.6540222122301128,0.6734049977781015,0.6927877833260901,0.7121705688740786,0.7315533544220673,0.7509361399700559,0.7703189255180447],"_type":"histogram"},"biases/layer_0":{"_type":"histogram","values":[1,4,4,5,21,14,27,20,19,1,0,0,0,0,0,0,0,1,0,0,0,0,0,0,0,0,0,0,0,0,1,1,0,0,0,1,0,0,0,0,1,0,0,0,1,0,1,0,1,0,0,0,0,2,0,1,0,0,0,0,0,0,0,1],"bins":[-0.11163283257371603,-0.09990707930875356,-0.08818132604379109,-0.07645557277882861,-0.06472981951386614,-0.053004066248903664,-0.04127831298394119,-0.029552559718978716,-0.017826806454016242,-0.006101053189053768,0.005624700075908706,0.01735045334087118,0.029076206605833654,0.04080195987079613,0.0525277131357586,0.06425346640072108,0.07597921966568355,0.08770497293064602,0.0994307261956085,0.11115647946057097,0.12288223272553345,0.13460798599049592,0.1463337392554584,0.15805949252042084,0.16978524578538334,0.18151099905034584,0.1932367523153083,0.20496250558027074,0.21668825884523324,0.22841401211019574,0.2401397653751582,0.25186551864012063,0.26359127190508314,0.27531702517004564,0.2870427784350081,0.29876853169997053,0.31049428496493303,0.32222003822989553,0.333945791494858,0.3456715447598204,0.35739729802478293,0.36912305128974543,0.3808488045547079,0.3925745578196703,0.4043003110846328,0.4160260643495953,0.4277518176145577,0.4394775708795202,0.4512033241444827,0.4629290774094452,0.4746548306744077,0.4863805839393701,0.4981063372043326,0.5098320904692951,0.5215578437342575,0.53328359699922,0.5450093502641825,0.556735103529145,0.5684608567941075,0.5801866100590699,0.5919123633240324,0.6036381165889949,0.6153638698539573,0.6270896231189198,0.6388153763838823]},"learning_rate":0.001,"biases/layer_3":{"values":[1,0,0,1,0,0,0,0,0,0,0,0,0,0,1,0,0,0,0,0,0,0,0,0,0,1,1,0,0,0,0,1,0,0,0,0,0,0,3,0,0,0,0,0,0,0,0,0,0,0,0,0,0,0,0,0,0,0,0,0,0,0,0,1],"bins":[-0.5674744244437232,-0.5474104765541206,-0.5273465286645179,-0.5072825807749153,-0.4872186328853126,-0.46715468499570995,-0.44709073710610725,-0.4270267892165046,-0.40696284132690197,-0.38689889343729933,-0.3668349455476967,-0.346770997658094,-0.32670704976849135,-0.3066431018788887,-0.286579153989286,-0.2665152060996834,-0.24645125821008074,-0.2263873103204781,-0.20632336243087546,-0.18625941454127276,-0.16619546665167012,-0.14613151876206748,-0.12606757087246478,-0.10600362298286214,-0.0859396750932595,-0.06587572720365686,-0.045811779314054224,-0.025747831424451584,-0.005683883534848833,0.014380064354753808,0.03444401224435645,0.05450796013395909,0.07457190802356173,0.09463585591316437,0.11469980380276701,0.13476375169236965,0.1548276995819723,0.17489164747157504,0.19495559536117768,0.21501954325078032,0.23508349114038296,0.2551474390299856,0.27521138691958824,0.2952753348091909,0.31533928269879363,0.3354032305883963,0.3554671784779989,0.37553112636760155,0.3955950742572042,0.41565902214680683,0.4357229700364095,0.4557869179260122,0.47585086581561475,0.4959148137052175,0.51597876159482,0.5360427094844228,0.5561066573740255,0.5761706052636281,0.5962345531532308,0.6162985010428333,0.6363624489324361,0.6564263968220386,0.6764903447116414,0.6965542926012439,0.7166182404908468],"_type":"histogram"},"_wandb":{"runtime":155},"weights/layer_2":{"_type":"histogram","values":[1,0,0,0,0,0,0,0,0,0,0,1,0,4,3,5,5,2,7,11,20,24,26,35,35,41,58,79,104,15387,75,67,74,61,28,42,28,19,18,15,24,15,17,16,15,5,5,2,1,2,0,1,1,0,0,1,1,0,1,0,1,0,0,1],"bins":[-0.5242207454741893,-0.5063696256362676,-0.48851850579834594,-0.47066738596042423,-0.4528162661225026,-0.43496514628458094,-0.41711402644665924,-0.39926290660873753,-0.3814117867708159,-0.36356066693289424,-0.34570954709497254,-0.32785842725705083,-0.3100073074191292,-0.29215618758120754,-0.27430506774328584,-0.25645394790536413,-0.23860282806744249,-0.22075170822952084,-0.20290058839159913,-0.18504946855367743,-0.16719834871575578,-0.14934722887783414,-0.13149610903991243,-0.11364498920199073,-0.09579386936406908,-0.07794274952614744,-0.060091629688225734,-0.04224050985030403,-0.024389390012382384,-0.006538270174460736,0.011312849663461022,0.02916396950138267,0.04701508933930432,0.06486620917722596,0.08271732901514761,0.10056844885306937,0.11841956869099102,0.13627068852891266,0.15412180836683442,0.17197292820475607,0.18982404804267772,0.20767516788059937,0.225526287718521,0.24337740755644277,0.2612285273943644,0.27907964723228607,0.2969307670702078,0.31478188690812947,0.3326330067460511,0.35048412658397277,0.3683352464218944,0.38618636625981617,0.4040374860977378,0.42188860593565947,0.4397397257735812,0.45759084561150287,0.4754419654494245,0.49329308528734617,0.5111442051252678,0.5289953249631895,0.5468464448011113,0.564697564639033,0.5825486844769546,0.6003998043148763,0.618250924152798]},"weights/layer_3":{"_type":"histogram","values":[1,0,2,1,1,2,0,1,0,0,1,1,0,1,1,0,3,0,2,1,1,5,1,5,2,3,4,4,2,10,6,5,8,6,5,6,11,8,15,1033,10,8,14,13,5,9,13,8,4,9,5,3,1,2,3,2,1,5,3,1,1,0,0,2],"bins":[-0.771248356486446,-0.7518900260138214,-0.7325316955411969,-0.7131733650685723,-0.6938150345959477,-0.6744567041233233,-0.6550983736506987,-0.6357400431780742,-0.6163817127054496,-0.597023382232825,-0.5776650517602006,-0.558306721287576,-0.5389483908149515,-0.5195900603423269,-0.5002317298697023,-0.4808733993970778,-0.46151506892445326,-0.44215673845182873,-0.4227984079792042,-0.4034400775065796,-0.3840817470339551,-0.36472341656133056,-0.345365086088706,-0.32600675561608145,-0.3066484251434569,-0.2872900946708324,-0.26793176419820786,-0.24857343372558327,-0.22921510325295869,-0.2098567727803342,-0.19049844230770963,-0.17114011183508515,-0.15178178136246057,-0.13242345088983598,-0.1130651204172115,-0.09370678994458692,-0.07434845947196245,-0.05499012899933786,-0.035631798526713276,-0.016273468054088802,0.003084862418535783,0.02244319289116037,0.04180152336378484,0.06115985383640943,0.08051818430903401,0.09987651478165849,0.11923484525428307,0.13859317572690755,0.15795150619953213,0.17730983667215672,0.1966681671447812,0.21602649761740578,0.23538482809003025,0.25474315856265484,0.2741014890352794,0.293459819507904,0.3128181499805286,0.33217648045315296,0.35153481092577754,0.3708931413984021,0.3902514718710267,0.4096098023436513,0.42896813281627566,0.44832646328890025,0.46768479376152494]},"_timestamp":1.7415248492194679e+09,"_step":20,"_runtime":155.1214947,"confusion_matrix_table":{"artifact_path":"wandb-client-artifact://3uzfd3rwhwkwk0vayg6ijkvqxdgweb0nxxkejfrt15sliyqqqn574iogou9djuu7seq12inwv0t6xhk0inqehrppl6awdjmh5c6uae5nza9fvbvkwhd5xo18me6w5vlr/confusion_matrix_table.table.json",