{"learning_rate":0.0001,"biases/layer_0":{"_type":"histogram","values":[1,0,0,0,0,0,0,0,0,0,1,0,0,1,1,0,0,0,0,0,2,1,0,0,0,0,1,0,0,1,1,0,0,0,2,0,0,1,0,1,0,0,0,1,2,1,1,0,0,0,1,1,2,0,4,0,0,2,1,0,0,0,0,2],"bins":[-0.005669961435860186,-0.005508245888102235,-0.005346530340344284,-0.005184814792586334,-0.005023099244828383,-0.004861383697070432,-0.004699668149312481,-0.00453795260155453,-0.00437623705379658,-0.004214521506038628,-0.004052805958280678,-0.0038910904105227268,-0.003729374862764776,-0.0035676593150068252,-0.0034059437672488745,-0.0032442282194909237,-0.003082512671732973,-0.0029207971239750222,-0.0027590815762170715,-0.0025973660284591207,-0.00243565048070117,-0.002273934932943219,-0.002112219385185268,-0.0019505038374273173,-0.0017887882896693665,-0.0016270727419114154,-0.0014653571941534646,-0.0013036416463955139,-0.001141926098637563,-0.0009802105508796123,-0.0008184950031216616,-0.0006567794553637108,-0.0004950639076057601,-0.00033334835984780934,-0.0001716328120898586,-9.917264331907837e-06,0.00015179828342604292,0.00031351383118399367,0.0004752293789419444,0.0006369449266998952,0.0007986604744578459,0.0009603760222157975,0.0011220915699737483,0.001283807117731699,0.0014455226654896498,0.0016072382132476006,0.0017689537610055513,0.001930669308763502,0.002092384856521453,0.0022541004042794036,0.002415815952037355,0.002577531499795305,0.0027392470475532567,0.0029009625953112066,0.003062678143069158,0.003224393690827108,0.0033861092385850597,0.0035478247863430096,0.003709540334100961,0.003871255881858911,0.004032971429616863,0.004194686977374813,0.004356402525132764,0.004518118072890714,0.004679833620648667]},"epoch":10,"_runtime":24.9381942,"weights/layer_0":{"_type":"histogram","values":[12151,0,0,0,0,0,0,0,0,0,0,0,0,0,0,0,0,0,0,0,0,0,0,0,0,0,0,0,0,0,0,0,0,0,0,0,0,0,0,0,0,0,0,0,0,0,0,0,0,0,0,0,0,0,0,0,0,0,0,0,0,0,0,12937],"bins":[-4.9766864227943994e-05,-4.821177188531832e-05,-4.6656679542692647e-05,-4.510158720006697e-05,-4.3546494857441306e-05,-4.199140251481563e-05,-4.043631017218996e-05,-3.8881217829564285e-05,-3.732612548693861e-05,-3.5771033144312944e-05,-3.421594080168727e-05,-3.26608484590616e-05,-3.110575611643592e-05,-2.955066377381025e-05,-2.7995571431184576e-05,-2.6440479088558905e-05,-2.488538674593323e-05,-2.3330294403307558e-05,-2.1775202060681888e-05,-2.0220109718056214e-05,-1.866501737543054e-05,-1.7109925032804866e-05,-1.5554832690179193e-05,-1.3999740347553526e-05,-1.2444648004927852e-05,-1.0889555662302178e-05,-9.334463319676505e-06,-7.779370977050831e-06,-6.224278634425157e-06,-4.66918629179949e-06,-3.1140939491738166e-06,-1.5590016065481429e-06,-3.909263922469185e-09,1.5511830787032045e-06,3.1062754213288782e-06,4.661367763954552e-06,6.216460106580219e-06,7.771552449205893e-06,9.326644791831566e-06,1.088173713445724e-05,1.2436829477082914e-05,1.3991921819708587e-05,1.554701416233426e-05,1.7102106504959935e-05,1.865719884758561e-05,2.021229119021127e-05,2.1767383532836942e-05,2.3322475875462616e-05,2.487756821808829e-05,2.6432660560713964e-05,2.7987752903339637e-05,2.954284524596531e-05,3.1097937588590985e-05,3.265302993121666e-05,3.420812227384233e-05,3.5763214616468006e-05,3.731830695909368e-05,3.887339930171935e-05,4.042849164434501e-05,4.198358398697069e-05,4.353867632959636e-05,4.5093768672222034e-05,4.664886101484771e-05,4.820395335747338e-05,4.9759045700099056e-05]},"sample_predictions":{"width":28,"height":28,"format":"png","count":10,"filenames":["media/images/sample_predictions_15_606215d87f87b2f00799.png","media/images/sample_predictions_15_80c07028ea3856542be4.png","media/images/sample_predictions_15_9cf40359a3dec85636e5.png","media/images/sample_predictions_15_ce5b739914bcd72b66df.png","media/images/sample_predictions_15_07a347c11e27a0aa79ca.png","media/images/sample_predictions_15_d99b4985df3c791d3f16.png","media/images/sample_predictions_15_379b818d067226d80795.png","media/images/sample_predictions_15_1fed2768e0601d187e72.png","media/images/sample_predictions_15_736760c82067caaa8fe3.png","media/images/sample_predictions_15_26363bd2a04602ee6a04.png"],"captions":["True: 1, Pred: 7","True: 5, Pred: 7","True: 2, Pred: 7","True: 3, Pred: 7","True: 9, Pred: 7","True: 0, Pred: 7","True: 9, Pred: 7","True: 0, Pred: 7","True: 1, Pred: 7","True: 8, Pred: 7"],"_type":"images/separated"},"weights/layer_2":{"values":[1,0,0,0,0,0,1,3,1,1,5,3,3,2,4,4,3,11,12,12,16,22,28,25,24,46,24,26,29,24,22,57,114,100,48,25,21,37,34,33,39,13,31,12,23,10,14,13,9,10,6,4,0,2,3,6,5,0,1,1,0,0,0,1],"bins":[-0.00018435870187404795,-0.0001787501957973225,-0.00017314168972059704,-0.0001675331836438716,-0.00016192467756714617,-0.0001563161714904207,-0.00015070766541369526,-0.00014509915933696982,-0.00013949065326024435,-0.00013388214718351892,-0.00012827364110679345,-0.000122665135030068,-0.00011705662895334257,-0.00011144812287661712,-0.00010583961679989167,-0.00010023111072316623,-9.462260464644078e-05,-8.901409856971532e-05,-8.340559249298988e-05,-7.779708641626443e-05,-7.218858033953898e-05,-6.658007426281354e-05,-6.097156818608807e-05,-5.5363062109362634e-05,-4.9754556032637195e-05,-4.414604995591173e-05,-3.853754387918629e-05,-3.292903780246085e-05,-2.7320531725735385e-05,-2.1712025649009946e-05,-1.6103519572284507e-05,-1.049501349555904e-05,-4.886507418833602e-06,7.219986578918373e-07,6.3305047346173034e-06,1.1939010811342742e-05,1.754751688806818e-05,2.3156022964793648e-05,2.8764529041519087e-05,3.4373035118244526e-05,3.998154119496999e-05,4.559004727169543e-05,5.119855334842087e-05,5.6807059425146336e-05,6.24155655018718e-05,6.802407157859724e-05,7.363257765532268e-05,7.924108373204812e-05,8.484958980877356e-05,9.0458095885499e-05,9.606660196222449e-05,0.00010167510803894993,0.00010728361411567537,0.00011289212019240081,0.00011850062626912625,0.00012410913234585169,0.00012971763842257718,0.00013532614449930262,0.00014093465057602806,0.0001465431566527535,0.00015215166272947893,0.00015776016880620437,0.00016336867488292987,0.0001689771809596553,0.00017458568703638075],"_type":"histogram"},"weights/layer_3":{"_type":"histogram","values":[1,1,0,0,0,1,0,0,0,0,0,0,0,0,0,0,0,0,0,0,0,0,0,0,0,0,0,1,43,262,5,0,0,1,1,0,0,0,0,1,0,1,0,1,0,0,0,0,0,0,0,0,0,0,0,0,0,0,0,0,0,0,0,1],"bins":[-0.0008222596832003712,-0.0007940863686489328,-0.0007659130540974945,-0.0007377397395460561,-0.0007095664249946177,-0.0006813931104431794,-0.000653219795891741,-0.0006250464813403027,-0.0005968731667888643,-0.000568699852237426,-0.0005405265376859877,-0.0005123532231345493,-0.00048417990858311093,-0.0004560065940316726,-0.0004278332794802342,-0.00039965996492879585,-0.0003714866503773575,-0.0003433133358259192,-0.00031514002127448087,-0.00028696670672304244,-0.0002587933921716041,-0.00023062007762016579,-0.00020244676306872735,-0.00017427344851728903,-0.0001461001339658507,-0.00011792681941441238,-8.975350486297405e-05,-6.158019031153562e-05,-3.340687576009729e-05,-5.233561208658967e-06,2.2939753342779466e-05,5.111306789421779e-05,7.928638244565612e-05,0.00010745969699709444,0.00013563301154853277,0.0001638063260999711,0.00019197964065140942,0.00022015295520284796,0.0002483262697542863,0.0002764995843057246,0.00030467289885716294,0.00033284621340860126,0.0003610195279600396,0.0003891928425114779,0.00041736615706291645,0.0004455394716143548,0.0004737127861657931,0.0005018861007172314,0.0005300594152686698,0.0005582327298201081,0.0005864060443715464,0.0006145793589229847,0.0006427526734744231,0.0006709259880258616,0.0006990993025772999,0.0007272726171287382,0.0007554459316801766,0.0007836192462316149,0.0008117925607830532,0.0008399658753344915,0.0008681391898859301,0.0008963125044373684,0.0009244858189888067,0.0009526591335402451,0.0009808324480916834]},"biases/layer_1":{"values":[2,5,4,1,0,0,0,1,0,0,0,0,0,0,0,0,0,0,0,0,0,0,0,0,0,0,0,0,0,0,0,0,0,0,0,0,0,0,0,0,0,0,0,0,0,1,3,4,4,5,1,0,0,0,0,0,0,0,0,0,0,0,0,1],