{"weights/layer_3":{"bins":[-0.7559038843460186,-0.7331889890711958,-0.7104740937963729,-0.6877591985215501,-0.6650443032467273,-0.6423294079719044,-0.6196145126970816,-0.5968996174222586,-0.5741847221474358,-0.5514698268726129,-0.5287549315977901,-0.5060400363229672,-0.4833251410481444,-0.46061024577332155,-0.43789535049849865,-0.4151804552236758,-0.39246555994885296,-0.3697506646740301,-0.3470357693992073,-0.3243208741243844,-0.30160597884956153,-0.2788910835747387,-0.25617618829991584,-0.233461293025093,-0.21074639775027015,-0.1880315024754473,-0.16531660720062447,-0.1426017119258015,-0.11988681665097867,-0.09717192137615582,-0.07445702610133298,-0.051742130826510135,-0.02902723555168729,-0.006312340276864448,0.016402554997958396,0.03911745027278124,0.061832345547604084,0.08454724082242693,0.10726213609724988,0.12997703137207273,0.15269192664689557,0.17540682192171841,0.19812171719654126,0.2208366124713641,0.24355150774618695,0.2662664030210098,0.28898129829583263,0.3116961935706555,0.3344110888454783,0.35712598412030117,0.379840879395124,0.40255577466994685,0.4252706699447697,0.44798556521959254,0.4707004604944156,0.49341535576923845,0.5161302510440613,0.5388451463188841,0.561560041593707,0.5842749368685298,0.6069898321433527,0.6297047274181755,0.6524196226929984,0.6751345179678212,0.697849413242644],"_type":"histogram","values":[1,0,0,1,3,4,1,6,4,10,10,8,16,20,22,26,39,35,67,67,86,112,121,164,182,261,319,480,617,826,1154,1414,1612,1711,1652,1298,997,759,550,355,315,198,177,144,116,82,61,57,43,31,43,24,24,11,9,7,6,10,5,4,3,2,1,1]},"_wandb":{"runtime":115},"biases/layer_3":{"values":[1,0,0,0,3,1,0,0,1,2,2,0,1,0,2,2,0,0,4,2,2,1,4,5,3,1,5,1,5,2,3,4,1,1,5,5,4,2,3,6,6,3,7,3,2,6,2,0,1,2,1,0,1,0,1,2,0,2,1,0,0,1,1,2],"bins":[-0.4547832234904496,-0.44120544014513435,-0.42762765679981907,-0.41404987345450384,-0.4004720901091886,-0.3868943067638733,-0.3733165234185581,-0.3597387400732428,-0.34616095672792757,-0.33258317338261234,-0.31900539003729705,-0.3054276066919818,-0.29184982334666654,-0.2782720400013513,-0.2646942566560361,-0.25111647331072084,-0.23753868996540556,-0.2239609066200903,-0.21038312327477504,-0.1968053399294598,-0.18322755658414452,-0.1696497732388293,-0.15607198989351406,-0.14249420654819878,-0.12891642320288355,-0.11533863985756831,-0.10176085651225303,-0.0881830731669378,-0.07460528982162257,-0.06102750647630728,-0.04744972313099205,-0.03387193978567676,-0.020294156440361533,-0.006716373095046302,0.0068614102502689844,0.020439193595584215,0.0340169769408995,0.04759476028621473,0.06117254363152996,0.0747503269768452,0.08832811032216054,0.10190589366747577,0.115483677012791,0.12906146035810623,0.14263924370342146,0.1562170270487367,0.16979481039405203,0.18337259373936726,0.1969503770846825,0.21052816042999772,0.22410594377531295,0.2376837271206283,0.2512615104659435,0.26483929381125876,0.278417077156574,0.2919948605018892,0.30557264384720445,0.3191504271925198,0.332728210537835,0.34630599388315025,0.3598837772284655,0.3734615605737807,0.38703934391909606,0.4006171272644113,0.4141949106097266],"_type":"histogram"},"_timestamp":1.7415285332286794e+09,"learning_rate":0.001,"weights/layer_1":{"values":[3,1,1,1,3,5,6,3,9,8,16,21,18,23,35,42,71,75,106,120,192,252,377,415,539,567,642,788,876,993,1094,1034,1079,1017,937,853,768,600,544,492,403,356,258,190,141,87,66,55,56,28,27,21,14,9,10,8,6,3,4,4,4,3,2,3],"bins":[-1.645354378929662,-1.593736431573444,-1.542118484217226,-1.4905005368610078,-1.4388825895047899,-1.3872646421485717,-1.3356466947923535,-1.2840287474361354,-1.2324108000799174,-1.1807928527236995,-1.1291749053674813,-1.0775569580112632,-1.025939010655045,-0.9743210632988271,-0.9227031159426089,-0.8710851685863908,-0.8194672212301728,-0.7678492738739547,-0.7162313265177367,-0.6646133791615185,-0.6129954318053006,-0.5613774844490824,-0.5097595370928643,-0.4581415897366463,-0.40652364238042815,-0.35490569502421,-0.30328774766799205,-0.2516698003117739,-0.20005185295555572,-0.14843390559933778,-0.09681595824311962,-0.045198010886901674,0.0064199364693164895,0.05803788382553465,0.1096558311817526,0.16127377853797076,0.2128917258941887,0.26450967325040686,0.316127620606625,0.3677455679628432,0.4193635153190609,0.4709814626752791,0.5225994100314972,0.5742173573877154,0.6258353047439336,0.6774532521001517,0.7290711994563694,0.7806891468125876,0.8323070941688058,0.8839250415250239,0.9355429888812421,0.9871609362374598,1.038778883593678,1.0903968309498961,1.1420147783061143,1.1936327256623325,1.2452506730185506,1.2968686203747684,1.3484865677309865,1.4001045150872047,1.4517224624434228,1.503340409799641,1.5549583571558587,1.606576304512077,1.6581942518682953],"_type":"histogram"},"_runtime":115.5680236,"train_loss":0.45190962067107054,"biases/layer_1":{"_type":"histogram","values":[1,0,0,1,0,2,1,2,1,0,3,7,3,4,2,1,4,4,1,2,0,2,3,1,2,3,5,3,3,4,3,3,3,2,3,5,2,1,2,1,1,0,5,3,2,0,2,1,3,4,3,3,1,4,0,1,2,1,0,0,1,0,0,1],"bins":[-0.5390432290853507,-0.5221929230140394,-0.5053426169427281,-0.48849231087141676,-0.47164200480010543,-0.4547916987287941,-0.4379413926574828,-0.42109108658617145,-0.4042407805148601,-0.3873904744435488,-0.37054016837223747,-0.35368986230092614,-0.3368395562296148,-0.3199892501583035,-0.30313894408699216,-0.28628863801568083,-0.2694383319443695,-0.2525880258730582,-0.23573771980174685,-0.21888741373043552,-0.2020371076591242,-0.18518680158781287,-0.16833649551650154,-0.1514861894451902,-0.13463588337387888,-0.11778557730256756,-0.10093527123125623,-0.0840849651599449,-0.06723465908863357,-0.05038435301732225,-0.03353404694601092,-0.016683740874699593,0.0001665651966117343,0.01701687126792306,0.03386717733923439,0.050717483410545716,0.06756778948185704,0.08441809555316837,0.1012684016244797,0.11811870769579103,0.13496901376710235,0.15181931983841368,0.168669625909725,0.18551993198103633,0.20237023805234766,0.219220544123659,0.23607085019497032,0.25292115626628164,0.26977146233759297,0.2866217684089043,0.3034720744802156,0.32032238055152695,0.3371726866228383,0.3540229926941496,0.37087329876546093,0.38772360483677226,0.4045739109080836,0.4214242169793949,0.43827452305070624,0.45512482912201757,0.4719751351933289,0.4888254412646401,0.5056757473359516,0.522526053407263,0.5393763594785743]},"_step":21,"val_loss":0.45190962067107054,"epoch":15,"biases/layer_2":{"values":[1,0,0,1,1,1,0,0,2,1,1,0,2,2,6,3,2,1,2,1,1,3,1,3,0,2,4,3,2,4,4,3,3,4,3,3,1,0,3,1,4,1,3,1,1,2,7,3,2,5,3,5,2,4,3,1,2,1,0,0,1,1,0,1],"bins":[-0.5616948997895991,-0.5449597182835952,-0.5282245367775914,-0.5114893552715876,-0.49475417376558367,-0.47801899225957983,-0.46128381075357594,-0.4445486292475721,-0.42781344774156826,-0.4110782662355644,-0.3943430847295606,-0.3776079032235567,-0.36087272171755286,-0.344137540211549,-0.3274023587055451,-0.3106671771995413,-0.29393199569353745,-0.2771968141875336,-0.2604616326815298,-0.24372645117552588,-0.22699126966952204,-0.2102560881635182,-0.1935209066575143,-0.17678572515151048,-0.16005054364550664,-0.1433153621395028,-0.12658018063349896,-0.10984499912749507,-0.09310981762149123,-0.0763746361154874,-0.0596394546094835,-0.04290427310347966,-0.026169091597475824,-0.009433910091471986,0.007301271414531851,0.02403645292053569,0.04077163442653953,0.057506815932543476,0.07424199743854731,0.09097717894455115,0.10771236045055499,0.12444754195655883,0.14118272346256266,0.1579179049685665,0.17465308647457045,0.1913882679805743,0.20812344948657813,0.22485863099258196,0.2415938124985858,0.25832899400458964,0.2750641755105935,0.2917993570165973,0.30853453852260115,0.3252697200286051,0.34200490153460894,0.3587400830406128,0.3754752645466166,0.39221044605262045,0.4089456275586243,0.42568080906462813,0.4424159905706321,0.4591511720766358,0.47588635358263975,0.4926215350886435,0.5093567165946474],"_type":"histogram"},"weights/layer_2":{"values":[2,0,0,1,0,2,0,0,0,1,1,6,9,14,8,14,17,25,31,40,57,94,132,197,234,284,362,549,805,1183,1715,2138,2102,1848,1311,926,606,399,321,253,164,143,104,75,55,42,30,17,14,13,10,9,6,5,2,2,0,3,0,0,1,1,0,1],