{"biases/layer_1":{"bins":[-0.13138223144061087,-0.12742439409839326,-0.12346655675617568,-0.11950871941395808,-0.11555088207174048,-0.11159304472952289,-0.1076352073873053,-0.1036773700450877,-0.0997195327028701,-0.09576169536065252,-0.09180385801843491,-0.08784602067621732,-0.08388818333399972,-0.07993034599178211,-0.07597250864956454,-0.07201467130734693,-0.06805683396512933,-0.06409899662291174,-0.06014115928069415,-0.05618332193847654,-0.05222548459625895,-0.048267647254041354,-0.04430980991182376,-0.04035197256960617,-0.036394135227388574,-0.03243629788517097,-0.028478460542953374,-0.02452062320073578,-0.020562785858518187,-0.016604948516300594,-0.012647111174082987,-0.008689273831865393,-0.0047314364896478,-0.0007735991474301929,0.0031842381947873866,0.007142075537004994,0.011099912879222573,0.01505775022144018,0.019015587563657788,0.022973424905875367,0.026931262248092974,0.030889099590310554,0.03484693693252816,0.03880477427474577,0.04276261161696335,0.046720448959180955,0.050678286301398534,0.05463612364361614,0.05859396098583372,0.06255179832805133,0.06650963567026894,0.07046747301248651,0.07442531035470412,0.0783831476969217,0.08234098503913931,0.08629882238135692,0.0902566597235745,0.0942144970657921,0.09817233440800968,0.10213017175022729,0.1060880090924449,0.11004584643466248,0.11400368377688008,0.11796152111909766,0.12191935846131526],"_type":"histogram","values":[1,0,0,1,0,0,1,0,1,0,0,0,0,1,0,0,2,1,1,0,0,1,2,3,0,2,1,4,1,3,3,5,10,30,7,6,6,4,5,2,1,5,2,2,3,1,1,1,1,0,3,0,0,0,0,0,1,0,0,0,0,0,2,1]},"biases/layer_2":{"bins":[-0.030979920434521167,-0.030030726607756034,-0.029081532780990897,-0.028132338954225764,-0.02718314512746063,-0.026233951300695498,-0.025284757473930365,-0.02433556364716523,-0.023386369820400096,-0.022437175993634963,-0.021487982166869826,-0.020538788340104693,-0.01958959451333956,-0.018640400686574427,-0.017691206859809294,-0.016742013033044158,-0.015792819206279025,-0.014843625379513892,-0.013894431552748759,-0.012945237725983622,-0.01199604389921849,-0.011046850072453356,-0.01009765624568822,-0.009148462418923087,-0.008199268592157954,-0.007250074765392821,-0.006300880938627688,-0.005351687111862551,-0.004402493285097418,-0.0034532994583322853,-0.002504105631567149,-0.0015549118048020158,-0.0006057179780368828,0.0003434758487282537,0.0012926696754933832,0.0022418635022585197,0.0031910573290236492,0.004140251155788786,0.005089444982553922,0.006038638809319052,0.006987832636084188,0.007937026462849325,0.008886220289614454,0.00983541411637959,0.010784607943144727,0.011733801769909857,0.012682995596674993,0.013632189423440123,0.01458138325020526,0.015530577076970396,0.016479770903735525,0.01742896473050066,0.01837815855726579,0.019327352384030928,0.020276546210796064,0.021225740037561194,0.02217493386432633,0.023124127691091467,0.024073321517856596,0.025022515344621733,0.02597170917138687,0.026920902998152,0.027870096824917135,0.028819290651682265,0.029768484478447405],"_type":"histogram","values":[1,0,0,0,0,0,0,0,0,0,0,0,2,0,0,0,2,2,1,1,0,1,0,4,3,2,2,0,0,2,4,4,59,6,2,1,1,5,0,2,1,1,5,2,2,3,1,2,0,0,0,0,0,2,0,0,0,0,0,1,0,0,0,1]},"biases/layer_3":{"bins":[-0.029840692647258388,-0.028950600800667067,-0.028060508954075747,-0.02717041710748443,-0.02628032526089311,-0.02539023341430179,-0.024500141567710472,-0.02361004972111915,-0.02271995787452783,-0.02182986602793651,-0.02093977418134519,-0.020049682334753873,-0.019159590488162553,-0.018269498641571232,-0.017379406794979915,-0.016489314948388595,-0.015599223101797274,-0.014709131255205954,-0.013819039408614633,-0.012928947562023316,-0.012038855715431996,-0.011148763868840676,-0.010258672022249359,-0.009368580175658038,-0.008478488329066718,-0.007588396482475397,-0.006698304635884077,-0.00580821278929276,-0.004918120942701439,-0.004028029096110119,-0.003137937249518802,-0.0022478454029274814,-0.001357753556336161,-0.00046766170974484045,0.00042243013684648,0.001312521983437797,0.002202613830029121,0.0030927056766204344,0.003982797523211755,0.004872889369803075,0.005762981216394396,0.006653073062985716,0.007543164909577037,0.008433256756168357,0.00932334860275967,0.010213440449350991,0.011103532295942312,0.011993624142533632,0.012883715989124953,0.013773807835716273,0.014663899682307593,0.015553991528898914,0.016444083375490234,0.017334175222081548,0.01822426706867287,0.01911435891526419,0.02000445076185551,0.02089454260844683,0.02178463445503815,0.02267472630162947,0.023564818148220784,0.024454909994812105,0.025345001841403425,0.026235093687994746,0.027125185534586066],"_type":"histogram","values":[2,0,0,0,0,0,0,0,0,0,0,0,1,0,0,0,0,0,0,0,0,0,0,1,0,1,0,0,1,0,0,0,0,0,0,0,0,0,0,0,0,0,0,0,1,1,1,0,0,0,0,0,0,0,0,0,0,0,0,0,0,0,0,1]},"weights/layer_1":{"values":[1,1,0,0,0,0,3,3,3,2,2,0,5,5,14,4,15,18,18,17,35,63,70,74,118,154,199,405,611,1105,2175,6901,1730,959,571,318,182,142,113,76,55,56,31,25,26,20,8,13,9,5,5,5,4,3,2,0,2,1,0,0,0,0,1,1],"bins":[-0.0007119777430910765,-0.0006892941791880339,-0.0006666106152849912,-0.0006439270513819486,-0.0006212434874789059,-0.0005985599235758633,-0.0005758763596728207,-0.0005531927957697781,-0.0005305092318667354,-0.0005078256679636928,-0.00048514210406065006,-0.0004624585401576074,-0.0004397749762545648,-0.00041709141235152214,-0.0003944078484484795,-0.00037172428454543683,-0.0003490407206423942,-0.0003263571567393515,-0.00030367359283630887,-0.0002809900289332662,-0.00025830646503022356,-0.00023562290112718096,-0.00021293933722413825,-0.0001902557733210956,-0.00016757220941805305,-0.0001448886455150104,-0.00012220508161196774,-9.952151770892508e-05,-7.683795380588243e-05,-5.4154389902839775e-05,-3.147082599979712e-05,-8.787262096754465e-06,1.389630180628819e-05,3.6579865709330845e-05,5.92634296123735e-05,8.194699351541615e-05,0.00010463055741845881,0.00012731412132150146,0.00014999768522454412,0.00017268124912758677,0.00019536481303062943,0.00021804837693367198,0.00024073194083671463,0.0002634155047397573,0.00028609906864280005,0.0003087826325458427,0.00033146619644888536,0.000354149760351928,0.00037683332425497045,0.0003995168881580131,0.00042220045206105576,0.0004448840159640984,0.00046756757986714107,0.0004902511437701837,0.0005129347076732264,0.000535618271576269,0.0005583018354793117,0.0005809853993823543,0.000603668963285397,0.0006263525271884397,0.0006490360910914823,0.000671719654994525,0.0006944032188975676,0.0007170867828006103,0.0007397703467036529],"_type":"histogram"},"train_acc":0.09916666666666667,"biases/layer_0":{"bins":[-0.045709286260212006,-0.04431830089687226,-0.04292731553353251,-0.04153633017019276,-0.040145344806853014,-0.03875435944351327,-0.03736337408017352,-0.03597238871683377,-0.03458140335349402,-0.03319041799015428,-0.031799432626814526,-0.03040844726347478,-0.02901746190013503,-0.027626476536795282,-0.026235491173455534,-0.024844505810115786,-0.02345352044677604,-0.02206253508343629,-0.020671549720096542,-0.019280564356756794,-0.017889578993417046,-0.016498593630077298,-0.01510760826673755,-0.013716622903397799,-0.012325637540058054,-0.01093465217671831,-0.009543666813378558,-0.008152681450038807,-0.006761696086699062,-0.005370710723359318,-0.003979725360019566,-0.0025887399966798147,-0.0011977546333400702,0.0001932307299996744,0.0015842160933394259,0.0029752014566791773,0.004366186820018922,0.005757172183358666,0.007148157546698418,0.00853914291003817,0.009930128273377914,0.011321113636717658,0.01271209900005741,0.014103084363397161,0.015494069726736906,0.01688505509007665,0.01827604045341641,0.019667025816756153,0.021058011180095898,0.022448996543435643,0.023839981906775387,0.025230967270115146,0.02662195263345489,0.028012937996794635,0.029403923360134393,0.030794908723474138,0.03218589408681388,0.03357687945015363,0.03496786481349337,0.03635885017683313,0.037749835540172874,0.03914082090351262,0.04053180626685238,0.04192279163019212,0.043313776993531866],"_type":"histogram",