{"biases/layer_3":{"values":[1,0,0,0,0,0,0,0,0,0,0,0,0,2,1,1,2,3,0,5,2,2,3,4,2,6,4,2,3,3,5,7,2,4,4,4,3,2,2,5,1,2,3,4,1,1,6,7,0,1,2,2,1,2,2,1,1,0,3,0,1,1,0,2],"bins":[-0.2337679014570538,-0.2269641332163274,-0.22016036497560101,-0.21335659673487462,-0.20655282849414822,-0.19974906025342182,-0.19294529201269545,-0.18614152377196902,-0.17933775553124265,-0.17253398729051622,-0.16573021904978985,-0.15892645080906342,-0.15212268256833705,-0.14531891432761065,-0.13851514608688426,-0.13171137784615786,-0.12490760960543146,-0.11810384136470506,-0.11130007312397866,-0.10449630488325226,-0.09769253664252586,-0.09088876840179946,-0.08408500016107306,-0.07728123192034667,-0.0704774636796203,-0.0636736954388939,-0.0568699271981675,-0.0500661589574411,-0.0432623907167147,-0.0364586224759883,-0.0296548542352619,-0.022851085994535503,-0.016047317753809104,-0.009243549513082705,-0.002439781272356306,0.004363986968370093,0.011167755209096492,0.017971523449822863,0.02477529169054929,0.03157905993127566,0.03838282817200209,0.04518659641272846,0.051990364653454885,0.058794132894181256,0.06559790113490768,0.07240166937563405,0.07920543761636048,0.08600920585708685,0.09281297409781322,0.09961674233853965,0.10642051057926602,0.11322427881999245,0.12002804706071882,0.12683181530144524,0.13363558354217162,0.14043935178289804,0.1472431200236244,0.15404688826435084,0.1608506565050772,0.16765442474580364,0.17445819298653,0.18126196122725644,0.1880657294679828,0.19486949770870923,0.20167326594943563],"_type":"histogram"},"biases/layer_2":{"bins":[-0.29552182694234563,-0.28729185552921793,-0.2790618841160903,-0.2708319127029626,-0.26260194128983494,-0.25437196987670724,-0.24614199846357956,-0.2379120270504519,-0.22968205563732422,-0.22145208422419654,-0.21322211281106887,-0.2049921413979412,-0.1967621699848135,-0.18853219857168585,-0.18030222715855815,-0.17207225574543047,-0.1638422843323028,-0.15561231291917513,-0.14738234150604745,-0.13915237009291978,-0.1309223986797921,-0.1226924272666644,-0.11446245585353673,-0.10623248444040906,-0.09800251302728138,-0.08977254161415371,-0.08154257020102604,-0.07331259878789836,-0.06508262737477066,-0.05685265596164299,-0.048622684548515316,-0.04039271313538767,-0.03216274172225997,-0.023932770309132267,-0.01570279889600462,-0.00747282748287692,0.0007571439302507255,0.008987115343378427,0.017217086756506073,0.025447058169633774,0.03367702958276142,0.04190700099588912,0.05013697240901682,0.05836694382214447,0.06659691523527217,0.07482688664839982,0.08305685806152752,0.09128682947465516,0.09951680088778286,0.10774677230091056,0.11597674371403821,0.12420671512716591,0.13243668654029356,0.14066665795342126,0.1488966293665489,0.1571266007796766,0.1653565721928043,0.17358654360593195,0.18181651501905965,0.1900464864321873,0.198276457845315,0.20650642925844265,0.2147364006715703,0.22296637208469805,0.23119634349782572],"_type":"histogram","values":[1,0,0,0,0,0,1,1,0,1,0,0,1,3,1,0,2,1,0,3,2,2,3,1,2,4,2,3,1,4,2,2,5,6,7,3,4,4,6,4,4,2,5,4,4,2,5,4,1,2,2,1,1,2,1,1,1,1,0,2,0,0,0,1]},"val_loss":0.3839143737679747,"_wandb":{"runtime":79},"learning_rate":0.001,"confusion_matrix_table":{"_type":"table-file","sha256":"ca3edff5791f1c23fc2c83425f54bd6f37e36b4d5a4c9aba247b38adc4480036","size":3023,"artifact_path":"wandb-client-artifact://ge7b1nxsbecs16jc9ysen37l3jte2lc7oqcygjji02vwgsd8t7rb4ln9mkf696v8qtwwlosetgjiys9l7f0xi0u06lv8p0167hq2wuedmu2baikyqguawxnzfresnt28/confusion_matrix_table.table.json","_latest_artifact_path":"wandb-client-artifact://3ehbox5i5drnru45jyqtvx3nzcbek9gvtf4bciq83dxk8bwh01dk4cnqpisfdkadnjxuv2a1nnhi6sb6krgko6mlzh4rstpbl6tdlh2gd7nz67ahba9j2pau2cokeupe:latest/confusion_matrix_table.table.json","path":"media/table/confusion_matrix_table_20_ca3edff5791f1c23fc2c.table.json","ncols":3,"nrows":100},"weights/layer_0":{"bins":[-1.1195293623708618,-1.0842253818383734,-1.0489214013058847,-1.0136174207733963,-0.9783134402409077,-0.9430094597084193,-0.9077054791759308,-0.8724014986434423,-0.8370975181109538,-0.8017935375784653,-0.7664895570459768,-0.7311855765134883,-0.6958815959809999,-0.6605776154485112,-0.6252736349160228,-0.5899696543835343,-0.5546656738510458,-0.5193616933185573,-0.4840577127860688,-0.4487537322535803,-0.4134497517210918,-0.3781457711886034,-0.34284179065611486,-0.30753781012362635,-0.27223382959113784,-0.23692984905864933,-0.20162586852616082,-0.1663218879936723,-0.1310179074611839,-0.09571392692869529,-0.06040994639620689,-0.02510596586371827,0.010198014668770128,0.04550199520125853,0.08080597573374715,0.11610995626623555,0.15141393679872417,0.18671791733121257,0.2220218978637012,0.2573258783961896,0.2926298589286782,0.3279338394611666,0.363237819993655,0.39854180052614363,0.43384578105863203,0.46914976159112065,0.504453742123609,0.5397577226560977,0.5750617031885861,0.6103656837210745,0.6456696642535631,0.6809736447860515,0.7162776253185401,0.7515816058510285,0.7868855863835171,0.8221895669160055,0.8574935474484939,0.8927975279809823,0.9281015085134712,0.9634054890459596,0.998709469578448,1.0340134501109364,1.0693174306434252,1.1046214111759136,1.1399253917084022],"_type":"histogram","values":[2,4,0,1,0,3,4,12,17,18,29,36,58,57,71,98,137,184,196,292,418,497,690,974,1288,1853,2628,4054,6025,8934,11730,13436,13169,10640,7373,4835,3093,1994,1424,1018,734,580,425,272,255,197,152,118,72,61,49,39,23,23,12,13,10,6,8,3,1,3,2,2]},"train_acc":0.8713333333333333,"weights/layer_2":{"bins":[-0.6259205658664879,-0.6059903931800761,-0.5860602204936644,-0.5661300478072525,-0.5461998751208408,-0.5262697024344289,-0.5063395297480171,-0.4864093570616053,-0.46647918437519353,-0.44654901168878175,-0.42661883900236997,-0.4066886663159581,-0.38675849362954634,-0.36682832094313456,-0.3468981482567227,-0.32696797557031093,-0.30703780288389915,-0.28710763019748736,-0.2671774575110756,-0.24724728482466374,-0.22731711213825195,-0.20738693945184017,-0.18745676676542833,-0.16752659407901654,-0.14759642139260476,-0.12766624870619298,-0.10773607601978119,-0.08780590333336935,-0.06787573064695751,-0.04794555796054578,-0.02801538527413394,-0.008085212587722213,0.011844960098689628,0.03177513278510147,0.0517053054715132,0.07163547815792504,0.09156565084433677,0.1114958235307486,0.13142599621716045,0.15135616890357217,0.17128634158998401,0.19121651427639585,0.21114668696280758,0.23107685964921942,0.25100703233563126,0.270937205022043,0.29086737770845483,0.31079755039486656,0.3307277230812784,0.35065789576769024,0.37058806845410197,0.3905182411405137,0.41044841382692554,0.4303785865133374,0.4503087591997492,0.47023893188616106,0.4901691045725729,0.5100992772589845,0.5300294499453964,0.5499596226318082,0.56988979531822,0.5898199680046319,0.6097501406910435,0.6296803133774553,0.6496104860638673],"_type":"histogram","values":[1,0,0,0,1,1,2,6,5,7,5,13,14,24,30,36,33,69,106,118,148,254,292,390,498,614,750,901,1055,1126,1206,1202,1162,1149,990,859,733,620,458,354,308,192,146,146,103,68,41,37,32,15,12,14,8,6,5,8,3,1,2,2,0,2,0,1]},"weights/layer_4":{"_type":"histogram","values":[1,0,1,3,1,4,4,1,2,5,2,8,4,5,7,6,15,27,25,33,33,39,36,47,52,56,26,34,40,32,40,45,31,35,44,48,30,58,45,49,42,36,38,37,32,21,18,20,10,9,8,7,3,6,6,2,4,3,0,1,1,1,0,1],