{"train_loss":1.3673796042886528,"_wandb":{"runtime":58},"weights/layer_1":{"_type":"histogram","values":[2,6,10,20,23,18,18,19,19,24,16,23,41,47,52,58,70,82,51,67,56,50,68,41,54,97,134,172,252,235,182,40,78,226,203,280,139,116,89,51,46,66,50,67,65,57,78,74,54,47,45,28,20,17,13,23,14,24,18,24,13,13,9,2],"bins":[-3.004987276925275,-2.9106918308103973,-2.81639638469552,-2.7221009385806423,-2.6278054924657646,-2.5335100463508873,-2.4392146002360096,-2.344919154121132,-2.2506237080062546,-2.156328261891377,-2.062032815776499,-1.9677373696616216,-1.873441923546744,-1.7791464774318664,-1.6848510313169889,-1.5905555852021112,-1.4962601390872337,-1.4019646929723562,-1.3076692468574784,-1.213373800742601,-1.1190783546277232,-1.0247829085128457,-0.9304874623979682,-0.8361920162830905,-0.7418965701682132,-0.6476011240533355,-0.5533056779384578,-0.45901023182358003,-0.36471478570870275,-0.270419339593825,-0.1761238934789473,-0.08182844736407002,0.0124669987508077,0.10676244486568542,0.2010578909805627,0.2953533370954404,0.38964878321031815,0.48394422932519543,0.5782396754400732,0.6725351215549509,0.7668305676698286,0.8611260137847059,0.9554214598995836,1.0497169060144613,1.1440123521293386,1.2383077982442159,1.332603244359094,1.4268986904739713,1.5211941365888486,1.6154895827037268,1.709785028818604,1.8040804749334822,1.8983759210483595,1.9926713671632368,2.086966813278115,2.1812622593929922,2.2755577055078695,2.3698531516227477,2.464148597737625,2.5584440438525022,2.6527394899673804,2.7470349360822577,2.841330382197135,2.935625828312013,3.0299212744268904]},"val_loss":1.3673796042886528,"biases/layer_3":{"values":[3,0,0,0,3,0,0,2,2,3,1,1,3,1,4,0,2,0,1,0,0,1,0,1,2,0,2,0,0,3,2,0,1,2,1,1,0,0,0,0,2,1,1,0,1,0,0,0,0,2,2,2,1,0,0,2,0,2,1,4,0,0,0,1],"bins":[-0.9250494550087619,-0.8960803793680348,-0.8671113037273076,-0.8381422280865805,-0.8091731524458533,-0.7802040768051262,-0.751235001164399,-0.7222659255236719,-0.6932968498829447,-0.6643277742422176,-0.6353586986014903,-0.6063896229607633,-0.577420547320036,-0.548451471679309,-0.5194823960385817,-0.4905133203978546,-0.46154424475712746,-0.4325751691164003,-0.4036060934756731,-0.37463701783494596,-0.3456679421942188,-0.31669886655349166,-0.2877297909127645,-0.25876071527203737,-0.22979163963131022,-0.20082256399058307,-0.17185348834985592,-0.14288441270912877,-0.11391533706840162,-0.08494626142767447,-0.055977185786947325,-0.027008110146220177,0.001960965494506972,0.03093004113523412,0.05989911677596127,0.08886819241668842,0.11783726805741568,0.14680634369814272,0.17577541933886998,0.204744494979597,0.23371357062032427,0.2626826462610513,0.29165172190177857,0.3206207975425056,0.34958987318323287,0.3785589488239599,0.40752802446468717,0.4364971001054142,0.46546617574614146,0.4944352513868685,0.5234043270275958,0.5523734026683228,0.5813424783090501,0.6103115539497771,0.6392806295905044,0.6682497052312314,0.6972187808719587,0.7261878565126857,0.755156932153413,0.78412600779414,0.8130950834348672,0.8420641590755943,0.8710332347163215,0.9000023103570486,0.9289713859977758],"_type":"histogram"},"train_acc":0.408,"_runtime":58.1158159,"weights/layer_4":{"_type":"histogram","values":[4,1,5,0,2,1,1,1,0,0,1,4,4,2,6,12,25,31,28,31,46,63,83,89,85,113,177,192,243,260,289,289,294,280,251,227,182,135,127,70,74,87,60,44,29,31,28,31,19,12,7,2,4,1,0,1,2,0,2,2,0,2,0,4],"bins":[-0.782500254982987,-0.7580311015652844,-0.7335619481475818,-0.7090927947298793,-0.6846236413121767,-0.6601544878944741,-0.6356853344767714,-0.6112161810590688,-0.5867470276413662,-0.5622778742236636,-0.537808720805961,-0.5133395673882584,-0.48887041397055586,-0.46440126055285325,-0.43993210713515063,-0.41546295371744807,-0.39099380029974545,-0.36652464688204284,-0.3420554934643403,-0.31758634004663766,-0.29311718662893504,-0.26864803321123243,-0.2441788797935298,-0.2197097263758273,-0.1952405729581247,-0.17077141954042208,-0.14630226612271946,-0.12183311270501684,-0.09736395928731423,-0.07289480586961172,-0.04842565245190911,-0.02395649903420649,0.000512654383496125,0.02498180780119874,0.04945096121890136,0.07392011463660397,0.09838926805430648,0.1228584214720091,0.1473275748897117,0.17179672830741433,0.19626588172511694,0.22073503514281956,0.24520418856052217,0.2696733419782248,0.2941424953959274,0.3186116488136298,0.3430808022313324,0.36754995564903503,0.39201910906673765,0.41648826248444026,0.4409574159021429,0.4654265693198455,0.4898957227375481,0.5143648761552507,0.5388340295729533,0.563303182990656,0.5877723364083586,0.6122414898260612,0.6367106432437636,0.6611797966614662,0.6856489500791688,0.7101181034968714,0.734587256914574,0.7590564103322767,0.7835255637499793]},"epoch":15,"biases/layer_1":{"_type":"histogram","values":[1,1,2,5,2,3,4,0,2,1,6,1,2,1,0,0,0,0,0,0,0,0,0,0,0,0,0,0,0,0,0,0,0,0,0,0,0,0,0,0,0,0,0,0,0,0,0,0,0,0,0,0,4,2,0,1,0,0,8,1,6,3,4,4],"bins":[-0.9972475896642059,-0.9661947321214963,-0.9351418745787867,-0.9040890170360771,-0.8730361594933675,-0.841983301950658,-0.8109304444079484,-0.7798775868652388,-0.7488247293225292,-0.7177718717798196,-0.68671901423711,-0.6556661566944004,-0.6246132991516907,-0.5935604416089811,-0.5625075840662715,-0.531454726523562,-0.5004018689808524,-0.4693490114381428,-0.4382961538954332,-0.4072432963527236,-0.376190438810014,-0.3451375812673044,-0.31408472372459484,-0.28303186618188525,-0.25197900863917555,-0.22092615109646596,-0.18987329355375637,-0.15882043601104678,-0.1277675784683372,-0.0967147209256276,-0.06566186338291802,-0.03460900584020843,-0.00355614829749884,0.02749670924521075,0.05854956678792034,0.08960242433062993,0.12065528187333951,0.1517081394160491,0.1827609969587587,0.21381385450146828,0.24486671204417787,0.27591956958688746,0.30697242712959705,0.33802528467230664,0.3690781422150162,0.4001309997577258,0.4311838573004354,0.462236714843145,0.4932895723858548,0.5243424299285644,0.555395287471274,0.5864481450139836,0.6175010025566932,0.6485538600994027,0.6796067176421123,0.7106595751848219,0.7417124327275315,0.7727652902702411,0.8038181478129507,0.8348710053556603,0.8659238628983699,0.8969767204410795,0.928029577983789,0.9590824355264986,0.9901352930692081]},"biases/layer_0":{"values":[2,3,3,0,0,0,0,0,1,0,0,0,0,0,1,1,1,4,3,8,0,0,0,0,2,0,0,0,0,0,0,0,0,1,0,0,0,0,1,1,0,0,0,7,13,1,3,0,0,0,0,0,0,1,0,0,0,0,0,2,0,2,2,1],"bins":[-1.3021198825833689,-1.2611409883325668,-1.2201620940817648,-1.1791831998309628,-1.1382043055801607,-1.097225411329359,-1.0562465170785569,-1.0152676228277548,-0.9742887285769528,-0.9333098343261508,-0.8923309400753487,-0.8513520458245468,-0.8103731515737448,-0.7693942573229428,-0.7284153630721408,-0.6874364688213388,-0.6464575745705368,-0.6054786803197347,-0.5644997860689327,-0.5235208918181308,-0.48254199756732874,-0.4415631033165267,-0.4005842090657248,-0.35960531481492275,-0.3186264205641207,-0.2776475263133187,-0.23666863206251665,-0.19568973781171461,-0.1547108435609128,-0.11373194931011077,-0.07275305505930874,-0.0317741608085067,0.009204733442295332,0.050183627693097366,0.0911625219438994,0.13214141619470143,0.17312031044550347,0.21409920469630528,0.2550780989471073,0.29605699319790935,0.3370358874487114,0.3780147816995134,0.41899367595031545,0.4599725702011175,0.5009514644519193,0.5419303587027213,0.5829092529535234,0.6238881472043254,0.6648670414551274,0.7058459357059292,0.7468248299567315,0.7878037242075333,0.8287826184583356,0.8697615127091374,0.9107404069599396,0.9517193012107414,0.9926981954615433,1.0336770897123455,1.0746559839631473,1.1156348782139496,1.1566137724647514,1.1975926667155536,1.2385715609663555,1.2795504552171577,1.3205293494679597],"_type":"histogram"},"sample_predictions":{"height":28,"format":"png","count":10,