{"biases/layer_1":{"_type":"histogram","values":[10,6,1,4,4,2,2,1,0,2,3,2,1,3,2,1,1,2,2,2,0,0,0,0,0,0,0,0,0,1,2,2,1,0,1,1,1,0,1,2,1,1,1,0,0,1,0,0,1,1,0,2,1,1,0,0,2,18,9,19,87,26,16,6],"bins":[-5.117313693669317,-5.0431304308190725,-4.968947167968829,-4.894763905118585,-4.820580642268341,-4.746397379418097,-4.672214116567853,-4.598030853717609,-4.523847590867365,-4.449664328017121,-4.375481065166877,-4.3012978023166335,-4.227114539466389,-4.152931276616146,-4.078748013765901,-4.004564750915657,-3.9303814880654135,-3.856198225215169,-3.7820149623649253,-3.7078316995146814,-3.6336484366644375,-3.5594651738141936,-3.4852819109639492,-3.411098648113706,-3.3369153852634614,-3.2627321224132175,-3.1885488595629736,-3.1143655967127297,-3.040182333862486,-2.9659990710122415,-2.8918158081619976,-2.8176325453117537,-2.7434492824615098,-2.669266019611266,-2.595082756761022,-2.520899493910778,-2.4467162310605337,-2.37253296821029,-2.298349705360046,-2.224166442509802,-2.149983179659558,-2.075799916809314,-2.00161665395907,-1.927433391108826,-1.853250128258582,-1.7790668654083381,-1.7048836025580942,-1.6307003397078503,-1.556517076857606,-1.482333814007362,-1.4081505511571182,-1.3339672883068743,-1.2597840254566304,-1.1856007626063865,-1.1114174997561426,-1.0372342369058982,-0.9630509740556548,-0.8888677112054104,-0.8146844483551661,-0.7405011855049226,-0.6663179226546783,-0.5921346598044348,-0.5179513969541905,-0.443768134103947,-0.3695848712537029]},"biases/layer_0":{"values":[9,22,11,5,6,9,3,4,1,2,3,3,0,1,0,1,0,0,0,2,2,0,2,1,0,2,1,2,1,7,0,1,1,3,4,0,4,2,3,3,1,3,1,2,1,1,2,0,0,2,2,3,3,7,3,12,11,10,22,12,11,19,6,1],"bins":[-9.981480235121548,-9.819636314210149,-9.657792393298749,-9.495948472387349,-9.33410455147595,-9.17226063056455,-9.01041670965315,-8.84857278874175,-8.68672886783035,-8.52488494691895,-8.36304102600755,-8.201197105096151,-8.039353184184751,-7.877509263273351,-7.715665342361952,-7.553821421450552,-7.391977500539152,-7.230133579627752,-7.068289658716353,-6.906445737804953,-6.744601816893553,-6.582757895982153,-6.420913975070754,-6.259070054159354,-6.097226133247954,-5.935382212336554,-5.7735382914251545,-5.611694370513755,-5.449850449602355,-5.288006528690955,-5.1261626077795555,-4.964318686868156,-4.802474765956756,-4.640630845045356,-4.478786924133956,-4.316943003222557,-4.155099082311157,-3.993255161399757,-3.8314112404883574,-3.6695673195769576,-3.507723398665558,-3.345879477754158,-3.1840355568427583,-3.0221916359313585,-2.8603477150199588,-2.698503794108559,-2.5366598731971592,-2.3748159522857595,-2.2129720313743597,-2.05112811046296,-1.8892841895515602,-1.7274402686401604,-1.5655963477287607,-1.403752426817361,-1.2419085059059611,-1.0800645849945614,-0.9182206640831616,-0.7563767431717618,-0.5945328222603621,-0.4326889013489623,-0.27084498043756255,-0.10900105952616279,0.05284286138523697,0.21468678229663674,0.37653070320803644],"_type":"histogram"},"sample_predictions":{"width":28,"height":28,"format":"png","count":10,"filenames":["media/images/sample_predictions_27_d7c14b0231c5d431a2dc.png","media/images/sample_predictions_27_4fd40587ba77b5e6eb17.png","media/images/sample_predictions_27_60c6ea670dd694036792.png","media/images/sample_predictions_27_4a49b47fa63059036e18.png","media/images/sample_predictions_27_acf5a28bbfd99b4a0540.png","media/images/sample_predictions_27_361f476c74279a585603.png","media/images/sample_predictions_27_595dd54620faaa127431.png","media/images/sample_predictions_27_de04c9ce5d74bd94782a.png","media/images/sample_predictions_27_f55d897afb24b738e933.png","media/images/sample_predictions_27_b6f0a251e630595d77ed.png"],"captions":["True: 5, Pred: 5","True: 4, Pred: 4","True: 4, Pred: 4","True: 2, Pred: 2","True: 7, Pred: 7","True: 3, Pred: 3","True: 3, Pred: 3","True: 7, Pred: 7","True: 6, Pred: 6","True: 5, Pred: 5"],"_type":"images/separated"},"learning_rate":0.001,"weights/layer_1":{"bins":[-0.904075944225875,-0.8777784588153461,-0.8514809734048172,-0.8251834879942883,-0.7988860025837594,-0.7725885171732305,-0.7462910317627016,-0.7199935463521727,-0.6936960609416438,-0.6673985755311149,-0.641101090120586,-0.6148036047100571,-0.5885061192995281,-0.5622086338889992,-0.5359111484784703,-0.5096136630679414,-0.4833161776574125,-0.45701869224688363,-0.43072120683635473,-0.40442372142582583,-0.37812623601529693,-0.35182875060476804,-0.32553126519423914,-0.29923377978371024,-0.27293629437318123,-0.24663880896265233,-0.22034132355212344,-0.19404383814159454,-0.16774635273106564,-0.14144886732053674,-0.11515138191000784,-0.08885389649947895,-0.06255641108895005,-0.03625892567842115,-0.009961440267892252,0.016336045142636646,0.042633530553165544,0.06893101596369444,0.09522850137422334,0.12152598678475224,0.14782347219528114,0.17412095760581003,0.20041844301633893,0.22671592842686783,0.25301341383739673,0.2793108992479256,0.3056083846584545,0.3319058700689834,0.35820335547951254,0.38450084089004144,0.41079832630057034,0.43709581171109924,0.46339329712162813,0.48969078253215703,0.5159882679426859,0.5422857533532148,0.5685832387637437,0.5948807241742726,0.6211782095848015,0.6474756949953304,0.6737731804058593,0.7000706658163882,0.7263681512269171,0.752665636637446,0.7789631220479749],"_type":"histogram","values":[1,1,8,12,8,12,9,10,8,18,18,16,6,23,27,36,50,51,99,116,187,217,195,274,337,467,605,536,713,977,1369,1483,1870,4627,44707,1415,884,561,503,435,341,307,231,204,196,121,123,86,115,127,112,107,111,112,136,72,53,28,24,10,5,5,10,9]},"weights/layer_0":{"_type":"histogram","values":[2,1,0,1,1,2,0,2,3,5,6,3,8,17,14,18,27,31,44,44,62,107,127,206,242,352,513,708,1066,1539,2134,3076,4299,6483,9904,49340,95930,7484,5275,3667,2586,1809,1138,787,555,350,221,177,102,80,53,27,26,12,14,8,4,5,0,1,2,2,1,1],"bins":[-1.605898324099447,-1.5613595893102705,-1.516820854521094,-1.4722821197319176,-1.427743384942741,-1.3832046501535644,-1.3386659153643878,-1.2941271805752113,-1.249588445786035,-1.2050497109968583,-1.1605109762076817,-1.1159722414185054,-1.0714335066293286,-1.0268947718401522,-0.9823560370509756,-0.9378173022617992,-0.8932785674726226,-0.848739832683446,-0.8042010978942695,-0.7596623631050929,-0.7151236283159165,-0.6705848935267399,-0.6260461587375634,-0.5815074239483868,-0.5369686891592103,-0.4924299543700337,-0.4478912195808573,-0.40335248479168073,-0.35881375000250415,-0.31427501521332757,-0.2697362804241512,-0.22519754563497463,-0.18065881084579805,-0.13612007605662146,-0.09158134126744488,-0.04704260647826852,-0.002503871689091941,0.04203486310008464,0.08657359788926122,0.13111233267843758,0.17565106746761416,0.22018980225679075,0.2647285370459673,0.3092672718351439,0.35380600662432027,0.39834474141349707,0.44288347620267343,0.4874222109918498,0.5319609457810266,0.576499680570203,0.6210384153593798,0.6655771501485561,0.7101158849377325,0.7546546197269093,0.7991933545160856,0.843732089305262,0.8882708240944388,0.9328095588836152,0.977348293672792,1.0218870284619683,1.0664257632511447,1.1109644980403215,1.1555032328294979,1.2000419676186747,1.244580702407851]},"val_loss":0.4071827678327551,"_runtime":5029.7069227,