{"_timestamp":1.741520540516098e+09,"biases/layer_0":{"values":[1,0,0,0,0,1,0,0,1,2,0,1,0,2,1,3,0,0,3,2,2,4,43,4,4,0,2,4,4,3,1,2,2,5,4,4,4,5,0,2,2,2,3,2,2,0,0,0,0,0,0,0,0,0,0,0,0,0,0,0,0,0,0,1],"bins":[-0.4377802520834461,-0.4184745132448009,-0.39916877440615567,-0.37986303556751044,-0.3605572967288652,-0.34125155789022,-0.3219458190515748,-0.30264008021292954,-0.28333434137428437,-0.2640286025356391,-0.2447228636969939,-0.22541712485834867,-0.20611138601970347,-0.18680564718105824,-0.16749990834241302,-0.1481941695037678,-0.12888843066512257,-0.10958269182647734,-0.09027695298783212,-0.07097121414918689,-0.051665475310541664,-0.03235973647189644,-0.013053997633251213,0.0062517412053940125,0.025557480044039182,0.04486321888268441,0.06416895772132963,0.08347469655997491,0.10278043539862008,0.12208617423726537,0.14139191307591054,0.16069765191455582,0.180003390753201,0.19930912959184616,0.21861486843049144,0.2379206072691366,0.2572263461077819,0.27653208494642706,0.29583782378507234,0.3151435626237175,0.3344493014623628,0.35375504030100796,0.37306077913965324,0.3923665179782984,0.4116722568169437,0.43097799565558886,0.45028373449423414,0.4695894733328793,0.4888952121715245,0.5082009510101697,0.527506689848815,0.5468124286874603,0.5661181675261053,0.5854239063647506,0.6047296452033959,0.624035384042041,0.6433411228806862,0.6626468617193315,0.6819526005579768,0.7012583393966219,0.7205640782352671,0.7398698170739124,0.7591755559125577,0.7784812947512028,0.7977870335898481],"_type":"histogram"},"biases/layer_4":{"_type":"histogram","values":[1,1,0,0,0,1,0,0,0,0,0,0,0,0,0,0,0,0,0,0,0,0,0,1,2,0,0,0,0,1,0,0,0,0,0,1,0,0,0,0,0,0,0,0,0,0,0,1,0,0,0,0,0,0,0,0,0,0,0,0,0,0,0,1],"bins":[-0.39111007287238225,-0.3768502944537777,-0.36259051603517317,-0.34833073761656863,-0.33407095919796415,-0.3198111807793596,-0.30555140236075506,-0.2912916239421505,-0.277031845523546,-0.2627720671049415,-0.24851228868633696,-0.23425251026773242,-0.21999273184912788,-0.20573295343052336,-0.19147317501191882,-0.1772133965933143,-0.16295361817470977,-0.14869383975610523,-0.1344340613375007,-0.1201742829188962,-0.10591450450029166,-0.09165472608168712,-0.07739494766308258,-0.06313516924447804,-0.0488753908258735,-0.034615612407269014,-0.020355833988664473,-0.006096055570059933,0.008163722848544608,0.02242350126714915,0.036683279685753634,0.050943058104358174,0.06520283652296271,0.07946261494156726,0.0937223933601718,0.10798217177877628,0.12224195019738088,0.13650172861598536,0.15076150703458985,0.16502128545319444,0.17928106387179893,0.19354084229040353,0.207800620709008,0.2220603991276125,0.2363201775462171,0.2505799559648216,0.2648397343834262,0.27909951280203066,0.29335929122063525,0.30761906963923974,0.3218788480578442,0.3361386264764488,0.3503984048950533,0.3646581833136579,0.3789179617322624,0.3931777401508669,0.40743751856947147,0.42169729698807595,0.43595707540668055,0.45021685382528503,0.4644766322438895,0.4787364106624941,0.4929961890810986,0.5072559674997033,0.5215157459183077]},"train_loss":0.34462877819593435,"weights/layer_0":{"_type":"histogram","values":[2,1,2,2,0,3,3,1,3,5,11,13,12,27,32,52,62,74,105,139,168,189,259,373,440,584,707,913,1209,1473,1899,2502,3425,4637,6269,8622,34681,10396,5562,4423,3226,2325,1614,1107,767,587,411,286,192,132,135,70,60,48,34,23,13,14,13,3,6,3,2,1],"bins":[-1.1249915296329085,-1.0943436612539064,-1.063695792874904,-1.0330479244959019,-1.0024000561168995,-0.9717521877378974,-0.941104319358895,-0.9104564509798929,-0.8798085826008907,-0.8491607142218884,-0.8185128458428862,-0.787864977463884,-0.7572171090848817,-0.7265692407058795,-0.6959213723268773,-0.665273503947875,-0.6346256355688729,-0.6039777671898706,-0.5733298988108684,-0.5426820304318661,-0.5120341620528639,-0.48138629367386165,-0.4507384252948594,-0.42009055691585717,-0.38944268853685493,-0.3587948201578527,-0.32814695177885045,-0.2974990833998483,-0.2668512150208461,-0.23620334664184384,-0.2055554782628416,-0.17490760988383935,-0.1442597415048371,-0.11361187312583487,-0.08296400474683274,-0.05231613636783039,-0.02166826798882826,0.008979600390174092,0.03962746876917622,0.07027533714817857,0.1009232055271807,0.13157107390618306,0.16221894228518519,0.19286681066418732,0.22351467904318967,0.2541625474221918,0.28481041580119415,0.3154582841801963,0.34610615255919863,0.37675402093820076,0.4074018893172031,0.43804975769620524,0.4686976260752076,0.4993454944542097,0.5299933628332119,0.5606412312122142,0.5912890995912163,0.6219369679702187,0.6525848363492208,0.6832327047282232,0.7138805731072253,0.7445284414862277,0.7751763098652298,0.8058241782442321,0.8364720466232343]},"biases/layer_2":{"bins":[-0.13090679924499682,-0.12144306837965013,-0.11197933751430345,-0.10251560664895676,-0.09305187578361007,-0.08358814491826339,-0.07412441405291668,-0.06466068318757,-0.05519695232222331,-0.045733221456876624,-0.03626949059152994,-0.02680575972618325,-0.01734202886083655,-0.007878297995489864,0.0015854328698568232,0.01104916373520351,0.020512894600550197,0.029976625465896883,0.03944035633124357,0.04890408719659026,0.058367818061936944,0.06783154892728363,0.07729527979263032,0.086759010657977,0.09622274152332372,0.1056864723886704,0.11515020325401709,0.12461393411936378,0.13407766498471047,0.14354139585005715,0.15300512671540384,0.16246885758075053,0.1719325884460972,0.1813963193114439,0.19086005017679059,0.20032378104213727,0.20978751190748396,0.21925124277283065,0.22871497363817733,0.23817870450352402,0.2476424353688707,0.2571061662342174,0.2665698970995641,0.27603362796491077,0.28549735883025745,0.29496108969560414,0.3044248205609508,0.3138885514262975,0.32335228229164426,0.33281601315699094,0.34227974402233763,0.3517434748876843,0.361207205753031,0.3706709366183777,0.3801346674837244,0.38959839834907106,0.39906212921441775,0.40852586007976444,0.4179895909451111,0.4274533218104578,0.4369170526758045,0.4463807835411512,0.45584451440649787,0.46530824527184456,0.47477197613719124],"_type":"histogram","values":[1,1,1,0,5,3,4,5,6,20,8,7,5,2,2,1,4,0,0,2,1,2,2,0,1,1,4,1,2,1,1,0,3,2,2,3,2,2,0,3,0,2,0,0,1,1,3,4,1,0,0,1,2,1,0,1,0,0,0,0,0,0,0,1]},"_runtime":106.663421,"weights/layer_2":{"bins":[-0.8565844942836467,-0.829023290147536,-0.8014620860114253,-0.7739008818753146,-0.7463396777392038,-0.7187784736030931,-0.6912172694669825,-0.6636560653308717,-0.636094861194761,-0.6085336570586504,-0.5809724529225396,-0.5534112487864289,-0.5258500446503183,-0.49828884051420747,-0.4707276363780968,-0.44316643224198604,-0.41560522810587536,-0.3880440239697647,-0.36048281983365393,-0.3329216156975432,-0.30536041156143257,-0.2777992074253218,-0.2502380032892111,-0.22267679915310035,-0.19511559501698972,-0.16755439088087898,-0.13999318674476824,-0.11243198260865761,-0.08487077847254687,-0.05730957433643613,-0.02974837020032539,-0.002187166064214763,0.025374038071895977,0.052935242208006716,0.08049644634411735,0.10805765048022808,0.13561885461633882,0.16318005875244945,0.1907412628885603,0.21830246702467093,0.24586367116078156,0.2734248752968924,0.30098607943300304,0.32854728356911367,0.3561084877052245,0.38366969184133515,0.411230895977446,0.4387921001135566,0.46635330424966726,0.4939145083857781,0.5214757125218887,0.5490369166579994,0.5765981207941102,0.6041593249302208,0.6317205290663315,0.6592817332024423,0.686842937338553,0.7144041414746636,0.7419653456107744,0.7695265497468851,0.7970877538829959,0.8246489580191065,0.8522101621552172,0.879771366291328,0.9073325704274386],"_type":"histogram","values":[1,0,0,2,0,0,0,1,2,2,3,1,9,6,7,11,22,13,27,38,53,55,62,84,123,178,257,419,763,2140,4782,4135,1432,663,394,270,154,106,61,38,21,11,6,9,2,6,1,2,3,1,0,2,0,0,1,0,2,0,1,0,1,0,0,1]},"learning_rate":0.001,"_wandb":{"runtime":106},"confusion_matrix_table":{"artifact_path":"wandb-client-artifact://0mp7o1p2oqg4j891kb7054x4lu6duxrdlk2p2fjus2zhiiofyel0ethlx1rgnnmmy0m0pu5te6g3gzahqly6djm48i6hrv0qxn4hiywidoijdcy2witt5zqzdmiysmom/confusion_matrix_table.table.json",